ISO-10303-21;
HEADER;
/* Generated by software containing ST-Developer
 * from STEP Tools, Inc. (www.steptools.com) 
 */
/* OPTION: using custom schema-name function */

FILE_DESCRIPTION(
/* description */ (''),
/* implementation_level */ '2;1');

FILE_NAME(
/* name */ 'E23) 110982-02723 DOOR,SIDE;LH FRT.stp',
/* time_stamp */ '2026-09-04T09:27:15+09:00',
/* author */ (''),
/* organization */ (''),
/* preprocessor_version */ 'ST-DEVELOPER v16.7',
/* originating_system */ 'SIEMENS PLM Software NX 12.0',
/* authorisation */ '');

FILE_SCHEMA (('AUTOMOTIVE_DESIGN { 1 0 10303 214 3 1 1 1 }'));
ENDSEC;

DATA;
#10=SHAPE_REPRESENTATION_RELATIONSHIP('None',
'relationship between E23) 110982-02723 DOOR,SIDE;LH FRT-None and E23)
 110982-02723 DOOR,SIDE;LH FRT-None',#22,#11);
#11=ADVANCED_BREP_SHAPE_REPRESENTATION(
'E23) 110982-02723 DOOR,SIDE;LH FRT-None',(#32),#8960);
#12=SHAPE_DEFINITION_REPRESENTATION(#13,#22);
#13=PRODUCT_DEFINITION_SHAPE('','',#14);
#14=PRODUCT_DEFINITION(' ','',#16,#15);
#15=PRODUCT_DEFINITION_CONTEXT('part definition',#21,'design');
#16=PRODUCT_DEFINITION_FORMATION_WITH_SPECIFIED_SOURCE(' ',' ',#18,
 .NOT_KNOWN.);
#17=PRODUCT_RELATED_PRODUCT_CATEGORY('part','',(#18));
#18=PRODUCT('E23) 110982-02723 DOOR,SIDE;LH FRT',
'E23) 110982-02723 DOOR,SIDE;LH FRT',' ',(#19));
#19=PRODUCT_CONTEXT(' ',#21,'mechanical');
#20=APPLICATION_PROTOCOL_DEFINITION('international standard',
'automotive_design',2010,#21);
#21=APPLICATION_CONTEXT(
'core data for automotive mechanical design processes');
#22=SHAPE_REPRESENTATION('E23) 110982-02723 DOOR,SIDE;LH FRT-None',(#1751),
#8960);
#23=PRESENTATION_LAYER_ASSIGNMENT('1','Layer 1',(#32));
#24=STYLED_ITEM('',(#25),#32);
#25=PRESENTATION_STYLE_ASSIGNMENT((#26));
#26=SURFACE_STYLE_USAGE(.BOTH.,#27);
#27=SURFACE_SIDE_STYLE('',(#28));
#28=SURFACE_STYLE_FILL_AREA(#29);
#29=FILL_AREA_STYLE('',(#30));
#30=FILL_AREA_STYLE_COLOUR('',#31);
#31=COLOUR_RGB('\X2\C911AC04\X0\ \X2\AC15CCA0C0C9\X0\',0.596063172350652,
0.666666666666667,0.686259250782025);
#32=MANIFOLD_SOLID_BREP('(0010.01) 01',#33);
#33=CLOSED_SHELL('',(#284,#285,#286,#287,#288,#289,#290,#291,#292,#293,
#294,#295,#296,#297,#298,#299,#300,#301,#302,#303,#304,#305,#306,#307,#308,
#309,#310,#311,#312,#313,#314,#315,#316,#317,#318,#319,#320,#321,#322,#323,
#324,#325,#326,#327,#328,#329,#330,#331,#332,#333,#334,#335,#336,#337,#338,
#339,#340,#341,#342,#343,#344,#345,#346,#347,#348,#349,#350,#351,#352,#353,
#354,#355,#356,#357,#358,#359,#360,#361,#362,#363,#364,#365,#366,#367,#368,
#369,#370,#371,#372,#373,#374,#375,#376,#377,#378,#379,#380));
#34=FACE_BOUND('',#546,.T.);
#35=FACE_BOUND('',#547,.T.);
#36=FACE_BOUND('',#548,.T.);
#37=FACE_BOUND('',#549,.T.);
#38=FACE_BOUND('',#550,.T.);
#39=FACE_BOUND('',#551,.T.);
#40=FACE_BOUND('',#614,.T.);
#41=FACE_BOUND('',#615,.T.);
#42=FACE_BOUND('',#616,.T.);
#43=FACE_BOUND('',#617,.T.);
#44=FACE_BOUND('',#618,.T.);
#45=FACE_BOUND('',#619,.T.);
#46=SPHERICAL_SURFACE('',#1781,3.80000000111);
#47=SPHERICAL_SURFACE('',#1782,3.80000000102);
#48=SPHERICAL_SURFACE('',#1803,5.00000000049);
#49=SPHERICAL_SURFACE('',#1806,5.);
#50=CYLINDRICAL_SURFACE('',#1758,3.8);
#51=CYLINDRICAL_SURFACE('',#1761,3.8);
#52=CYLINDRICAL_SURFACE('',#1764,3.8);
#53=CYLINDRICAL_SURFACE('',#1772,5.);
#54=CYLINDRICAL_SURFACE('',#1775,5.);
#55=CYLINDRICAL_SURFACE('',#1780,5.);
#56=CYLINDRICAL_SURFACE('',#1788,3.8);
#57=CYLINDRICAL_SURFACE('',#1793,5.);
#58=CYLINDRICAL_SURFACE('',#1795,5.);
#59=CYLINDRICAL_SURFACE('',#1801,5.);
#60=CYLINDRICAL_SURFACE('',#1805,5.);
#61=CYLINDRICAL_SURFACE('',#1807,5.);
#62=CYLINDRICAL_SURFACE('',#1808,8.);
#63=CYLINDRICAL_SURFACE('',#1810,8.);
#64=CYLINDRICAL_SURFACE('',#1811,5.);
#65=CYLINDRICAL_SURFACE('',#1812,15.);
#66=CYLINDRICAL_SURFACE('',#1813,5.);
#67=CYLINDRICAL_SURFACE('',#1815,8.);
#68=CYLINDRICAL_SURFACE('',#1817,8.);
#69=CYLINDRICAL_SURFACE('',#1819,5.);
#70=CYLINDRICAL_SURFACE('',#1820,10.);
#71=CYLINDRICAL_SURFACE('',#1821,5.);
#72=CYLINDRICAL_SURFACE('',#1822,5.);
#73=CYLINDRICAL_SURFACE('',#1823,5.);
#74=CYLINDRICAL_SURFACE('',#1824,5.);
#75=CYLINDRICAL_SURFACE('',#1825,5.);
#76=CYLINDRICAL_SURFACE('',#1826,5.);
#77=CYLINDRICAL_SURFACE('',#1827,5.);
#78=CYLINDRICAL_SURFACE('',#1828,5.);
#79=CYLINDRICAL_SURFACE('',#1829,5.);
#80=CYLINDRICAL_SURFACE('',#1831,5.);
#81=CYLINDRICAL_SURFACE('',#1833,5.);
#82=CYLINDRICAL_SURFACE('',#1834,3.8);
#83=CYLINDRICAL_SURFACE('',#1837,5.);
#84=CIRCLE('',#1753,3.8);
#85=CIRCLE('',#1754,5.);
#86=CIRCLE('',#1755,5.);
#87=CIRCLE('',#1757,3.8);
#88=CIRCLE('',#1759,3.8);
#89=CIRCLE('',#1760,3.8);
#90=CIRCLE('',#1762,3.8);
#91=CIRCLE('',#1763,3.8);
#92=CIRCLE('',#1765,5.);
#93=CIRCLE('',#1766,5.);
#94=CIRCLE('',#1767,5.);
#95=CIRCLE('',#1769,5.);
#96=CIRCLE('',#1771,5.);
#97=CIRCLE('',#1774,5.);
#98=CIRCLE('',#1776,5.);
#99=CIRCLE('',#1777,5.);
#100=CIRCLE('',#1778,5.);
#101=CIRCLE('',#1783,5.);
#102=CIRCLE('',#1784,5.);
#103=CIRCLE('',#1785,5.);
#104=CIRCLE('',#1787,3.8);
#105=CIRCLE('',#1789,5.);
#106=CIRCLE('',#1790,5.);
#107=CIRCLE('',#1791,3.8);
#108=CIRCLE('',#1797,5.);
#109=CIRCLE('',#1798,5.);
#110=CIRCLE('',#1799,5.);
#111=CIRCLE('',#1802,5.00000000049);
#112=CIRCLE('',#1804,5.);
#113=PLANE('',#1752);
#114=PLANE('',#1756);
#115=PLANE('',#1768);
#116=PLANE('',#1770);
#117=PLANE('',#1773);
#118=PLANE('',#1779);
#119=PLANE('',#1786);
#120=PLANE('',#1792);
#121=PLANE('',#1794);
#122=PLANE('',#1796);
#123=PLANE('',#1800);
#124=PLANE('',#1809);
#125=PLANE('',#1814);
#126=PLANE('',#1816);
#127=PLANE('',#1818);
#128=PLANE('',#1830);
#129=PLANE('',#1832);
#130=PLANE('',#1835);
#131=PLANE('',#1836);
#132=LINE('',#4030,#208);
#133=LINE('',#4033,#209);
#134=LINE('',#4035,#210);
#135=LINE('',#4037,#211);
#136=LINE('',#4039,#212);
#137=LINE('',#4043,#213);
#138=LINE('',#4047,#214);
#139=LINE('',#4051,#215);
#140=LINE('',#4053,#216);
#141=LINE('',#4055,#217);
#142=LINE('',#4059,#218);
#143=LINE('',#4069,#219);
#144=LINE('',#4071,#220);
#145=LINE('',#4076,#221);
#146=LINE('',#4080,#222);
#147=LINE('',#4082,#223);
#148=LINE('',#4176,#224);
#149=LINE('',#4180,#225);
#150=LINE('',#4182,#226);
#151=LINE('',#4184,#227);
#152=LINE('',#4188,#228);
#153=LINE('',#4190,#229);
#154=LINE('',#4192,#230);
#155=LINE('',#4196,#231);
#156=LINE('',#4276,#232);
#157=LINE('',#4278,#233);
#158=LINE('',#4282,#234);
#159=LINE('',#4286,#235);
#160=LINE('',#4288,#236);
#161=LINE('',#4616,#237);
#162=LINE('',#4618,#238);
#163=LINE('',#4622,#239);
#164=LINE('',#4626,#240);
#165=LINE('',#5634,#241);
#166=LINE('',#5638,#242);
#167=LINE('',#5642,#243);
#168=LINE('',#5644,#244);
#169=LINE('',#5647,#245);
#170=LINE('',#5648,#246);
#171=LINE('',#5650,#247);
#172=LINE('',#5652,#248);
#173=LINE('',#5654,#249);
#174=LINE('',#5659,#250);
#175=LINE('',#5663,#251);
#176=LINE('',#5666,#252);
#177=LINE('',#5756,#253);
#178=LINE('',#5772,#254);
#179=LINE('',#6481,#255);
#180=LINE('',#6708,#256);
#181=LINE('',#6717,#257);
#182=LINE('',#6724,#258);
#183=LINE('',#6726,#259);
#184=LINE('',#6740,#260);
#185=LINE('',#6742,#261);
#186=LINE('',#6754,#262);
#187=LINE('',#6756,#263);
#188=LINE('',#6758,#264);
#189=LINE('',#6767,#265);
#190=LINE('',#6774,#266);
#191=LINE('',#6783,#267);
#192=LINE('',#6785,#268);
#193=LINE('',#6787,#269);
#194=LINE('',#6794,#270);
#195=LINE('',#6796,#271);
#196=LINE('',#6810,#272);
#197=LINE('',#6823,#273);
#198=LINE('',#6836,#274);
#199=LINE('',#6849,#275);
#200=LINE('',#6862,#276);
#201=LINE('',#6875,#277);
#202=LINE('',#6888,#278);
#203=LINE('',#6901,#279);
#204=LINE('',#6914,#280);
#205=LINE('',#6916,#281);
#206=LINE('',#6918,#282);
#207=LINE('',#6928,#283);
#208=VECTOR('',#1840,1.);
#209=VECTOR('',#1841,1.);
#210=VECTOR('',#1842,1.);
#211=VECTOR('',#1843,1.);
#212=VECTOR('',#1846,1.);
#213=VECTOR('',#1849,1.);
#214=VECTOR('',#1852,1.);
#215=VECTOR('',#1855,1.);
#216=VECTOR('',#1856,1.);
#217=VECTOR('',#1859,1.);
#218=VECTOR('',#1864,1.);
#219=VECTOR('',#1875,1.);
#220=VECTOR('',#1878,1.);
#221=VECTOR('',#1881,1.);
#222=VECTOR('',#1884,1.);
#223=VECTOR('',#1885,1.);
#224=VECTOR('',#1890,1.);
#225=VECTOR('',#1893,1.);
#226=VECTOR('',#1894,1.);
#227=VECTOR('',#1897,1.);
#228=VECTOR('',#1900,1.);
#229=VECTOR('',#1903,1.);
#230=VECTOR('',#1904,1.);
#231=VECTOR('',#1909,1.);
#232=VECTOR('',#1914,1.);
#233=VECTOR('',#1915,1.);
#234=VECTOR('',#1918,1.);
#235=VECTOR('',#1921,1.);
#236=VECTOR('',#1924,1.);
#237=VECTOR('',#1931,1.);
#238=VECTOR('',#1932,1.);
#239=VECTOR('',#1935,1.);
#240=VECTOR('',#1938,1.);
#241=VECTOR('',#1945,1.);
#242=VECTOR('',#1950,1.);
#243=VECTOR('',#1953,1.);
#244=VECTOR('',#1954,1.);
#245=VECTOR('',#1957,1.);
#246=VECTOR('',#1958,1.);
#247=VECTOR('',#1961,1.);
#248=VECTOR('',#1964,1.);
#249=VECTOR('',#1967,1.);
#250=VECTOR('',#1974,1.);
#251=VECTOR('',#1977,1.);
#252=VECTOR('',#1980,1.);
#253=VECTOR('',#1983,1.);
#254=VECTOR('',#1992,1.);
#255=VECTOR('',#1997,1.);
#256=VECTOR('',#2000,1.);
#257=VECTOR('',#2001,1.);
#258=VECTOR('',#2004,1.);
#259=VECTOR('',#2007,1.);
#260=VECTOR('',#2010,1.);
#261=VECTOR('',#2013,1.);
#262=VECTOR('',#2016,1.);
#263=VECTOR('',#2019,1.);
#264=VECTOR('',#2020,1.);
#265=VECTOR('',#2023,1.);
#266=VECTOR('',#2026,1.);
#267=VECTOR('',#2029,1.);
#268=VECTOR('',#2032,1.);
#269=VECTOR('',#2033,1.);
#270=VECTOR('',#2036,1.);
#271=VECTOR('',#2039,1.);
#272=VECTOR('',#2044,1.);
#273=VECTOR('',#2045,1.);
#274=VECTOR('',#2050,1.);
#275=VECTOR('',#2051,1.);
#276=VECTOR('',#2056,1.);
#277=VECTOR('',#2057,1.);
#278=VECTOR('',#2062,1.);
#279=VECTOR('',#2063,1.);
#280=VECTOR('',#2068,1.);
#281=VECTOR('',#2071,1.);
#282=VECTOR('',#2074,1.);
#283=VECTOR('',#2079,1.);
#284=ADVANCED_FACE('(0010.01) 01',(#421),#381,.T.);
#285=ADVANCED_FACE('(0010.01) 01',(#422),#382,.T.);
#286=ADVANCED_FACE('(0010.01) 01',(#423),#383,.T.);
#287=ADVANCED_FACE('(0010.01) 01',(#424),#384,.T.);
#288=ADVANCED_FACE('(0010.01) 01',(#425),#385,.T.);
#289=ADVANCED_FACE('(0010.01) 01',(#426),#386,.T.);
#290=ADVANCED_FACE('(0010.01) 01',(#427),#387,.T.);
#291=ADVANCED_FACE('(0010.01) 01',(#428),#388,.T.);
#292=ADVANCED_FACE('(0010.01) 01',(#429),#389,.T.);
#293=ADVANCED_FACE('(0010.01) 01',(#430),#390,.T.);
#294=ADVANCED_FACE('(0010.01) 01',(#431),#391,.T.);
#295=ADVANCED_FACE('(0010.01) 01',(#432),#392,.T.);
#296=ADVANCED_FACE('(0010.01) 01',(#433),#393,.T.);
#297=ADVANCED_FACE('(0010.01) 01',(#434),#394,.T.);
#298=ADVANCED_FACE('(0010.01) 01',(#435),#395,.T.);
#299=ADVANCED_FACE('(0010.01) 01',(#436),#396,.T.);
#300=ADVANCED_FACE('(0010.01) 01',(#437),#113,.T.);
#301=ADVANCED_FACE('(0010.01) 01',(#438),#114,.T.);
#302=ADVANCED_FACE('(0010.01) 01',(#439),#50,.F.);
#303=ADVANCED_FACE('(0010.01) 01',(#440),#51,.F.);
#304=ADVANCED_FACE('(0010.01) 01',(#441),#52,.F.);
#305=ADVANCED_FACE('(0010.01) 01',(#442),#115,.F.);
#306=ADVANCED_FACE('(0010.01) 01',(#443),#116,.T.);
#307=ADVANCED_FACE('(0010.01) 01',(#444),#53,.T.);
#308=ADVANCED_FACE('(0010.01) 01',(#445),#117,.T.);
#309=ADVANCED_FACE('(0010.01) 01',(#446),#54,.T.);
#310=ADVANCED_FACE('(0010.01) 01',(#447),#118,.T.);
#311=ADVANCED_FACE('(0010.01) 01',(#448),#55,.F.);
#312=ADVANCED_FACE('(0010.01) 01',(#449),#46,.F.);
#313=ADVANCED_FACE('(0010.01) 01',(#450),#47,.F.);
#314=ADVANCED_FACE('(0010.01) 01',(#34,#35,#36,#37,#38,#39),#397,.T.);
#315=ADVANCED_FACE('(0010.01) 01',(#451),#119,.F.);
#316=ADVANCED_FACE('(0010.01) 01',(#452),#398,.F.);
#317=ADVANCED_FACE('(0010.01) 01',(#453),#399,.T.);
#318=ADVANCED_FACE('(0010.01) 01',(#454),#400,.T.);
#319=ADVANCED_FACE('(0010.01) 01',(#455),#401,.T.);
#320=ADVANCED_FACE('(0010.01) 01',(#456),#56,.F.);
#321=ADVANCED_FACE('(0010.01) 01',(#457),#120,.T.);
#322=ADVANCED_FACE('(0010.01) 01',(#458),#57,.T.);
#323=ADVANCED_FACE('(0010.01) 01',(#459),#121,.T.);
#324=ADVANCED_FACE('(0010.01) 01',(#460),#58,.F.);
#325=ADVANCED_FACE('(0010.01) 01',(#461),#122,.T.);
#326=ADVANCED_FACE('(0010.01) 01',(#462),#123,.T.);
#327=ADVANCED_FACE('(0010.01) 01',(#463),#59,.F.);
#328=ADVANCED_FACE('(0010.01) 01',(#464),#48,.T.);
#329=ADVANCED_FACE('(0010.01) 01',(#465),#60,.T.);
#330=ADVANCED_FACE('(0010.01) 01',(#466),#49,.T.);
#331=ADVANCED_FACE('(0010.01) 01',(#467),#402,.T.);
#332=ADVANCED_FACE('(0010.01) 01',(#468),#403,.F.);
#333=ADVANCED_FACE('(0010.01) 01',(#469),#404,.F.);
#334=ADVANCED_FACE('(0010.01) 01',(#470),#405,.F.);
#335=ADVANCED_FACE('(0010.01) 01',(#471),#61,.T.);
#336=ADVANCED_FACE('(0010.01) 01',(#472),#406,.F.);
#337=ADVANCED_FACE('(0010.01) 01',(#473),#407,.F.);
#338=ADVANCED_FACE('(0010.01) 01',(#474),#62,.F.);
#339=ADVANCED_FACE('(0010.01) 01',(#475),#124,.F.);
#340=ADVANCED_FACE('(0010.01) 01',(#476),#63,.F.);
#341=ADVANCED_FACE('(0010.01) 01',(#477),#64,.T.);
#342=ADVANCED_FACE('(0010.01) 01',(#478),#65,.F.);
#343=ADVANCED_FACE('(0010.01) 01',(#479),#66,.T.);
#344=ADVANCED_FACE('(0010.01) 01',(#480),#125,.T.);
#345=ADVANCED_FACE('(0010.01) 01',(#481),#67,.F.);
#346=ADVANCED_FACE('(0010.01) 01',(#482),#126,.F.);
#347=ADVANCED_FACE('(0010.01) 01',(#483),#68,.F.);
#348=ADVANCED_FACE('(0010.01) 01',(#484),#127,.T.);
#349=ADVANCED_FACE('(0010.01) 01',(#485),#69,.T.);
#350=ADVANCED_FACE('(0010.01) 01',(#486),#70,.F.);
#351=ADVANCED_FACE('(0010.01) 01',(#487),#71,.T.);
#352=ADVANCED_FACE('(0010.01) 01',(#488),#72,.F.);
#353=ADVANCED_FACE('(0010.01) 01',(#489),#73,.F.);
#354=ADVANCED_FACE('(0010.01) 01',(#490),#74,.F.);
#355=ADVANCED_FACE('(0010.01) 01',(#491),#75,.F.);
#356=ADVANCED_FACE('(0010.01) 01',(#492),#76,.F.);
#357=ADVANCED_FACE('(0010.01) 01',(#493),#77,.F.);
#358=ADVANCED_FACE('(0010.01) 01',(#494),#78,.F.);
#359=ADVANCED_FACE('(0010.01) 01',(#495),#79,.F.);
#360=ADVANCED_FACE('(0010.01) 01',(#496),#128,.T.);
#361=ADVANCED_FACE('(0010.01) 01',(#497),#80,.F.);
#362=ADVANCED_FACE('(0010.01) 01',(#498),#129,.T.);
#363=ADVANCED_FACE('(0010.01) 01',(#499),#81,.T.);
#364=ADVANCED_FACE('(0010.01) 01',(#500),#82,.F.);
#365=ADVANCED_FACE('(0010.01) 01',(#501),#408,.T.);
#366=ADVANCED_FACE('(0010.01) 01',(#502),#409,.T.);
#367=ADVANCED_FACE('(0010.01) 01',(#503),#410,.T.);
#368=ADVANCED_FACE('(0010.01) 01',(#504),#411,.F.);
#369=ADVANCED_FACE('(0010.01) 01',(#505),#412,.F.);
#370=ADVANCED_FACE('(0010.01) 01',(#506),#130,.T.);
#371=ADVANCED_FACE('(0010.01) 01',(#507),#131,.F.);
#372=ADVANCED_FACE('(0010.01) 01',(#508),#83,.T.);
#373=ADVANCED_FACE('(0010.01) 01',(#509),#413,.F.);
#374=ADVANCED_FACE('(0010.01) 01',(#510),#414,.F.);
#375=ADVANCED_FACE('(0010.01) 01',(#511),#415,.F.);
#376=ADVANCED_FACE('(0010.01) 01',(#512),#416,.T.);
#377=ADVANCED_FACE('(0010.01) 01',(#40,#41,#42,#43,#44,#45),#417,.F.);
#378=ADVANCED_FACE('(0010.01) 01',(#513),#418,.T.);
#379=ADVANCED_FACE('(0010.01) 01',(#514),#419,.T.);
#380=ADVANCED_FACE('(0010.01) 01',(#515),#420,.T.);
#381=B_SPLINE_SURFACE_WITH_KNOTS('',5,2,((#2110,#2111,#2112,#2113,#2114),
(#2115,#2116,#2117,#2118,#2119),(#2120,#2121,#2122,#2123,#2124),(#2125,
#2126,#2127,#2128,#2129),(#2130,#2131,#2132,#2133,#2134),(#2135,#2136,#2137,
#2138,#2139),(#2140,#2141,#2142,#2143,#2144),(#2145,#2146,#2147,#2148,#2149),
(#2150,#2151,#2152,#2153,#2154),(#2155,#2156,#2157,#2158,#2159),(#2160,
#2161,#2162,#2163,#2164),(#2165,#2166,#2167,#2168,#2169),(#2170,#2171,#2172,
#2173,#2174),(#2175,#2176,#2177,#2178,#2179),(#2180,#2181,#2182,#2183,#2184),
(#2185,#2186,#2187,#2188,#2189),(#2190,#2191,#2192,#2193,#2194),(#2195,
#2196,#2197,#2198,#2199)),.UNSPECIFIED.,.F.,.F.,.F.,(6,3,3,3,3,6),(3,2,
3),(0.,0.320207399838847,0.480311099757605,0.640414799677028,0.820207399838847,
1.),(0.,0.0099009900990099,1.),.UNSPECIFIED.);
#382=B_SPLINE_SURFACE_WITH_KNOTS('',5,4,((#2236,#2237,#2238,#2239,#2240,
#2241,#2242,#2243,#2244),(#2245,#2246,#2247,#2248,#2249,#2250,#2251,#2252,
#2253),(#2254,#2255,#2256,#2257,#2258,#2259,#2260,#2261,#2262),(#2263,#2264,
#2265,#2266,#2267,#2268,#2269,#2270,#2271),(#2272,#2273,#2274,#2275,#2276,
#2277,#2278,#2279,#2280),(#2281,#2282,#2283,#2284,#2285,#2286,#2287,#2288,
#2289),(#2290,#2291,#2292,#2293,#2294,#2295,#2296,#2297,#2298),(#2299,#2300,
#2301,#2302,#2303,#2304,#2305,#2306,#2307),(#2308,#2309,#2310,#2311,#2312,
#2313,#2314,#2315,#2316),(#2317,#2318,#2319,#2320,#2321,#2322,#2323,#2324,
#2325),(#2326,#2327,#2328,#2329,#2330,#2331,#2332,#2333,#2334),(#2335,#2336,
#2337,#2338,#2339,#2340,#2341,#2342,#2343),(#2344,#2345,#2346,#2347,#2348,
#2349,#2350,#2351,#2352),(#2353,#2354,#2355,#2356,#2357,#2358,#2359,#2360,
#2361),(#2362,#2363,#2364,#2365,#2366,#2367,#2368,#2369,#2370),(#2371,#2372,
#2373,#2374,#2375,#2376,#2377,#2378,#2379),(#2380,#2381,#2382,#2383,#2384,
#2385,#2386,#2387,#2388),(#2389,#2390,#2391,#2392,#2393,#2394,#2395,#2396,
#2397),(#2398,#2399,#2400,#2401,#2402,#2403,#2404,#2405,#2406),(#2407,#2408,
#2409,#2410,#2411,#2412,#2413,#2414,#2415),(#2416,#2417,#2418,#2419,#2420,
#2421,#2422,#2423,#2424),(#2425,#2426,#2427,#2428,#2429,#2430,#2431,#2432,
#2433),(#2434,#2435,#2436,#2437,#2438,#2439,#2440,#2441,#2442),(#2443,#2444,
#2445,#2446,#2447,#2448,#2449,#2450,#2451),(#2452,#2453,#2454,#2455,#2456,
#2457,#2458,#2459,#2460),(#2461,#2462,#2463,#2464,#2465,#2466,#2467,#2468,
#2469),(#2470,#2471,#2472,#2473,#2474,#2475,#2476,#2477,#2478),(#2479,#2480,
#2481,#2482,#2483,#2484,#2485,#2486,#2487),(#2488,#2489,#2490,#2491,#2492,
#2493,#2494,#2495,#2496),(#2497,#2498,#2499,#2500,#2501,#2502,#2503,#2504,
#2505),(#2506,#2507,#2508,#2509,#2510,#2511,#2512,#2513,#2514),(#2515,#2516,
#2517,#2518,#2519,#2520,#2521,#2522,#2523),(#2524,#2525,#2526,#2527,#2528,
#2529,#2530,#2531,#2532),(#2533,#2534,#2535,#2536,#2537,#2538,#2539,#2540,
#2541),(#2542,#2543,#2544,#2545,#2546,#2547,#2548,#2549,#2550),(#2551,#2552,
#2553,#2554,#2555,#2556,#2557,#2558,#2559),(#2560,#2561,#2562,#2563,#2564,
#2565,#2566,#2567,#2568),(#2569,#2570,#2571,#2572,#2573,#2574,#2575,#2576,
#2577),(#2578,#2579,#2580,#2581,#2582,#2583,#2584,#2585,#2586),(#2587,#2588,
#2589,#2590,#2591,#2592,#2593,#2594,#2595),(#2596,#2597,#2598,#2599,#2600,
#2601,#2602,#2603,#2604)),.UNSPECIFIED.,.F.,.F.,.F.,(6,5,3,3,3,3,3,3,3,
3,3,3,6),(5,4,5),(0.,0.0099009900990099,0.109964632009252,0.159996452964565,
0.210028273919495,0.263231209227263,0.316434144535414,0.422840015150568,
0.52618270941369,0.629525403676811,0.722144052757609,0.814762701838406,
1.),(0.,0.0099009900990099,1.),.UNSPECIFIED.);
#383=B_SPLINE_SURFACE_WITH_KNOTS('',5,1,((#2635,#2636,#2637),(#2638,#2639,
#2640),(#2641,#2642,#2643),(#2644,#2645,#2646),(#2647,#2648,#2649),(#2650,
#2651,#2652),(#2653,#2654,#2655),(#2656,#2657,#2658),(#2659,#2660,#2661),
(#2662,#2663,#2664),(#2665,#2666,#2667),(#2668,#2669,#2670),(#2671,#2672,
#2673),(#2674,#2675,#2676),(#2677,#2678,#2679)),.UNSPECIFIED.,.F.,.F.,.F.,
(6,3,3,3,6),(2,1,2),(0.,0.250623577661323,0.501247155322645,0.750623577661323,
1.),(0.,0.0099009900990099,1.),.UNSPECIFIED.);
#384=B_SPLINE_SURFACE_WITH_KNOTS('',5,2,((#2709,#2710,#2711,#2712,#2713),
(#2714,#2715,#2716,#2717,#2718),(#2719,#2720,#2721,#2722,#2723),(#2724,
#2725,#2726,#2727,#2728),(#2729,#2730,#2731,#2732,#2733),(#2734,#2735,#2736,
#2737,#2738),(#2739,#2740,#2741,#2742,#2743),(#2744,#2745,#2746,#2747,#2748),
(#2749,#2750,#2751,#2752,#2753),(#2754,#2755,#2756,#2757,#2758),(#2759,
#2760,#2761,#2762,#2763),(#2764,#2765,#2766,#2767,#2768),(#2769,#2770,#2771,
#2772,#2773),(#2774,#2775,#2776,#2777,#2778)),.UNSPECIFIED.,.F.,.F.,.F.,
(6,5,3,6),(3,2,3),(0.,0.0099009900990099,0.504950495048273,1.),(0.,0.0099009900990099,
1.),.UNSPECIFIED.);
#385=B_SPLINE_SURFACE_WITH_KNOTS('',5,1,((#2803,#2804),(#2805,#2806),(#2807,
#2808),(#2809,#2810),(#2811,#2812),(#2813,#2814),(#2815,#2816),(#2817,#2818),
(#2819,#2820),(#2821,#2822),(#2823,#2824),(#2825,#2826),(#2827,#2828),(#2829,
#2830),(#2831,#2832),(#2833,#2834),(#2835,#2836),(#2837,#2838),(#2839,#2840),
(#2841,#2842),(#2843,#2844),(#2845,#2846),(#2847,#2848),(#2849,#2850),(#2851,
#2852),(#2853,#2854),(#2855,#2856),(#2857,#2858),(#2859,#2860),(#2861,#2862),
(#2863,#2864),(#2865,#2866),(#2867,#2868)),.UNSPECIFIED.,.F.,.F.,.F.,(6,
3,3,3,3,3,3,3,3,3,6),(2,2),(0.,0.198024512731761,0.297036769096566,0.396049025462984,
0.478491419069053,0.560933812677812,0.64337620628388,0.725818599889949,
0.794363949917462,0.862909299944974,1.),(0.,1.),.UNSPECIFIED.);
#386=B_SPLINE_SURFACE_WITH_KNOTS('',5,2,((#2893,#2894,#2895,#2896,#2897),
(#2898,#2899,#2900,#2901,#2902),(#2903,#2904,#2905,#2906,#2907),(#2908,
#2909,#2910,#2911,#2912),(#2913,#2914,#2915,#2916,#2917),(#2918,#2919,#2920,
#2921,#2922),(#2923,#2924,#2925,#2926,#2927),(#2928,#2929,#2930,#2931,#2932),
(#2933,#2934,#2935,#2936,#2937),(#2938,#2939,#2940,#2941,#2942),(#2943,
#2944,#2945,#2946,#2947),(#2948,#2949,#2950,#2951,#2952),(#2953,#2954,#2955,
#2956,#2957),(#2958,#2959,#2960,#2961,#2962)),.UNSPECIFIED.,.F.,.F.,.F.,
(6,5,3,6),(3,2,3),(0.,0.0099009900990099,0.504950495052059,1.),(0.,0.0099009900990099,
1.),.UNSPECIFIED.);
#387=B_SPLINE_SURFACE_WITH_KNOTS('',5,1,((#2987,#2988,#2989),(#2990,#2991,
#2992),(#2993,#2994,#2995),(#2996,#2997,#2998),(#2999,#3000,#3001),(#3002,
#3003,#3004),(#3005,#3006,#3007),(#3008,#3009,#3010),(#3011,#3012,#3013),
(#3014,#3015,#3016),(#3017,#3018,#3019)),.UNSPECIFIED.,.F.,.F.,.F.,(6,5,
6),(2,1,2),(0.,0.0099009900990099,1.),(0.,0.0099009900990099,1.),
 .UNSPECIFIED.);
#388=B_SPLINE_SURFACE_WITH_KNOTS('',5,2,((#3045,#3046,#3047,#3048,#3049),
(#3050,#3051,#3052,#3053,#3054),(#3055,#3056,#3057,#3058,#3059),(#3060,
#3061,#3062,#3063,#3064),(#3065,#3066,#3067,#3068,#3069),(#3070,#3071,#3072,
#3073,#3074),(#3075,#3076,#3077,#3078,#3079),(#3080,#3081,#3082,#3083,#3084),
(#3085,#3086,#3087,#3088,#3089),(#3090,#3091,#3092,#3093,#3094),(#3095,
#3096,#3097,#3098,#3099),(#3100,#3101,#3102,#3103,#3104),(#3105,#3106,#3107,
#3108,#3109),(#3110,#3111,#3112,#3113,#3114)),.UNSPECIFIED.,.F.,.F.,.F.,
(6,3,5,6),(3,2,3),(0.,0.495049504952578,0.99009900990099,1.),(0.,0.0099009900990099,
1.),.UNSPECIFIED.);
#389=B_SPLINE_SURFACE_WITH_KNOTS('',5,1,((#3139,#3140,#3141),(#3142,#3143,
#3144),(#3145,#3146,#3147),(#3148,#3149,#3150),(#3151,#3152,#3153),(#3154,
#3155,#3156)),.UNSPECIFIED.,.F.,.F.,.F.,(6,6),(2,1,2),(0.,1.),(0.,0.0099009900990099,
1.),.UNSPECIFIED.);
#390=B_SPLINE_SURFACE_WITH_KNOTS('',5,2,((#3186,#3187,#3188,#3189,#3190),
(#3191,#3192,#3193,#3194,#3195),(#3196,#3197,#3198,#3199,#3200),(#3201,
#3202,#3203,#3204,#3205),(#3206,#3207,#3208,#3209,#3210),(#3211,#3212,#3213,
#3214,#3215),(#3216,#3217,#3218,#3219,#3220),(#3221,#3222,#3223,#3224,#3225),
(#3226,#3227,#3228,#3229,#3230),(#3231,#3232,#3233,#3234,#3235),(#3236,
#3237,#3238,#3239,#3240),(#3241,#3242,#3243,#3244,#3245),(#3246,#3247,#3248,
#3249,#3250),(#3251,#3252,#3253,#3254,#3255),(#3256,#3257,#3258,#3259,#3260),
(#3261,#3262,#3263,#3264,#3265),(#3266,#3267,#3268,#3269,#3270),(#3271,
#3272,#3273,#3274,#3275),(#3276,#3277,#3278,#3279,#3280)),.UNSPECIFIED.,
 .F.,.F.,.F.,(6,5,3,5,6),(3,2,3),(0.,0.00980392156862745,0.500000000000365,
0.990196078431373,1.),(0.,0.0099009900990099,1.),.UNSPECIFIED.);
#391=B_SPLINE_SURFACE_WITH_KNOTS('',5,1,((#3305,#3306,#3307),(#3308,#3309,
#3310),(#3311,#3312,#3313),(#3314,#3315,#3316),(#3317,#3318,#3319),(#3320,
#3321,#3322)),.UNSPECIFIED.,.F.,.F.,.F.,(6,6),(2,1,2),(0.,1.),(0.,0.0099009900990099,
1.),.UNSPECIFIED.);
#392=B_SPLINE_SURFACE_WITH_KNOTS('',5,4,((#3354,#3355,#3356,#3357,#3358,
#3359,#3360,#3361,#3362),(#3363,#3364,#3365,#3366,#3367,#3368,#3369,#3370,
#3371),(#3372,#3373,#3374,#3375,#3376,#3377,#3378,#3379,#3380),(#3381,#3382,
#3383,#3384,#3385,#3386,#3387,#3388,#3389),(#3390,#3391,#3392,#3393,#3394,
#3395,#3396,#3397,#3398),(#3399,#3400,#3401,#3402,#3403,#3404,#3405,#3406,
#3407),(#3408,#3409,#3410,#3411,#3412,#3413,#3414,#3415,#3416),(#3417,#3418,
#3419,#3420,#3421,#3422,#3423,#3424,#3425),(#3426,#3427,#3428,#3429,#3430,
#3431,#3432,#3433,#3434),(#3435,#3436,#3437,#3438,#3439,#3440,#3441,#3442,
#3443),(#3444,#3445,#3446,#3447,#3448,#3449,#3450,#3451,#3452),(#3453,#3454,
#3455,#3456,#3457,#3458,#3459,#3460,#3461),(#3462,#3463,#3464,#3465,#3466,
#3467,#3468,#3469,#3470),(#3471,#3472,#3473,#3474,#3475,#3476,#3477,#3478,
#3479),(#3480,#3481,#3482,#3483,#3484,#3485,#3486,#3487,#3488),(#3489,#3490,
#3491,#3492,#3493,#3494,#3495,#3496,#3497),(#3498,#3499,#3500,#3501,#3502,
#3503,#3504,#3505,#3506),(#3507,#3508,#3509,#3510,#3511,#3512,#3513,#3514,
#3515),(#3516,#3517,#3518,#3519,#3520,#3521,#3522,#3523,#3524),(#3525,#3526,
#3527,#3528,#3529,#3530,#3531,#3532,#3533),(#3534,#3535,#3536,#3537,#3538,
#3539,#3540,#3541,#3542),(#3543,#3544,#3545,#3546,#3547,#3548,#3549,#3550,
#3551),(#3552,#3553,#3554,#3555,#3556,#3557,#3558,#3559,#3560),(#3561,#3562,
#3563,#3564,#3565,#3566,#3567,#3568,#3569),(#3570,#3571,#3572,#3573,#3574,
#3575,#3576,#3577,#3578),(#3579,#3580,#3581,#3582,#3583,#3584,#3585,#3586,
#3587),(#3588,#3589,#3590,#3591,#3592,#3593,#3594,#3595,#3596),(#3597,#3598,
#3599,#3600,#3601,#3602,#3603,#3604,#3605),(#3606,#3607,#3608,#3609,#3610,
#3611,#3612,#3613,#3614),(#3615,#3616,#3617,#3618,#3619,#3620,#3621,#3622,
#3623),(#3624,#3625,#3626,#3627,#3628,#3629,#3630,#3631,#3632),(#3633,#3634,
#3635,#3636,#3637,#3638,#3639,#3640,#3641),(#3642,#3643,#3644,#3645,#3646,
#3647,#3648,#3649,#3650),(#3651,#3652,#3653,#3654,#3655,#3656,#3657,#3658,
#3659),(#3660,#3661,#3662,#3663,#3664,#3665,#3666,#3667,#3668),(#3669,#3670,
#3671,#3672,#3673,#3674,#3675,#3676,#3677)),.UNSPECIFIED.,.F.,.F.,.F.,(6,
3,3,3,3,3,3,3,3,3,3,6),(5,4,5),(0.,0.207897429118665,0.311846143677611,
0.415794858238874,0.513438021141538,0.611081184048065,0.704278918205572,
0.750877785284325,0.797476652363079,0.848107489273275,0.898738326179609,
1.),(0.,0.0099009900990099,1.),.UNSPECIFIED.);
#393=B_SPLINE_SURFACE_WITH_KNOTS('',5,1,((#3702,#3703,#3704),(#3705,#3706,
#3707),(#3708,#3709,#3710),(#3711,#3712,#3713),(#3714,#3715,#3716),(#3717,
#3718,#3719),(#3720,#3721,#3722),(#3723,#3724,#3725),(#3726,#3727,#3728),
(#3729,#3730,#3731),(#3732,#3733,#3734)),.UNSPECIFIED.,.F.,.F.,.F.,(6,5,
6),(2,1,2),(0.,0.0099009900990099,1.),(0.,0.0099009900990099,1.),
 .UNSPECIFIED.);
#394=B_SPLINE_SURFACE_WITH_KNOTS('',5,2,((#3751,#3752,#3753,#3754,#3755),
(#3756,#3757,#3758,#3759,#3760),(#3761,#3762,#3763,#3764,#3765),(#3766,
#3767,#3768,#3769,#3770),(#3771,#3772,#3773,#3774,#3775),(#3776,#3777,#3778,
#3779,#3780),(#3781,#3782,#3783,#3784,#3785),(#3786,#3787,#3788,#3789,#3790),
(#3791,#3792,#3793,#3794,#3795),(#3796,#3797,#3798,#3799,#3800),(#3801,
#3802,#3803,#3804,#3805),(#3806,#3807,#3808,#3809,#3810),(#3811,#3812,#3813,
#3814,#3815),(#3816,#3817,#3818,#3819,#3820),(#3821,#3822,#3823,#3824,#3825),
(#3826,#3827,#3828,#3829,#3830),(#3831,#3832,#3833,#3834,#3835),(#3836,
#3837,#3838,#3839,#3840),(#3841,#3842,#3843,#3844,#3845),(#3846,#3847,#3848,
#3849,#3850),(#3851,#3852,#3853,#3854,#3855),(#3856,#3857,#3858,#3859,#3860),
(#3861,#3862,#3863,#3864,#3865),(#3866,#3867,#3868,#3869,#3870),(#3871,
#3872,#3873,#3874,#3875),(#3876,#3877,#3878,#3879,#3880)),.UNSPECIFIED.,
 .F.,.F.,.F.,(6,5,3,3,3,3,3,6),(3,2,3),(0.,0.0099009900990099,0.225588686585175,
0.333432534827926,0.441276383071339,0.580957287303504,0.720638191536993,
1.),(0.,0.0099009900990099,1.),.UNSPECIFIED.);
#395=B_SPLINE_SURFACE_WITH_KNOTS('',5,1,((#3905,#3906),(#3907,#3908),(#3909,
#3910),(#3911,#3912),(#3913,#3914),(#3915,#3916),(#3917,#3918),(#3919,#3920),
(#3921,#3922),(#3923,#3924),(#3925,#3926),(#3927,#3928),(#3929,#3930),(#3931,
#3932),(#3933,#3934),(#3935,#3936),(#3937,#3938),(#3939,#3940),(#3941,#3942),
(#3943,#3944),(#3945,#3946),(#3947,#3948),(#3949,#3950),(#3951,#3952),(#3953,
#3954),(#3955,#3956),(#3957,#3958)),.UNSPECIFIED.,.F.,.F.,.F.,(6,3,3,3,
3,3,3,3,6),(2,2),(0.,0.119898173980815,0.23979634796163,0.412280225842797,
0.498522164781492,0.584764103722885,0.688573077791489,0.792382051862791,
1.),(0.,1.),.UNSPECIFIED.);
#396=B_SPLINE_SURFACE_WITH_KNOTS('',5,1,((#3985,#3986,#3987),(#3988,#3989,
#3990),(#3991,#3992,#3993),(#3994,#3995,#3996),(#3997,#3998,#3999),(#4000,
#4001,#4002),(#4003,#4004,#4005),(#4006,#4007,#4008),(#4009,#4010,#4011),
(#4012,#4013,#4014),(#4015,#4016,#4017),(#4018,#4019,#4020),(#4021,#4022,
#4023),(#4024,#4025,#4026),(#4027,#4028,#4029)),.UNSPECIFIED.,.F.,.F.,.F.,
(6,3,3,3,6),(2,1,2),(0.,0.249376588797563,0.498753177596232,0.749376588798116,
1.),(0.,0.0099009900990099,1.),.UNSPECIFIED.);
#397=B_SPLINE_SURFACE_WITH_KNOTS('',5,1,((#4513,#4514),(#4515,#4516),(#4517,
#4518),(#4519,#4520),(#4521,#4522),(#4523,#4524)),.UNSPECIFIED.,.F.,.F.,
 .F.,(6,6),(2,2),(0.,1.),(0.,1.),.UNSPECIFIED.);
#398=B_SPLINE_SURFACE_WITH_KNOTS('',5,5,((#4639,#4640,#4641,#4642,#4643,
#4644,#4645,#4646,#4647),(#4648,#4649,#4650,#4651,#4652,#4653,#4654,#4655,
#4656),(#4657,#4658,#4659,#4660,#4661,#4662,#4663,#4664,#4665),(#4666,#4667,
#4668,#4669,#4670,#4671,#4672,#4673,#4674),(#4675,#4676,#4677,#4678,#4679,
#4680,#4681,#4682,#4683),(#4684,#4685,#4686,#4687,#4688,#4689,#4690,#4691,
#4692),(#4693,#4694,#4695,#4696,#4697,#4698,#4699,#4700,#4701),(#4702,#4703,
#4704,#4705,#4706,#4707,#4708,#4709,#4710),(#4711,#4712,#4713,#4714,#4715,
#4716,#4717,#4718,#4719),(#4720,#4721,#4722,#4723,#4724,#4725,#4726,#4727,
#4728),(#4729,#4730,#4731,#4732,#4733,#4734,#4735,#4736,#4737),(#4738,#4739,
#4740,#4741,#4742,#4743,#4744,#4745,#4746),(#4747,#4748,#4749,#4750,#4751,
#4752,#4753,#4754,#4755),(#4756,#4757,#4758,#4759,#4760,#4761,#4762,#4763,
#4764),(#4765,#4766,#4767,#4768,#4769,#4770,#4771,#4772,#4773),(#4774,#4775,
#4776,#4777,#4778,#4779,#4780,#4781,#4782),(#4783,#4784,#4785,#4786,#4787,
#4788,#4789,#4790,#4791),(#4792,#4793,#4794,#4795,#4796,#4797,#4798,#4799,
#4800),(#4801,#4802,#4803,#4804,#4805,#4806,#4807,#4808,#4809),(#4810,#4811,
#4812,#4813,#4814,#4815,#4816,#4817,#4818),(#4819,#4820,#4821,#4822,#4823,
#4824,#4825,#4826,#4827)),.UNSPECIFIED.,.F.,.F.,.F.,(6,3,3,3,3,3,6),(6,
3,6),(0.,0.500000000002087,0.750000000002087,0.875000000001043,0.937500000000522,
0.98388253186562,1.),(0.,0.5,1.),.UNSPECIFIED.);
#399=B_SPLINE_SURFACE_WITH_KNOTS('',5,5,((#4862,#4863,#4864,#4865,#4866,
#4867,#4868,#4869,#4870),(#4871,#4872,#4873,#4874,#4875,#4876,#4877,#4878,
#4879),(#4880,#4881,#4882,#4883,#4884,#4885,#4886,#4887,#4888),(#4889,#4890,
#4891,#4892,#4893,#4894,#4895,#4896,#4897),(#4898,#4899,#4900,#4901,#4902,
#4903,#4904,#4905,#4906),(#4907,#4908,#4909,#4910,#4911,#4912,#4913,#4914,
#4915),(#4916,#4917,#4918,#4919,#4920,#4921,#4922,#4923,#4924),(#4925,#4926,
#4927,#4928,#4929,#4930,#4931,#4932,#4933),(#4934,#4935,#4936,#4937,#4938,
#4939,#4940,#4941,#4942),(#4943,#4944,#4945,#4946,#4947,#4948,#4949,#4950,
#4951),(#4952,#4953,#4954,#4955,#4956,#4957,#4958,#4959,#4960),(#4961,#4962,
#4963,#4964,#4965,#4966,#4967,#4968,#4969),(#4970,#4971,#4972,#4973,#4974,
#4975,#4976,#4977,#4978),(#4979,#4980,#4981,#4982,#4983,#4984,#4985,#4986,
#4987),(#4988,#4989,#4990,#4991,#4992,#4993,#4994,#4995,#4996),(#4997,#4998,
#4999,#5000,#5001,#5002,#5003,#5004,#5005),(#5006,#5007,#5008,#5009,#5010,
#5011,#5012,#5013,#5014),(#5015,#5016,#5017,#5018,#5019,#5020,#5021,#5022,
#5023),(#5024,#5025,#5026,#5027,#5028,#5029,#5030,#5031,#5032),(#5033,#5034,
#5035,#5036,#5037,#5038,#5039,#5040,#5041),(#5042,#5043,#5044,#5045,#5046,
#5047,#5048,#5049,#5050),(#5051,#5052,#5053,#5054,#5055,#5056,#5057,#5058,
#5059),(#5060,#5061,#5062,#5063,#5064,#5065,#5066,#5067,#5068),(#5069,#5070,
#5071,#5072,#5073,#5074,#5075,#5076,#5077)),.UNSPECIFIED.,.F.,.F.,.F.,(6,
3,3,3,3,3,3,6),(6,3,6),(0.,0.0125818941299157,0.0251637887010537,0.0503275774021073,
0.100655154804215,0.201310309608419,0.455762435401905,1.),(0.,0.5,1.),
 .UNSPECIFIED.);
#400=B_SPLINE_SURFACE_WITH_KNOTS('',5,5,((#5103,#5104,#5105,#5106,#5107,
#5108,#5109,#5110,#5111),(#5112,#5113,#5114,#5115,#5116,#5117,#5118,#5119,
#5120),(#5121,#5122,#5123,#5124,#5125,#5126,#5127,#5128,#5129),(#5130,#5131,
#5132,#5133,#5134,#5135,#5136,#5137,#5138),(#5139,#5140,#5141,#5142,#5143,
#5144,#5145,#5146,#5147),(#5148,#5149,#5150,#5151,#5152,#5153,#5154,#5155,
#5156),(#5157,#5158,#5159,#5160,#5161,#5162,#5163,#5164,#5165),(#5166,#5167,
#5168,#5169,#5170,#5171,#5172,#5173,#5174),(#5175,#5176,#5177,#5178,#5179,
#5180,#5181,#5182,#5183),(#5184,#5185,#5186,#5187,#5188,#5189,#5190,#5191,
#5192),(#5193,#5194,#5195,#5196,#5197,#5198,#5199,#5200,#5201),(#5202,#5203,
#5204,#5205,#5206,#5207,#5208,#5209,#5210),(#5211,#5212,#5213,#5214,#5215,
#5216,#5217,#5218,#5219),(#5220,#5221,#5222,#5223,#5224,#5225,#5226,#5227,
#5228),(#5229,#5230,#5231,#5232,#5233,#5234,#5235,#5236,#5237),(#5238,#5239,
#5240,#5241,#5242,#5243,#5244,#5245,#5246),(#5247,#5248,#5249,#5250,#5251,
#5252,#5253,#5254,#5255),(#5256,#5257,#5258,#5259,#5260,#5261,#5262,#5263,
#5264)),.UNSPECIFIED.,.F.,.F.,.F.,(6,3,3,3,3,6),(6,3,6),(0.,0.5,0.75,0.875,
0.970846108870986,1.),(0.,0.5,1.),.UNSPECIFIED.);
#401=B_SPLINE_SURFACE_WITH_KNOTS('',5,5,((#5308,#5309,#5310,#5311,#5312,
#5313,#5314,#5315,#5316),(#5317,#5318,#5319,#5320,#5321,#5322,#5323,#5324,
#5325),(#5326,#5327,#5328,#5329,#5330,#5331,#5332,#5333,#5334),(#5335,#5336,
#5337,#5338,#5339,#5340,#5341,#5342,#5343),(#5344,#5345,#5346,#5347,#5348,
#5349,#5350,#5351,#5352),(#5353,#5354,#5355,#5356,#5357,#5358,#5359,#5360,
#5361),(#5362,#5363,#5364,#5365,#5366,#5367,#5368,#5369,#5370),(#5371,#5372,
#5373,#5374,#5375,#5376,#5377,#5378,#5379),(#5380,#5381,#5382,#5383,#5384,
#5385,#5386,#5387,#5388),(#5389,#5390,#5391,#5392,#5393,#5394,#5395,#5396,
#5397),(#5398,#5399,#5400,#5401,#5402,#5403,#5404,#5405,#5406),(#5407,#5408,
#5409,#5410,#5411,#5412,#5413,#5414,#5415),(#5416,#5417,#5418,#5419,#5420,
#5421,#5422,#5423,#5424),(#5425,#5426,#5427,#5428,#5429,#5430,#5431,#5432,
#5433),(#5434,#5435,#5436,#5437,#5438,#5439,#5440,#5441,#5442),(#5443,#5444,
#5445,#5446,#5447,#5448,#5449,#5450,#5451),(#5452,#5453,#5454,#5455,#5456,
#5457,#5458,#5459,#5460),(#5461,#5462,#5463,#5464,#5465,#5466,#5467,#5468,
#5469),(#5470,#5471,#5472,#5473,#5474,#5475,#5476,#5477,#5478),(#5479,#5480,
#5481,#5482,#5483,#5484,#5485,#5486,#5487),(#5488,#5489,#5490,#5491,#5492,
#5493,#5494,#5495,#5496),(#5497,#5498,#5499,#5500,#5501,#5502,#5503,#5504,
#5505),(#5506,#5507,#5508,#5509,#5510,#5511,#5512,#5513,#5514),(#5515,#5516,
#5517,#5518,#5519,#5520,#5521,#5522,#5523),(#5524,#5525,#5526,#5527,#5528,
#5529,#5530,#5531,#5532),(#5533,#5534,#5535,#5536,#5537,#5538,#5539,#5540,
#5541),(#5542,#5543,#5544,#5545,#5546,#5547,#5548,#5549,#5550),(#5551,#5552,
#5553,#5554,#5555,#5556,#5557,#5558,#5559),(#5560,#5561,#5562,#5563,#5564,
#5565,#5566,#5567,#5568),(#5569,#5570,#5571,#5572,#5573,#5574,#5575,#5576,
#5577),(#5578,#5579,#5580,#5581,#5582,#5583,#5584,#5585,#5586),(#5587,#5588,
#5589,#5590,#5591,#5592,#5593,#5594,#5595),(#5596,#5597,#5598,#5599,#5600,
#5601,#5602,#5603,#5604),(#5605,#5606,#5607,#5608,#5609,#5610,#5611,#5612,
#5613),(#5614,#5615,#5616,#5617,#5618,#5619,#5620,#5621,#5622),(#5623,#5624,
#5625,#5626,#5627,#5628,#5629,#5630,#5631)),.UNSPECIFIED.,.F.,.F.,.F.,(6,
3,3,3,3,3,3,3,3,3,3,6),(6,3,6),(0.,0.148844082690037,0.271635513233992,
0.471936621539978,0.621036042934371,0.729573024468141,0.858078573832668,
0.912044397612309,0.939027309502129,0.966010221391951,0.983999475992808,
1.),(0.,0.5,1.),.UNSPECIFIED.);
#402=B_SPLINE_SURFACE_WITH_KNOTS('',5,5,((#5809,#5810,#5811,#5812,#5813,
#5814,#5815,#5816,#5817),(#5818,#5819,#5820,#5821,#5822,#5823,#5824,#5825,
#5826),(#5827,#5828,#5829,#5830,#5831,#5832,#5833,#5834,#5835),(#5836,#5837,
#5838,#5839,#5840,#5841,#5842,#5843,#5844),(#5845,#5846,#5847,#5848,#5849,
#5850,#5851,#5852,#5853),(#5854,#5855,#5856,#5857,#5858,#5859,#5860,#5861,
#5862),(#5863,#5864,#5865,#5866,#5867,#5868,#5869,#5870,#5871),(#5872,#5873,
#5874,#5875,#5876,#5877,#5878,#5879,#5880),(#5881,#5882,#5883,#5884,#5885,
#5886,#5887,#5888,#5889),(#5890,#5891,#5892,#5893,#5894,#5895,#5896,#5897,
#5898),(#5899,#5900,#5901,#5902,#5903,#5904,#5905,#5906,#5907),(#5908,#5909,
#5910,#5911,#5912,#5913,#5914,#5915,#5916),(#5917,#5918,#5919,#5920,#5921,
#5922,#5923,#5924,#5925),(#5926,#5927,#5928,#5929,#5930,#5931,#5932,#5933,
#5934),(#5935,#5936,#5937,#5938,#5939,#5940,#5941,#5942,#5943)),
 .UNSPECIFIED.,.F.,.F.,.F.,(6,3,3,3,6),(6,3,6),(0.,0.499999999999478,0.749999999999739,
0.916724501102962,1.),(0.,0.5,1.),.UNSPECIFIED.);
#403=B_SPLINE_SURFACE_WITH_KNOTS('',5,5,((#5963,#5964,#5965,#5966,#5967,
#5968,#5969,#5970,#5971),(#5972,#5973,#5974,#5975,#5976,#5977,#5978,#5979,
#5980),(#5981,#5982,#5983,#5984,#5985,#5986,#5987,#5988,#5989),(#5990,#5991,
#5992,#5993,#5994,#5995,#5996,#5997,#5998),(#5999,#6000,#6001,#6002,#6003,
#6004,#6005,#6006,#6007),(#6008,#6009,#6010,#6011,#6012,#6013,#6014,#6015,
#6016),(#6017,#6018,#6019,#6020,#6021,#6022,#6023,#6024,#6025),(#6026,#6027,
#6028,#6029,#6030,#6031,#6032,#6033,#6034),(#6035,#6036,#6037,#6038,#6039,
#6040,#6041,#6042,#6043)),.UNSPECIFIED.,.F.,.F.,.F.,(6,3,6),(6,3,6),(0.,
0.427994907672871,1.),(0.,0.5,1.),.UNSPECIFIED.);
#404=B_SPLINE_SURFACE_WITH_KNOTS('',5,5,((#6063,#6064,#6065,#6066,#6067,
#6068,#6069,#6070,#6071),(#6072,#6073,#6074,#6075,#6076,#6077,#6078,#6079,
#6080),(#6081,#6082,#6083,#6084,#6085,#6086,#6087,#6088,#6089),(#6090,#6091,
#6092,#6093,#6094,#6095,#6096,#6097,#6098),(#6099,#6100,#6101,#6102,#6103,
#6104,#6105,#6106,#6107),(#6108,#6109,#6110,#6111,#6112,#6113,#6114,#6115,
#6116),(#6117,#6118,#6119,#6120,#6121,#6122,#6123,#6124,#6125),(#6126,#6127,
#6128,#6129,#6130,#6131,#6132,#6133,#6134),(#6135,#6136,#6137,#6138,#6139,
#6140,#6141,#6142,#6143)),.UNSPECIFIED.,.F.,.F.,.F.,(6,3,6),(6,3,6),(0.,
0.499999999997238,1.),(0.,0.5,1.),.UNSPECIFIED.);
#405=B_SPLINE_SURFACE_WITH_KNOTS('',5,5,((#6184,#6185,#6186,#6187,#6188,
#6189,#6190,#6191,#6192),(#6193,#6194,#6195,#6196,#6197,#6198,#6199,#6200,
#6201),(#6202,#6203,#6204,#6205,#6206,#6207,#6208,#6209,#6210),(#6211,#6212,
#6213,#6214,#6215,#6216,#6217,#6218,#6219),(#6220,#6221,#6222,#6223,#6224,
#6225,#6226,#6227,#6228),(#6229,#6230,#6231,#6232,#6233,#6234,#6235,#6236,
#6237),(#6238,#6239,#6240,#6241,#6242,#6243,#6244,#6245,#6246),(#6247,#6248,
#6249,#6250,#6251,#6252,#6253,#6254,#6255),(#6256,#6257,#6258,#6259,#6260,
#6261,#6262,#6263,#6264),(#6265,#6266,#6267,#6268,#6269,#6270,#6271,#6272,
#6273),(#6274,#6275,#6276,#6277,#6278,#6279,#6280,#6281,#6282),(#6283,#6284,
#6285,#6286,#6287,#6288,#6289,#6290,#6291),(#6292,#6293,#6294,#6295,#6296,
#6297,#6298,#6299,#6300),(#6301,#6302,#6303,#6304,#6305,#6306,#6307,#6308,
#6309),(#6310,#6311,#6312,#6313,#6314,#6315,#6316,#6317,#6318),(#6319,#6320,
#6321,#6322,#6323,#6324,#6325,#6326,#6327),(#6328,#6329,#6330,#6331,#6332,
#6333,#6334,#6335,#6336),(#6337,#6338,#6339,#6340,#6341,#6342,#6343,#6344,
#6345),(#6346,#6347,#6348,#6349,#6350,#6351,#6352,#6353,#6354),(#6355,#6356,
#6357,#6358,#6359,#6360,#6361,#6362,#6363),(#6364,#6365,#6366,#6367,#6368,
#6369,#6370,#6371,#6372),(#6373,#6374,#6375,#6376,#6377,#6378,#6379,#6380,
#6381),(#6382,#6383,#6384,#6385,#6386,#6387,#6388,#6389,#6390),(#6391,#6392,
#6393,#6394,#6395,#6396,#6397,#6398,#6399),(#6400,#6401,#6402,#6403,#6404,
#6405,#6406,#6407,#6408),(#6409,#6410,#6411,#6412,#6413,#6414,#6415,#6416,
#6417),(#6418,#6419,#6420,#6421,#6422,#6423,#6424,#6425,#6426),(#6427,#6428,
#6429,#6430,#6431,#6432,#6433,#6434,#6435),(#6436,#6437,#6438,#6439,#6440,
#6441,#6442,#6443,#6444),(#6445,#6446,#6447,#6448,#6449,#6450,#6451,#6452,
#6453),(#6454,#6455,#6456,#6457,#6458,#6459,#6460,#6461,#6462),(#6463,#6464,
#6465,#6466,#6467,#6468,#6469,#6470,#6471),(#6472,#6473,#6474,#6475,#6476,
#6477,#6478,#6479,#6480)),.UNSPECIFIED.,.F.,.F.,.F.,(6,3,3,3,3,3,3,3,3,
3,6),(6,3,6),(0.,0.192704456591392,0.297870099904122,0.466564875025523,
0.631187277763002,0.734830502025317,0.858746572741508,0.89979083058012,
0.940835088423563,0.981879423807325,1.),(0.,0.5,1.),.UNSPECIFIED.);
#406=B_SPLINE_SURFACE_WITH_KNOTS('',5,5,((#6492,#6493,#6494,#6495,#6496,
#6497,#6498,#6499,#6500),(#6501,#6502,#6503,#6504,#6505,#6506,#6507,#6508,
#6509),(#6510,#6511,#6512,#6513,#6514,#6515,#6516,#6517,#6518),(#6519,#6520,
#6521,#6522,#6523,#6524,#6525,#6526,#6527),(#6528,#6529,#6530,#6531,#6532,
#6533,#6534,#6535,#6536),(#6537,#6538,#6539,#6540,#6541,#6542,#6543,#6544,
#6545),(#6546,#6547,#6548,#6549,#6550,#6551,#6552,#6553,#6554),(#6555,#6556,
#6557,#6558,#6559,#6560,#6561,#6562,#6563),(#6564,#6565,#6566,#6567,#6568,
#6569,#6570,#6571,#6572),(#6573,#6574,#6575,#6576,#6577,#6578,#6579,#6580,
#6581),(#6582,#6583,#6584,#6585,#6586,#6587,#6588,#6589,#6590),(#6591,#6592,
#6593,#6594,#6595,#6596,#6597,#6598,#6599),(#6600,#6601,#6602,#6603,#6604,
#6605,#6606,#6607,#6608),(#6609,#6610,#6611,#6612,#6613,#6614,#6615,#6616,
#6617),(#6618,#6619,#6620,#6621,#6622,#6623,#6624,#6625,#6626),(#6627,#6628,
#6629,#6630,#6631,#6632,#6633,#6634,#6635),(#6636,#6637,#6638,#6639,#6640,
#6641,#6642,#6643,#6644),(#6645,#6646,#6647,#6648,#6649,#6650,#6651,#6652,
#6653),(#6654,#6655,#6656,#6657,#6658,#6659,#6660,#6661,#6662),(#6663,#6664,
#6665,#6666,#6667,#6668,#6669,#6670,#6671),(#6672,#6673,#6674,#6675,#6676,
#6677,#6678,#6679,#6680)),.UNSPECIFIED.,.F.,.F.,.F.,(6,3,3,3,3,3,6),(6,
3,6),(0.,0.499999999998435,0.750000000002348,0.874999999995956,0.93749999999276,
0.98388253186631,1.),(0.,0.5,1.),.UNSPECIFIED.);
#407=B_SPLINE_SURFACE_WITH_KNOTS('',5,1,((#6690,#6691),(#6692,#6693),(#6694,
#6695),(#6696,#6697),(#6698,#6699),(#6700,#6701),(#6702,#6703),(#6704,#6705),
(#6706,#6707)),.UNSPECIFIED.,.F.,.F.,.F.,(6,3,6),(2,2),(0.,0.500000000001,
1.),(0.,1.),.UNSPECIFIED.);
#408=B_SPLINE_SURFACE_WITH_KNOTS('',5,5,((#6952,#6953,#6954,#6955,#6956,
#6957,#6958,#6959,#6960),(#6961,#6962,#6963,#6964,#6965,#6966,#6967,#6968,
#6969),(#6970,#6971,#6972,#6973,#6974,#6975,#6976,#6977,#6978),(#6979,#6980,
#6981,#6982,#6983,#6984,#6985,#6986,#6987),(#6988,#6989,#6990,#6991,#6992,
#6993,#6994,#6995,#6996),(#6997,#6998,#6999,#7000,#7001,#7002,#7003,#7004,
#7005),(#7006,#7007,#7008,#7009,#7010,#7011,#7012,#7013,#7014),(#7015,#7016,
#7017,#7018,#7019,#7020,#7021,#7022,#7023),(#7024,#7025,#7026,#7027,#7028,
#7029,#7030,#7031,#7032),(#7033,#7034,#7035,#7036,#7037,#7038,#7039,#7040,
#7041),(#7042,#7043,#7044,#7045,#7046,#7047,#7048,#7049,#7050),(#7051,#7052,
#7053,#7054,#7055,#7056,#7057,#7058,#7059),(#7060,#7061,#7062,#7063,#7064,
#7065,#7066,#7067,#7068),(#7069,#7070,#7071,#7072,#7073,#7074,#7075,#7076,
#7077),(#7078,#7079,#7080,#7081,#7082,#7083,#7084,#7085,#7086),(#7087,#7088,
#7089,#7090,#7091,#7092,#7093,#7094,#7095),(#7096,#7097,#7098,#7099,#7100,
#7101,#7102,#7103,#7104),(#7105,#7106,#7107,#7108,#7109,#7110,#7111,#7112,
#7113),(#7114,#7115,#7116,#7117,#7118,#7119,#7120,#7121,#7122),(#7123,#7124,
#7125,#7126,#7127,#7128,#7129,#7130,#7131),(#7132,#7133,#7134,#7135,#7136,
#7137,#7138,#7139,#7140),(#7141,#7142,#7143,#7144,#7145,#7146,#7147,#7148,
#7149),(#7150,#7151,#7152,#7153,#7154,#7155,#7156,#7157,#7158),(#7159,#7160,
#7161,#7162,#7163,#7164,#7165,#7166,#7167),(#7168,#7169,#7170,#7171,#7172,
#7173,#7174,#7175,#7176),(#7177,#7178,#7179,#7180,#7181,#7182,#7183,#7184,
#7185),(#7186,#7187,#7188,#7189,#7190,#7191,#7192,#7193,#7194),(#7195,#7196,
#7197,#7198,#7199,#7200,#7201,#7202,#7203),(#7204,#7205,#7206,#7207,#7208,
#7209,#7210,#7211,#7212),(#7213,#7214,#7215,#7216,#7217,#7218,#7219,#7220,
#7221),(#7222,#7223,#7224,#7225,#7226,#7227,#7228,#7229,#7230),(#7231,#7232,
#7233,#7234,#7235,#7236,#7237,#7238,#7239),(#7240,#7241,#7242,#7243,#7244,
#7245,#7246,#7247,#7248),(#7249,#7250,#7251,#7252,#7253,#7254,#7255,#7256,
#7257),(#7258,#7259,#7260,#7261,#7262,#7263,#7264,#7265,#7266),(#7267,#7268,
#7269,#7270,#7271,#7272,#7273,#7274,#7275)),.UNSPECIFIED.,.F.,.F.,.F.,(6,
3,3,3,3,3,3,3,3,3,3,6),(6,3,6),(0.,0.148844083576641,0.271635514940191,
0.471936624552628,0.621036046835227,0.72957302905074,0.858078579222437,
0.912044403341049,0.939027315400354,0.966010227411343,0.983999482173513,
1.),(0.,0.500000000001316,1.),.UNSPECIFIED.);
#409=B_SPLINE_SURFACE_WITH_KNOTS('',5,5,((#7289,#7290,#7291,#7292,#7293,
#7294,#7295,#7296,#7297),(#7298,#7299,#7300,#7301,#7302,#7303,#7304,#7305,
#7306),(#7307,#7308,#7309,#7310,#7311,#7312,#7313,#7314,#7315),(#7316,#7317,
#7318,#7319,#7320,#7321,#7322,#7323,#7324),(#7325,#7326,#7327,#7328,#7329,
#7330,#7331,#7332,#7333),(#7334,#7335,#7336,#7337,#7338,#7339,#7340,#7341,
#7342),(#7343,#7344,#7345,#7346,#7347,#7348,#7349,#7350,#7351),(#7352,#7353,
#7354,#7355,#7356,#7357,#7358,#7359,#7360),(#7361,#7362,#7363,#7364,#7365,
#7366,#7367,#7368,#7369),(#7370,#7371,#7372,#7373,#7374,#7375,#7376,#7377,
#7378),(#7379,#7380,#7381,#7382,#7383,#7384,#7385,#7386,#7387),(#7388,#7389,
#7390,#7391,#7392,#7393,#7394,#7395,#7396),(#7397,#7398,#7399,#7400,#7401,
#7402,#7403,#7404,#7405),(#7406,#7407,#7408,#7409,#7410,#7411,#7412,#7413,
#7414),(#7415,#7416,#7417,#7418,#7419,#7420,#7421,#7422,#7423),(#7424,#7425,
#7426,#7427,#7428,#7429,#7430,#7431,#7432),(#7433,#7434,#7435,#7436,#7437,
#7438,#7439,#7440,#7441),(#7442,#7443,#7444,#7445,#7446,#7447,#7448,#7449,
#7450)),.UNSPECIFIED.,.F.,.F.,.F.,(6,3,3,3,3,6),(6,3,6),(0.,0.500000000003453,
0.749999999998274,0.874999999999137,0.970846107898994,1.),(0.,0.5,1.),
 .UNSPECIFIED.);
#410=B_SPLINE_SURFACE_WITH_KNOTS('',5,5,((#7451,#7452,#7453,#7454,#7455,
#7456,#7457,#7458,#7459),(#7460,#7461,#7462,#7463,#7464,#7465,#7466,#7467,
#7468),(#7469,#7470,#7471,#7472,#7473,#7474,#7475,#7476,#7477),(#7478,#7479,
#7480,#7481,#7482,#7483,#7484,#7485,#7486),(#7487,#7488,#7489,#7490,#7491,
#7492,#7493,#7494,#7495),(#7496,#7497,#7498,#7499,#7500,#7501,#7502,#7503,
#7504),(#7505,#7506,#7507,#7508,#7509,#7510,#7511,#7512,#7513),(#7514,#7515,
#7516,#7517,#7518,#7519,#7520,#7521,#7522),(#7523,#7524,#7525,#7526,#7527,
#7528,#7529,#7530,#7531),(#7532,#7533,#7534,#7535,#7536,#7537,#7538,#7539,
#7540),(#7541,#7542,#7543,#7544,#7545,#7546,#7547,#7548,#7549),(#7550,#7551,
#7552,#7553,#7554,#7555,#7556,#7557,#7558),(#7559,#7560,#7561,#7562,#7563,
#7564,#7565,#7566,#7567),(#7568,#7569,#7570,#7571,#7572,#7573,#7574,#7575,
#7576),(#7577,#7578,#7579,#7580,#7581,#7582,#7583,#7584,#7585),(#7586,#7587,
#7588,#7589,#7590,#7591,#7592,#7593,#7594),(#7595,#7596,#7597,#7598,#7599,
#7600,#7601,#7602,#7603),(#7604,#7605,#7606,#7607,#7608,#7609,#7610,#7611,
#7612),(#7613,#7614,#7615,#7616,#7617,#7618,#7619,#7620,#7621),(#7622,#7623,
#7624,#7625,#7626,#7627,#7628,#7629,#7630),(#7631,#7632,#7633,#7634,#7635,
#7636,#7637,#7638,#7639),(#7640,#7641,#7642,#7643,#7644,#7645,#7646,#7647,
#7648),(#7649,#7650,#7651,#7652,#7653,#7654,#7655,#7656,#7657),(#7658,#7659,
#7660,#7661,#7662,#7663,#7664,#7665,#7666)),.UNSPECIFIED.,.F.,.F.,.F.,(6,
3,3,3,3,3,3,6),(6,3,6),(0.,0.012581909333568,0.025163818667126,0.0503276368930097,
0.100655274227242,0.201310548454483,0.455762598014152,1.),(0.,0.500000000001316,
1.),.UNSPECIFIED.);
#411=B_SPLINE_SURFACE_WITH_KNOTS('',5,1,((#7669,#7670),(#7671,#7672),(#7673,
#7674),(#7675,#7676),(#7677,#7678),(#7679,#7680)),.UNSPECIFIED.,.F.,.F.,
 .F.,(6,6),(2,2),(0.,1.),(0.,1.),.UNSPECIFIED.);
#412=B_SPLINE_SURFACE_WITH_KNOTS('',1,5,((#7685,#7686,#7687,#7688,#7689,
#7690,#7691,#7692,#7693,#7694,#7695,#7696,#7697,#7698,#7699),(#7700,#7701,
#7702,#7703,#7704,#7705,#7706,#7707,#7708,#7709,#7710,#7711,#7712,#7713,
#7714)),.UNSPECIFIED.,.F.,.F.,.F.,(2,2),(6,3,3,3,6),(0.,1.),(0.,0.25,0.500000000001,
0.750000000001,1.),.UNSPECIFIED.);
#413=B_SPLINE_SURFACE_WITH_KNOTS('',5,5,((#7786,#7787,#7788,#7789,#7790,
#7791,#7792,#7793,#7794),(#7795,#7796,#7797,#7798,#7799,#7800,#7801,#7802,
#7803),(#7804,#7805,#7806,#7807,#7808,#7809,#7810,#7811,#7812),(#7813,#7814,
#7815,#7816,#7817,#7818,#7819,#7820,#7821),(#7822,#7823,#7824,#7825,#7826,
#7827,#7828,#7829,#7830),(#7831,#7832,#7833,#7834,#7835,#7836,#7837,#7838,
#7839),(#7840,#7841,#7842,#7843,#7844,#7845,#7846,#7847,#7848),(#7849,#7850,
#7851,#7852,#7853,#7854,#7855,#7856,#7857),(#7858,#7859,#7860,#7861,#7862,
#7863,#7864,#7865,#7866),(#7867,#7868,#7869,#7870,#7871,#7872,#7873,#7874,
#7875),(#7876,#7877,#7878,#7879,#7880,#7881,#7882,#7883,#7884),(#7885,#7886,
#7887,#7888,#7889,#7890,#7891,#7892,#7893),(#7894,#7895,#7896,#7897,#7898,
#7899,#7900,#7901,#7902),(#7903,#7904,#7905,#7906,#7907,#7908,#7909,#7910,
#7911),(#7912,#7913,#7914,#7915,#7916,#7917,#7918,#7919,#7920),(#7921,#7922,
#7923,#7924,#7925,#7926,#7927,#7928,#7929),(#7930,#7931,#7932,#7933,#7934,
#7935,#7936,#7937,#7938),(#7939,#7940,#7941,#7942,#7943,#7944,#7945,#7946,
#7947),(#7948,#7949,#7950,#7951,#7952,#7953,#7954,#7955,#7956),(#7957,#7958,
#7959,#7960,#7961,#7962,#7963,#7964,#7965),(#7966,#7967,#7968,#7969,#7970,
#7971,#7972,#7973,#7974),(#7975,#7976,#7977,#7978,#7979,#7980,#7981,#7982,
#7983),(#7984,#7985,#7986,#7987,#7988,#7989,#7990,#7991,#7992),(#7993,#7994,
#7995,#7996,#7997,#7998,#7999,#8000,#8001),(#8002,#8003,#8004,#8005,#8006,
#8007,#8008,#8009,#8010),(#8011,#8012,#8013,#8014,#8015,#8016,#8017,#8018,
#8019),(#8020,#8021,#8022,#8023,#8024,#8025,#8026,#8027,#8028),(#8029,#8030,
#8031,#8032,#8033,#8034,#8035,#8036,#8037),(#8038,#8039,#8040,#8041,#8042,
#8043,#8044,#8045,#8046),(#8047,#8048,#8049,#8050,#8051,#8052,#8053,#8054,
#8055),(#8056,#8057,#8058,#8059,#8060,#8061,#8062,#8063,#8064),(#8065,#8066,
#8067,#8068,#8069,#8070,#8071,#8072,#8073),(#8074,#8075,#8076,#8077,#8078,
#8079,#8080,#8081,#8082),(#8083,#8084,#8085,#8086,#8087,#8088,#8089,#8090,
#8091),(#8092,#8093,#8094,#8095,#8096,#8097,#8098,#8099,#8100),(#8101,#8102,
#8103,#8104,#8105,#8106,#8107,#8108,#8109)),.UNSPECIFIED.,.F.,.F.,.F.,(6,
3,3,3,3,3,3,3,3,3,3,6),(6,3,6),(0.,0.148202737454573,0.271148921046889,
0.471530517848211,0.620423871917693,0.728397798882384,0.855818809018989,
0.91069397823171,0.938131562813907,0.965569147396105,0.983861573945931,
1.),(0.,0.5,1.),.UNSPECIFIED.);
#414=B_SPLINE_SURFACE_WITH_KNOTS('',5,5,((#8147,#8148,#8149,#8150,#8151,
#8152,#8153,#8154,#8155),(#8156,#8157,#8158,#8159,#8160,#8161,#8162,#8163,
#8164),(#8165,#8166,#8167,#8168,#8169,#8170,#8171,#8172,#8173),(#8174,#8175,
#8176,#8177,#8178,#8179,#8180,#8181,#8182),(#8183,#8184,#8185,#8186,#8187,
#8188,#8189,#8190,#8191),(#8192,#8193,#8194,#8195,#8196,#8197,#8198,#8199,
#8200),(#8201,#8202,#8203,#8204,#8205,#8206,#8207,#8208,#8209),(#8210,#8211,
#8212,#8213,#8214,#8215,#8216,#8217,#8218),(#8219,#8220,#8221,#8222,#8223,
#8224,#8225,#8226,#8227),(#8228,#8229,#8230,#8231,#8232,#8233,#8234,#8235,
#8236),(#8237,#8238,#8239,#8240,#8241,#8242,#8243,#8244,#8245),(#8246,#8247,
#8248,#8249,#8250,#8251,#8252,#8253,#8254),(#8255,#8256,#8257,#8258,#8259,
#8260,#8261,#8262,#8263),(#8264,#8265,#8266,#8267,#8268,#8269,#8270,#8271,
#8272),(#8273,#8274,#8275,#8276,#8277,#8278,#8279,#8280,#8281),(#8282,#8283,
#8284,#8285,#8286,#8287,#8288,#8289,#8290),(#8291,#8292,#8293,#8294,#8295,
#8296,#8297,#8298,#8299),(#8300,#8301,#8302,#8303,#8304,#8305,#8306,#8307,
#8308),(#8309,#8310,#8311,#8312,#8313,#8314,#8315,#8316,#8317),(#8318,#8319,
#8320,#8321,#8322,#8323,#8324,#8325,#8326),(#8327,#8328,#8329,#8330,#8331,
#8332,#8333,#8334,#8335),(#8336,#8337,#8338,#8339,#8340,#8341,#8342,#8343,
#8344),(#8345,#8346,#8347,#8348,#8349,#8350,#8351,#8352,#8353),(#8354,#8355,
#8356,#8357,#8358,#8359,#8360,#8361,#8362),(#8363,#8364,#8365,#8366,#8367,
#8368,#8369,#8370,#8371),(#8372,#8373,#8374,#8375,#8376,#8377,#8378,#8379,
#8380),(#8381,#8382,#8383,#8384,#8385,#8386,#8387,#8388,#8389)),
 .UNSPECIFIED.,.F.,.F.,.F.,(6,3,3,3,3,3,3,3,6),(6,3,6),(0.,0.0247980357368248,
0.124999999999137,0.249999999998274,0.499999999996548,0.749999999994821,
0.874999999993958,0.97088244741048,1.),(0.,0.5,1.),.UNSPECIFIED.);
#415=B_SPLINE_SURFACE_WITH_KNOTS('',5,5,((#8421,#8422,#8423,#8424,#8425,
#8426,#8427,#8428,#8429),(#8430,#8431,#8432,#8433,#8434,#8435,#8436,#8437,
#8438),(#8439,#8440,#8441,#8442,#8443,#8444,#8445,#8446,#8447),(#8448,#8449,
#8450,#8451,#8452,#8453,#8454,#8455,#8456),(#8457,#8458,#8459,#8460,#8461,
#8462,#8463,#8464,#8465),(#8466,#8467,#8468,#8469,#8470,#8471,#8472,#8473,
#8474),(#8475,#8476,#8477,#8478,#8479,#8480,#8481,#8482,#8483),(#8484,#8485,
#8486,#8487,#8488,#8489,#8490,#8491,#8492),(#8493,#8494,#8495,#8496,#8497,
#8498,#8499,#8500,#8501),(#8502,#8503,#8504,#8505,#8506,#8507,#8508,#8509,
#8510),(#8511,#8512,#8513,#8514,#8515,#8516,#8517,#8518,#8519),(#8520,#8521,
#8522,#8523,#8524,#8525,#8526,#8527,#8528),(#8529,#8530,#8531,#8532,#8533,
#8534,#8535,#8536,#8537),(#8538,#8539,#8540,#8541,#8542,#8543,#8544,#8545,
#8546),(#8547,#8548,#8549,#8550,#8551,#8552,#8553,#8554,#8555),(#8556,#8557,
#8558,#8559,#8560,#8561,#8562,#8563,#8564),(#8565,#8566,#8567,#8568,#8569,
#8570,#8571,#8572,#8573),(#8574,#8575,#8576,#8577,#8578,#8579,#8580,#8581,
#8582),(#8583,#8584,#8585,#8586,#8587,#8588,#8589,#8590,#8591),(#8592,#8593,
#8594,#8595,#8596,#8597,#8598,#8599,#8600),(#8601,#8602,#8603,#8604,#8605,
#8606,#8607,#8608,#8609),(#8610,#8611,#8612,#8613,#8614,#8615,#8616,#8617,
#8618),(#8619,#8620,#8621,#8622,#8623,#8624,#8625,#8626,#8627),(#8628,#8629,
#8630,#8631,#8632,#8633,#8634,#8635,#8636)),.UNSPECIFIED.,.F.,.F.,.F.,(6,
3,3,3,3,3,3,6),(6,3,6),(0.,0.0125819011725791,0.0251638027864006,0.0503276055728112,
0.100655211145612,0.201310421850002,0.45576251204487,1.),(0.,0.5,1.),
 .UNSPECIFIED.);
#416=B_SPLINE_SURFACE_WITH_KNOTS('',5,5,((#8658,#8659,#8660,#8661,#8662,
#8663,#8664,#8665,#8666),(#8667,#8668,#8669,#8670,#8671,#8672,#8673,#8674,
#8675),(#8676,#8677,#8678,#8679,#8680,#8681,#8682,#8683,#8684),(#8685,#8686,
#8687,#8688,#8689,#8690,#8691,#8692,#8693),(#8694,#8695,#8696,#8697,#8698,
#8699,#8700,#8701,#8702),(#8703,#8704,#8705,#8706,#8707,#8708,#8709,#8710,
#8711),(#8712,#8713,#8714,#8715,#8716,#8717,#8718,#8719,#8720),(#8721,#8722,
#8723,#8724,#8725,#8726,#8727,#8728,#8729),(#8730,#8731,#8732,#8733,#8734,
#8735,#8736,#8737,#8738),(#8739,#8740,#8741,#8742,#8743,#8744,#8745,#8746,
#8747),(#8748,#8749,#8750,#8751,#8752,#8753,#8754,#8755,#8756),(#8757,#8758,
#8759,#8760,#8761,#8762,#8763,#8764,#8765),(#8766,#8767,#8768,#8769,#8770,
#8771,#8772,#8773,#8774),(#8775,#8776,#8777,#8778,#8779,#8780,#8781,#8782,
#8783),(#8784,#8785,#8786,#8787,#8788,#8789,#8790,#8791,#8792),(#8793,#8794,
#8795,#8796,#8797,#8798,#8799,#8800,#8801),(#8802,#8803,#8804,#8805,#8806,
#8807,#8808,#8809,#8810),(#8811,#8812,#8813,#8814,#8815,#8816,#8817,#8818,
#8819),(#8820,#8821,#8822,#8823,#8824,#8825,#8826,#8827,#8828),(#8829,#8830,
#8831,#8832,#8833,#8834,#8835,#8836,#8837),(#8838,#8839,#8840,#8841,#8842,
#8843,#8844,#8845,#8846)),.UNSPECIFIED.,.F.,.F.,.F.,(6,3,3,3,3,3,6),(6,
3,6),(0.,0.499999999997913,0.749999999999478,0.874999999994521,0.937499999997261,
0.98509766144451,1.),(0.,0.5,1.),.UNSPECIFIED.);
#417=B_SPLINE_SURFACE_WITH_KNOTS('',3,1,((#8859,#8860),(#8861,#8862),(#8863,
#8864),(#8865,#8866)),.UNSPECIFIED.,.F.,.F.,.F.,(4,4),(2,2),(0.,1.),(0.,
1.),.UNSPECIFIED.);
#418=B_SPLINE_SURFACE_WITH_KNOTS('',5,5,((#8873,#8874,#8875,#8876,#8877,
#8878),(#8879,#8880,#8881,#8882,#8883,#8884),(#8885,#8886,#8887,#8888,#8889,
#8890),(#8891,#8892,#8893,#8894,#8895,#8896),(#8897,#8898,#8899,#8900,#8901,
#8902),(#8903,#8904,#8905,#8906,#8907,#8908)),.UNSPECIFIED.,.F.,.F.,.F.,
(6,6),(6,6),(0.,1.),(0.,1.),.UNSPECIFIED.);
#419=B_SPLINE_SURFACE_WITH_KNOTS('',3,1,((#8915,#8916),(#8917,#8918),(#8919,
#8920),(#8921,#8922)),.UNSPECIFIED.,.F.,.F.,.F.,(4,4),(2,2),(0.,1.),(0.,
1.),.UNSPECIFIED.);
#420=B_SPLINE_SURFACE_WITH_KNOTS('',5,5,((#8923,#8924,#8925,#8926,#8927,
#8928),(#8929,#8930,#8931,#8932,#8933,#8934),(#8935,#8936,#8937,#8938,#8939,
#8940),(#8941,#8942,#8943,#8944,#8945,#8946),(#8947,#8948,#8949,#8950,#8951,
#8952),(#8953,#8954,#8955,#8956,#8957,#8958)),.UNSPECIFIED.,.F.,.F.,.F.,
(6,6),(6,6),(0.,1.),(0.,1.),.UNSPECIFIED.);
#421=FACE_OUTER_BOUND('',#516,.T.);
#422=FACE_OUTER_BOUND('',#517,.T.);
#423=FACE_OUTER_BOUND('',#518,.T.);
#424=FACE_OUTER_BOUND('',#519,.T.);
#425=FACE_OUTER_BOUND('',#520,.T.);
#426=FACE_OUTER_BOUND('',#521,.T.);
#427=FACE_OUTER_BOUND('',#522,.T.);
#428=FACE_OUTER_BOUND('',#523,.T.);
#429=FACE_OUTER_BOUND('',#524,.T.);
#430=FACE_OUTER_BOUND('',#525,.T.);
#431=FACE_OUTER_BOUND('',#526,.T.);
#432=FACE_OUTER_BOUND('',#527,.T.);
#433=FACE_OUTER_BOUND('',#528,.T.);
#434=FACE_OUTER_BOUND('',#529,.T.);
#435=FACE_OUTER_BOUND('',#530,.T.);
#436=FACE_OUTER_BOUND('',#531,.T.);
#437=FACE_OUTER_BOUND('',#532,.T.);
#438=FACE_OUTER_BOUND('',#533,.T.);
#439=FACE_OUTER_BOUND('',#534,.T.);
#440=FACE_OUTER_BOUND('',#535,.T.);
#441=FACE_OUTER_BOUND('',#536,.T.);
#442=FACE_OUTER_BOUND('',#537,.T.);
#443=FACE_OUTER_BOUND('',#538,.T.);
#444=FACE_OUTER_BOUND('',#539,.T.);
#445=FACE_OUTER_BOUND('',#540,.T.);
#446=FACE_OUTER_BOUND('',#541,.T.);
#447=FACE_OUTER_BOUND('',#542,.T.);
#448=FACE_OUTER_BOUND('',#543,.T.);
#449=FACE_OUTER_BOUND('',#544,.T.);
#450=FACE_OUTER_BOUND('',#545,.T.);
#451=FACE_OUTER_BOUND('',#552,.T.);
#452=FACE_OUTER_BOUND('',#553,.T.);
#453=FACE_OUTER_BOUND('',#554,.T.);
#454=FACE_OUTER_BOUND('',#555,.T.);
#455=FACE_OUTER_BOUND('',#556,.T.);
#456=FACE_OUTER_BOUND('',#557,.T.);
#457=FACE_OUTER_BOUND('',#558,.T.);
#458=FACE_OUTER_BOUND('',#559,.T.);
#459=FACE_OUTER_BOUND('',#560,.T.);
#460=FACE_OUTER_BOUND('',#561,.T.);
#461=FACE_OUTER_BOUND('',#562,.T.);
#462=FACE_OUTER_BOUND('',#563,.T.);
#463=FACE_OUTER_BOUND('',#564,.T.);
#464=FACE_OUTER_BOUND('',#565,.T.);
#465=FACE_OUTER_BOUND('',#566,.T.);
#466=FACE_OUTER_BOUND('',#567,.T.);
#467=FACE_OUTER_BOUND('',#568,.T.);
#468=FACE_OUTER_BOUND('',#569,.T.);
#469=FACE_OUTER_BOUND('',#570,.T.);
#470=FACE_OUTER_BOUND('',#571,.T.);
#471=FACE_OUTER_BOUND('',#572,.T.);
#472=FACE_OUTER_BOUND('',#573,.T.);
#473=FACE_OUTER_BOUND('',#574,.T.);
#474=FACE_OUTER_BOUND('',#575,.T.);
#475=FACE_OUTER_BOUND('',#576,.T.);
#476=FACE_OUTER_BOUND('',#577,.T.);
#477=FACE_OUTER_BOUND('',#578,.T.);
#478=FACE_OUTER_BOUND('',#579,.T.);
#479=FACE_OUTER_BOUND('',#580,.T.);
#480=FACE_OUTER_BOUND('',#581,.T.);
#481=FACE_OUTER_BOUND('',#582,.T.);
#482=FACE_OUTER_BOUND('',#583,.T.);
#483=FACE_OUTER_BOUND('',#584,.T.);
#484=FACE_OUTER_BOUND('',#585,.T.);
#485=FACE_OUTER_BOUND('',#586,.T.);
#486=FACE_OUTER_BOUND('',#587,.T.);
#487=FACE_OUTER_BOUND('',#588,.T.);
#488=FACE_OUTER_BOUND('',#589,.T.);
#489=FACE_OUTER_BOUND('',#590,.T.);
#490=FACE_OUTER_BOUND('',#591,.T.);
#491=FACE_OUTER_BOUND('',#592,.T.);
#492=FACE_OUTER_BOUND('',#593,.T.);
#493=FACE_OUTER_BOUND('',#594,.T.);
#494=FACE_OUTER_BOUND('',#595,.T.);
#495=FACE_OUTER_BOUND('',#596,.T.);
#496=FACE_OUTER_BOUND('',#597,.T.);
#497=FACE_OUTER_BOUND('',#598,.T.);
#498=FACE_OUTER_BOUND('',#599,.T.);
#499=FACE_OUTER_BOUND('',#600,.T.);
#500=FACE_OUTER_BOUND('',#601,.T.);
#501=FACE_OUTER_BOUND('',#602,.T.);
#502=FACE_OUTER_BOUND('',#603,.T.);
#503=FACE_OUTER_BOUND('',#604,.T.);
#504=FACE_OUTER_BOUND('',#605,.T.);
#505=FACE_OUTER_BOUND('',#606,.T.);
#506=FACE_OUTER_BOUND('',#607,.T.);
#507=FACE_OUTER_BOUND('',#608,.T.);
#508=FACE_OUTER_BOUND('',#609,.T.);
#509=FACE_OUTER_BOUND('',#610,.T.);
#510=FACE_OUTER_BOUND('',#611,.T.);
#511=FACE_OUTER_BOUND('',#612,.T.);
#512=FACE_OUTER_BOUND('',#613,.T.);
#513=FACE_OUTER_BOUND('',#620,.T.);
#514=FACE_OUTER_BOUND('',#621,.T.);
#515=FACE_OUTER_BOUND('',#622,.T.);
#516=EDGE_LOOP('',(#623,#624,#625,#626));
#517=EDGE_LOOP('',(#627,#628,#629,#630,#631,#632,#633));
#518=EDGE_LOOP('',(#634,#635,#636,#637));
#519=EDGE_LOOP('',(#638,#639,#640,#641,#642));
#520=EDGE_LOOP('',(#643,#644,#645,#646));
#521=EDGE_LOOP('',(#647,#648,#649,#650));
#522=EDGE_LOOP('',(#651,#652,#653,#654));
#523=EDGE_LOOP('',(#655,#656,#657,#658));
#524=EDGE_LOOP('',(#659,#660,#661,#662));
#525=EDGE_LOOP('',(#663,#664,#665,#666,#667));
#526=EDGE_LOOP('',(#668,#669,#670,#671));
#527=EDGE_LOOP('',(#672,#673,#674,#675,#676,#677,#678));
#528=EDGE_LOOP('',(#679,#680,#681,#682));
#529=EDGE_LOOP('',(#683,#684,#685,#686));
#530=EDGE_LOOP('',(#687,#688,#689,#690));
#531=EDGE_LOOP('',(#691,#692,#693,#694));
#532=EDGE_LOOP('',(#695,#696,#697,#698));
#533=EDGE_LOOP('',(#699,#700,#701,#702,#703,#704,#705,#706,#707));
#534=EDGE_LOOP('',(#708,#709,#710,#711));
#535=EDGE_LOOP('',(#712,#713,#714,#715));
#536=EDGE_LOOP('',(#716,#717,#718,#719));
#537=EDGE_LOOP('',(#720,#721,#722,#723,#724,#725,#726,#727,#728,#729,#730,
#731,#732));
#538=EDGE_LOOP('',(#733,#734,#735,#736,#737,#738));
#539=EDGE_LOOP('',(#739,#740,#741,#742,#743));
#540=EDGE_LOOP('',(#744,#745,#746,#747));
#541=EDGE_LOOP('',(#748,#749,#750,#751));
#542=EDGE_LOOP('',(#752,#753,#754,#755,#756,#757,#758,#759,#760,#761,#762,
#763,#764));
#543=EDGE_LOOP('',(#765,#766,#767,#768));
#544=EDGE_LOOP('',(#769,#770,#771));
#545=EDGE_LOOP('',(#772,#773,#774));
#546=EDGE_LOOP('',(#775,#776,#777,#778,#779,#780,#781,#782,#783,#784,#785,
#786,#787,#788,#789,#790,#791));
#547=EDGE_LOOP('',(#792,#793,#794,#795,#796,#797,#798,#799,#800,#801,#802,
#803,#804,#805));
#548=EDGE_LOOP('',(#806,#807));
#549=EDGE_LOOP('',(#808,#809));
#550=EDGE_LOOP('',(#810,#811));
#551=EDGE_LOOP('',(#812,#813));
#552=EDGE_LOOP('',(#814,#815,#816,#817,#818,#819,#820,#821,#822,#823,#824,
#825,#826));
#553=EDGE_LOOP('',(#827,#828,#829,#830));
#554=EDGE_LOOP('',(#831,#832,#833,#834));
#555=EDGE_LOOP('',(#835,#836,#837,#838));
#556=EDGE_LOOP('',(#839,#840,#841,#842));
#557=EDGE_LOOP('',(#843,#844,#845,#846));
#558=EDGE_LOOP('',(#847,#848,#849,#850,#851,#852,#853,#854,#855,#856,#857,
#858));
#559=EDGE_LOOP('',(#859,#860,#861,#862));
#560=EDGE_LOOP('',(#863,#864,#865,#866));
#561=EDGE_LOOP('',(#867,#868,#869,#870));
#562=EDGE_LOOP('',(#871,#872,#873,#874));
#563=EDGE_LOOP('',(#875,#876,#877,#878,#879,#880,#881,#882,#883,#884,#885,
#886,#887));
#564=EDGE_LOOP('',(#888,#889,#890,#891));
#565=EDGE_LOOP('',(#892,#893,#894));
#566=EDGE_LOOP('',(#895,#896,#897,#898));
#567=EDGE_LOOP('',(#899,#900,#901));
#568=EDGE_LOOP('',(#902,#903,#904,#905));
#569=EDGE_LOOP('',(#906,#907,#908,#909));
#570=EDGE_LOOP('',(#910,#911,#912,#913));
#571=EDGE_LOOP('',(#914,#915,#916,#917));
#572=EDGE_LOOP('',(#918,#919,#920,#921));
#573=EDGE_LOOP('',(#922,#923,#924,#925));
#574=EDGE_LOOP('',(#926,#927,#928,#929,#930,#931,#932,#933,#934,#935,#936));
#575=EDGE_LOOP('',(#937,#938,#939,#940));
#576=EDGE_LOOP('',(#941,#942,#943,#944));
#577=EDGE_LOOP('',(#945,#946,#947,#948));
#578=EDGE_LOOP('',(#949,#950,#951,#952));
#579=EDGE_LOOP('',(#953,#954,#955,#956));
#580=EDGE_LOOP('',(#957,#958,#959,#960));
#581=EDGE_LOOP('',(#961,#962,#963,#964));
#582=EDGE_LOOP('',(#965,#966,#967,#968));
#583=EDGE_LOOP('',(#969,#970,#971,#972));
#584=EDGE_LOOP('',(#973,#974,#975,#976));
#585=EDGE_LOOP('',(#977,#978,#979,#980));
#586=EDGE_LOOP('',(#981,#982,#983,#984));
#587=EDGE_LOOP('',(#985,#986,#987,#988));
#588=EDGE_LOOP('',(#989,#990,#991,#992));
#589=EDGE_LOOP('',(#993,#994,#995,#996));
#590=EDGE_LOOP('',(#997,#998,#999,#1000));
#591=EDGE_LOOP('',(#1001,#1002,#1003,#1004));
#592=EDGE_LOOP('',(#1005,#1006,#1007,#1008));
#593=EDGE_LOOP('',(#1009,#1010,#1011,#1012));
#594=EDGE_LOOP('',(#1013,#1014,#1015,#1016));
#595=EDGE_LOOP('',(#1017,#1018,#1019,#1020));
#596=EDGE_LOOP('',(#1021,#1022,#1023,#1024));
#597=EDGE_LOOP('',(#1025,#1026,#1027,#1028));
#598=EDGE_LOOP('',(#1029,#1030,#1031,#1032));
#599=EDGE_LOOP('',(#1033,#1034,#1035,#1036));
#600=EDGE_LOOP('',(#1037,#1038,#1039,#1040));
#601=EDGE_LOOP('',(#1041,#1042,#1043,#1044));
#602=EDGE_LOOP('',(#1045,#1046,#1047,#1048));
#603=EDGE_LOOP('',(#1049,#1050,#1051,#1052));
#604=EDGE_LOOP('',(#1053,#1054,#1055,#1056));
#605=EDGE_LOOP('',(#1057,#1058,#1059,#1060));
#606=EDGE_LOOP('',(#1061,#1062,#1063,#1064));
#607=EDGE_LOOP('',(#1065,#1066,#1067,#1068));
#608=EDGE_LOOP('',(#1069,#1070,#1071,#1072));
#609=EDGE_LOOP('',(#1073,#1074,#1075,#1076));
#610=EDGE_LOOP('',(#1077,#1078,#1079,#1080));
#611=EDGE_LOOP('',(#1081,#1082,#1083,#1084));
#612=EDGE_LOOP('',(#1085,#1086,#1087,#1088));
#613=EDGE_LOOP('',(#1089,#1090,#1091,#1092));
#614=EDGE_LOOP('',(#1093,#1094,#1095,#1096,#1097,#1098,#1099,#1100,#1101,
#1102,#1103,#1104,#1105,#1106,#1107,#1108,#1109,#1110,#1111));
#615=EDGE_LOOP('',(#1112,#1113));
#616=EDGE_LOOP('',(#1114,#1115));
#617=EDGE_LOOP('',(#1116,#1117));
#618=EDGE_LOOP('',(#1118,#1119));
#619=EDGE_LOOP('',(#1120,#1121,#1122,#1123,#1124,#1125,#1126,#1127,#1128,
#1129,#1130,#1131,#1132,#1133));
#620=EDGE_LOOP('',(#1134,#1135,#1136,#1137,#1138,#1139,#1140,#1141,#1142,
#1143,#1144,#1145,#1146));
#621=EDGE_LOOP('',(#1147,#1148,#1149,#1150));
#622=EDGE_LOOP('',(#1151,#1152,#1153,#1154));
#623=ORIENTED_EDGE('',*,*,#1324,.T.);
#624=ORIENTED_EDGE('',*,*,#1325,.F.);
#625=ORIENTED_EDGE('',*,*,#1326,.F.);
#626=ORIENTED_EDGE('',*,*,#1327,.T.);
#627=ORIENTED_EDGE('',*,*,#1328,.T.);
#628=ORIENTED_EDGE('',*,*,#1329,.T.);
#629=ORIENTED_EDGE('',*,*,#1330,.F.);
#630=ORIENTED_EDGE('',*,*,#1324,.F.);
#631=ORIENTED_EDGE('',*,*,#1331,.T.);
#632=ORIENTED_EDGE('',*,*,#1332,.T.);
#633=ORIENTED_EDGE('',*,*,#1333,.F.);
#634=ORIENTED_EDGE('',*,*,#1326,.T.);
#635=ORIENTED_EDGE('',*,*,#1334,.F.);
#636=ORIENTED_EDGE('',*,*,#1335,.F.);
#637=ORIENTED_EDGE('',*,*,#1336,.T.);
#638=ORIENTED_EDGE('',*,*,#1337,.F.);
#639=ORIENTED_EDGE('',*,*,#1338,.F.);
#640=ORIENTED_EDGE('',*,*,#1339,.F.);
#641=ORIENTED_EDGE('',*,*,#1340,.T.);
#642=ORIENTED_EDGE('',*,*,#1328,.F.);
#643=ORIENTED_EDGE('',*,*,#1341,.F.);
#644=ORIENTED_EDGE('',*,*,#1342,.F.);
#645=ORIENTED_EDGE('',*,*,#1335,.T.);
#646=ORIENTED_EDGE('',*,*,#1343,.T.);
#647=ORIENTED_EDGE('',*,*,#1344,.T.);
#648=ORIENTED_EDGE('',*,*,#1345,.F.);
#649=ORIENTED_EDGE('',*,*,#1339,.T.);
#650=ORIENTED_EDGE('',*,*,#1346,.T.);
#651=ORIENTED_EDGE('',*,*,#1347,.F.);
#652=ORIENTED_EDGE('',*,*,#1348,.F.);
#653=ORIENTED_EDGE('',*,*,#1341,.T.);
#654=ORIENTED_EDGE('',*,*,#1349,.T.);
#655=ORIENTED_EDGE('',*,*,#1350,.T.);
#656=ORIENTED_EDGE('',*,*,#1351,.F.);
#657=ORIENTED_EDGE('',*,*,#1352,.F.);
#658=ORIENTED_EDGE('',*,*,#1344,.F.);
#659=ORIENTED_EDGE('',*,*,#1353,.F.);
#660=ORIENTED_EDGE('',*,*,#1354,.F.);
#661=ORIENTED_EDGE('',*,*,#1347,.T.);
#662=ORIENTED_EDGE('',*,*,#1355,.T.);
#663=ORIENTED_EDGE('',*,*,#1356,.T.);
#664=ORIENTED_EDGE('',*,*,#1357,.T.);
#665=ORIENTED_EDGE('',*,*,#1351,.T.);
#666=ORIENTED_EDGE('',*,*,#1358,.F.);
#667=ORIENTED_EDGE('',*,*,#1359,.F.);
#668=ORIENTED_EDGE('',*,*,#1360,.F.);
#669=ORIENTED_EDGE('',*,*,#1361,.F.);
#670=ORIENTED_EDGE('',*,*,#1353,.T.);
#671=ORIENTED_EDGE('',*,*,#1362,.T.);
#672=ORIENTED_EDGE('',*,*,#1363,.F.);
#673=ORIENTED_EDGE('',*,*,#1364,.T.);
#674=ORIENTED_EDGE('',*,*,#1356,.F.);
#675=ORIENTED_EDGE('',*,*,#1365,.F.);
#676=ORIENTED_EDGE('',*,*,#1366,.T.);
#677=ORIENTED_EDGE('',*,*,#1367,.T.);
#678=ORIENTED_EDGE('',*,*,#1368,.T.);
#679=ORIENTED_EDGE('',*,*,#1369,.F.);
#680=ORIENTED_EDGE('',*,*,#1370,.F.);
#681=ORIENTED_EDGE('',*,*,#1360,.T.);
#682=ORIENTED_EDGE('',*,*,#1371,.T.);
#683=ORIENTED_EDGE('',*,*,#1368,.F.);
#684=ORIENTED_EDGE('',*,*,#1372,.F.);
#685=ORIENTED_EDGE('',*,*,#1373,.T.);
#686=ORIENTED_EDGE('',*,*,#1374,.T.);
#687=ORIENTED_EDGE('',*,*,#1375,.F.);
#688=ORIENTED_EDGE('',*,*,#1376,.F.);
#689=ORIENTED_EDGE('',*,*,#1369,.T.);
#690=ORIENTED_EDGE('',*,*,#1377,.T.);
#691=ORIENTED_EDGE('',*,*,#1373,.F.);
#692=ORIENTED_EDGE('',*,*,#1378,.F.);
#693=ORIENTED_EDGE('',*,*,#1375,.T.);
#694=ORIENTED_EDGE('',*,*,#1379,.T.);
#695=ORIENTED_EDGE('',*,*,#1380,.T.);
#696=ORIENTED_EDGE('',*,*,#1381,.T.);
#697=ORIENTED_EDGE('',*,*,#1382,.T.);
#698=ORIENTED_EDGE('',*,*,#1383,.T.);
#699=ORIENTED_EDGE('',*,*,#1384,.T.);
#700=ORIENTED_EDGE('',*,*,#1385,.T.);
#701=ORIENTED_EDGE('',*,*,#1380,.F.);
#702=ORIENTED_EDGE('',*,*,#1386,.T.);
#703=ORIENTED_EDGE('',*,*,#1387,.F.);
#704=ORIENTED_EDGE('',*,*,#1388,.T.);
#705=ORIENTED_EDGE('',*,*,#1389,.F.);
#706=ORIENTED_EDGE('',*,*,#1390,.F.);
#707=ORIENTED_EDGE('',*,*,#1391,.F.);
#708=ORIENTED_EDGE('',*,*,#1385,.F.);
#709=ORIENTED_EDGE('',*,*,#1392,.T.);
#710=ORIENTED_EDGE('',*,*,#1393,.T.);
#711=ORIENTED_EDGE('',*,*,#1381,.F.);
#712=ORIENTED_EDGE('',*,*,#1394,.T.);
#713=ORIENTED_EDGE('',*,*,#1395,.T.);
#714=ORIENTED_EDGE('',*,*,#1382,.F.);
#715=ORIENTED_EDGE('',*,*,#1396,.F.);
#716=ORIENTED_EDGE('',*,*,#1397,.F.);
#717=ORIENTED_EDGE('',*,*,#1383,.F.);
#718=ORIENTED_EDGE('',*,*,#1398,.F.);
#719=ORIENTED_EDGE('',*,*,#1399,.T.);
#720=ORIENTED_EDGE('',*,*,#1400,.F.);
#721=ORIENTED_EDGE('',*,*,#1401,.T.);
#722=ORIENTED_EDGE('',*,*,#1402,.F.);
#723=ORIENTED_EDGE('',*,*,#1403,.F.);
#724=ORIENTED_EDGE('',*,*,#1404,.T.);
#725=ORIENTED_EDGE('',*,*,#1405,.T.);
#726=ORIENTED_EDGE('',*,*,#1406,.T.);
#727=ORIENTED_EDGE('',*,*,#1407,.T.);
#728=ORIENTED_EDGE('',*,*,#1408,.T.);
#729=ORIENTED_EDGE('',*,*,#1409,.T.);
#730=ORIENTED_EDGE('',*,*,#1392,.F.);
#731=ORIENTED_EDGE('',*,*,#1384,.F.);
#732=ORIENTED_EDGE('',*,*,#1410,.T.);
#733=ORIENTED_EDGE('',*,*,#1411,.F.);
#734=ORIENTED_EDGE('',*,*,#1412,.F.);
#735=ORIENTED_EDGE('',*,*,#1386,.F.);
#736=ORIENTED_EDGE('',*,*,#1397,.T.);
#737=ORIENTED_EDGE('',*,*,#1413,.T.);
#738=ORIENTED_EDGE('',*,*,#1414,.T.);
#739=ORIENTED_EDGE('',*,*,#1415,.F.);
#740=ORIENTED_EDGE('',*,*,#1416,.T.);
#741=ORIENTED_EDGE('',*,*,#1417,.T.);
#742=ORIENTED_EDGE('',*,*,#1387,.T.);
#743=ORIENTED_EDGE('',*,*,#1412,.T.);
#744=ORIENTED_EDGE('',*,*,#1388,.F.);
#745=ORIENTED_EDGE('',*,*,#1417,.F.);
#746=ORIENTED_EDGE('',*,*,#1418,.F.);
#747=ORIENTED_EDGE('',*,*,#1419,.F.);
#748=ORIENTED_EDGE('',*,*,#1419,.T.);
#749=ORIENTED_EDGE('',*,*,#1420,.F.);
#750=ORIENTED_EDGE('',*,*,#1421,.F.);
#751=ORIENTED_EDGE('',*,*,#1389,.T.);
#752=ORIENTED_EDGE('',*,*,#1422,.T.);
#753=ORIENTED_EDGE('',*,*,#1390,.T.);
#754=ORIENTED_EDGE('',*,*,#1421,.T.);
#755=ORIENTED_EDGE('',*,*,#1423,.T.);
#756=ORIENTED_EDGE('',*,*,#1424,.T.);
#757=ORIENTED_EDGE('',*,*,#1425,.T.);
#758=ORIENTED_EDGE('',*,*,#1426,.T.);
#759=ORIENTED_EDGE('',*,*,#1427,.T.);
#760=ORIENTED_EDGE('',*,*,#1428,.T.);
#761=ORIENTED_EDGE('',*,*,#1429,.F.);
#762=ORIENTED_EDGE('',*,*,#1430,.T.);
#763=ORIENTED_EDGE('',*,*,#1431,.T.);
#764=ORIENTED_EDGE('',*,*,#1432,.T.);
#765=ORIENTED_EDGE('',*,*,#1433,.F.);
#766=ORIENTED_EDGE('',*,*,#1410,.F.);
#767=ORIENTED_EDGE('',*,*,#1391,.T.);
#768=ORIENTED_EDGE('',*,*,#1422,.F.);
#769=ORIENTED_EDGE('',*,*,#1434,.T.);
#770=ORIENTED_EDGE('',*,*,#1396,.T.);
#771=ORIENTED_EDGE('',*,*,#1393,.F.);
#772=ORIENTED_EDGE('',*,*,#1435,.T.);
#773=ORIENTED_EDGE('',*,*,#1398,.T.);
#774=ORIENTED_EDGE('',*,*,#1395,.F.);
#775=ORIENTED_EDGE('',*,*,#1436,.T.);
#776=ORIENTED_EDGE('',*,*,#1437,.T.);
#777=ORIENTED_EDGE('',*,*,#1394,.F.);
#778=ORIENTED_EDGE('',*,*,#1438,.F.);
#779=ORIENTED_EDGE('',*,*,#1439,.T.);
#780=ORIENTED_EDGE('',*,*,#1363,.T.);
#781=ORIENTED_EDGE('',*,*,#1374,.F.);
#782=ORIENTED_EDGE('',*,*,#1379,.F.);
#783=ORIENTED_EDGE('',*,*,#1377,.F.);
#784=ORIENTED_EDGE('',*,*,#1371,.F.);
#785=ORIENTED_EDGE('',*,*,#1362,.F.);
#786=ORIENTED_EDGE('',*,*,#1355,.F.);
#787=ORIENTED_EDGE('',*,*,#1349,.F.);
#788=ORIENTED_EDGE('',*,*,#1343,.F.);
#789=ORIENTED_EDGE('',*,*,#1334,.T.);
#790=ORIENTED_EDGE('',*,*,#1325,.T.);
#791=ORIENTED_EDGE('',*,*,#1330,.T.);
#792=ORIENTED_EDGE('',*,*,#1440,.T.);
#793=ORIENTED_EDGE('',*,*,#1441,.T.);
#794=ORIENTED_EDGE('',*,*,#1442,.F.);
#795=ORIENTED_EDGE('',*,*,#1443,.F.);
#796=ORIENTED_EDGE('',*,*,#1444,.T.);
#797=ORIENTED_EDGE('',*,*,#1445,.F.);
#798=ORIENTED_EDGE('',*,*,#1446,.F.);
#799=ORIENTED_EDGE('',*,*,#1447,.T.);
#800=ORIENTED_EDGE('',*,*,#1448,.T.);
#801=ORIENTED_EDGE('',*,*,#1449,.F.);
#802=ORIENTED_EDGE('',*,*,#1450,.F.);
#803=ORIENTED_EDGE('',*,*,#1451,.F.);
#804=ORIENTED_EDGE('',*,*,#1452,.T.);
#805=ORIENTED_EDGE('',*,*,#1453,.F.);
#806=ORIENTED_EDGE('',*,*,#1454,.T.);
#807=ORIENTED_EDGE('',*,*,#1455,.T.);
#808=ORIENTED_EDGE('',*,*,#1456,.T.);
#809=ORIENTED_EDGE('',*,*,#1457,.T.);
#810=ORIENTED_EDGE('',*,*,#1458,.T.);
#811=ORIENTED_EDGE('',*,*,#1459,.T.);
#812=ORIENTED_EDGE('',*,*,#1460,.T.);
#813=ORIENTED_EDGE('',*,*,#1461,.T.);
#814=ORIENTED_EDGE('',*,*,#1413,.F.);
#815=ORIENTED_EDGE('',*,*,#1399,.F.);
#816=ORIENTED_EDGE('',*,*,#1462,.F.);
#817=ORIENTED_EDGE('',*,*,#1463,.F.);
#818=ORIENTED_EDGE('',*,*,#1464,.F.);
#819=ORIENTED_EDGE('',*,*,#1465,.F.);
#820=ORIENTED_EDGE('',*,*,#1466,.F.);
#821=ORIENTED_EDGE('',*,*,#1467,.T.);
#822=ORIENTED_EDGE('',*,*,#1468,.F.);
#823=ORIENTED_EDGE('',*,*,#1469,.F.);
#824=ORIENTED_EDGE('',*,*,#1470,.T.);
#825=ORIENTED_EDGE('',*,*,#1471,.F.);
#826=ORIENTED_EDGE('',*,*,#1472,.T.);
#827=ORIENTED_EDGE('',*,*,#1434,.F.);
#828=ORIENTED_EDGE('',*,*,#1409,.F.);
#829=ORIENTED_EDGE('',*,*,#1473,.F.);
#830=ORIENTED_EDGE('',*,*,#1438,.T.);
#831=ORIENTED_EDGE('',*,*,#1474,.T.);
#832=ORIENTED_EDGE('',*,*,#1473,.T.);
#833=ORIENTED_EDGE('',*,*,#1408,.F.);
#834=ORIENTED_EDGE('',*,*,#1475,.F.);
#835=ORIENTED_EDGE('',*,*,#1476,.T.);
#836=ORIENTED_EDGE('',*,*,#1475,.T.);
#837=ORIENTED_EDGE('',*,*,#1407,.F.);
#838=ORIENTED_EDGE('',*,*,#1477,.F.);
#839=ORIENTED_EDGE('',*,*,#1478,.T.);
#840=ORIENTED_EDGE('',*,*,#1477,.T.);
#841=ORIENTED_EDGE('',*,*,#1406,.F.);
#842=ORIENTED_EDGE('',*,*,#1479,.F.);
#843=ORIENTED_EDGE('',*,*,#1480,.F.);
#844=ORIENTED_EDGE('',*,*,#1481,.T.);
#845=ORIENTED_EDGE('',*,*,#1479,.T.);
#846=ORIENTED_EDGE('',*,*,#1405,.F.);
#847=ORIENTED_EDGE('',*,*,#1428,.F.);
#848=ORIENTED_EDGE('',*,*,#1482,.F.);
#849=ORIENTED_EDGE('',*,*,#1483,.T.);
#850=ORIENTED_EDGE('',*,*,#1484,.F.);
#851=ORIENTED_EDGE('',*,*,#1485,.F.);
#852=ORIENTED_EDGE('',*,*,#1486,.T.);
#853=ORIENTED_EDGE('',*,*,#1467,.F.);
#854=ORIENTED_EDGE('',*,*,#1487,.T.);
#855=ORIENTED_EDGE('',*,*,#1488,.F.);
#856=ORIENTED_EDGE('',*,*,#1480,.T.);
#857=ORIENTED_EDGE('',*,*,#1404,.F.);
#858=ORIENTED_EDGE('',*,*,#1489,.F.);
#859=ORIENTED_EDGE('',*,*,#1403,.T.);
#860=ORIENTED_EDGE('',*,*,#1490,.F.);
#861=ORIENTED_EDGE('',*,*,#1429,.T.);
#862=ORIENTED_EDGE('',*,*,#1489,.T.);
#863=ORIENTED_EDGE('',*,*,#1430,.F.);
#864=ORIENTED_EDGE('',*,*,#1490,.T.);
#865=ORIENTED_EDGE('',*,*,#1402,.T.);
#866=ORIENTED_EDGE('',*,*,#1491,.T.);
#867=ORIENTED_EDGE('',*,*,#1491,.F.);
#868=ORIENTED_EDGE('',*,*,#1401,.F.);
#869=ORIENTED_EDGE('',*,*,#1492,.T.);
#870=ORIENTED_EDGE('',*,*,#1431,.F.);
#871=ORIENTED_EDGE('',*,*,#1432,.F.);
#872=ORIENTED_EDGE('',*,*,#1492,.F.);
#873=ORIENTED_EDGE('',*,*,#1400,.T.);
#874=ORIENTED_EDGE('',*,*,#1433,.T.);
#875=ORIENTED_EDGE('',*,*,#1493,.T.);
#876=ORIENTED_EDGE('',*,*,#1494,.T.);
#877=ORIENTED_EDGE('',*,*,#1495,.T.);
#878=ORIENTED_EDGE('',*,*,#1496,.T.);
#879=ORIENTED_EDGE('',*,*,#1497,.F.);
#880=ORIENTED_EDGE('',*,*,#1485,.T.);
#881=ORIENTED_EDGE('',*,*,#1498,.T.);
#882=ORIENTED_EDGE('',*,*,#1499,.T.);
#883=ORIENTED_EDGE('',*,*,#1500,.T.);
#884=ORIENTED_EDGE('',*,*,#1501,.T.);
#885=ORIENTED_EDGE('',*,*,#1502,.T.);
#886=ORIENTED_EDGE('',*,*,#1415,.T.);
#887=ORIENTED_EDGE('',*,*,#1411,.T.);
#888=ORIENTED_EDGE('',*,*,#1414,.F.);
#889=ORIENTED_EDGE('',*,*,#1472,.F.);
#890=ORIENTED_EDGE('',*,*,#1503,.T.);
#891=ORIENTED_EDGE('',*,*,#1493,.F.);
#892=ORIENTED_EDGE('',*,*,#1504,.T.);
#893=ORIENTED_EDGE('',*,*,#1416,.F.);
#894=ORIENTED_EDGE('',*,*,#1505,.F.);
#895=ORIENTED_EDGE('',*,*,#1506,.T.);
#896=ORIENTED_EDGE('',*,*,#1418,.T.);
#897=ORIENTED_EDGE('',*,*,#1504,.F.);
#898=ORIENTED_EDGE('',*,*,#1507,.F.);
#899=ORIENTED_EDGE('',*,*,#1420,.T.);
#900=ORIENTED_EDGE('',*,*,#1506,.F.);
#901=ORIENTED_EDGE('',*,*,#1508,.F.);
#902=ORIENTED_EDGE('',*,*,#1509,.T.);
#903=ORIENTED_EDGE('',*,*,#1510,.F.);
#904=ORIENTED_EDGE('',*,*,#1423,.F.);
#905=ORIENTED_EDGE('',*,*,#1508,.T.);
#906=ORIENTED_EDGE('',*,*,#1510,.T.);
#907=ORIENTED_EDGE('',*,*,#1511,.T.);
#908=ORIENTED_EDGE('',*,*,#1512,.F.);
#909=ORIENTED_EDGE('',*,*,#1424,.F.);
#910=ORIENTED_EDGE('',*,*,#1512,.T.);
#911=ORIENTED_EDGE('',*,*,#1513,.T.);
#912=ORIENTED_EDGE('',*,*,#1514,.F.);
#913=ORIENTED_EDGE('',*,*,#1425,.F.);
#914=ORIENTED_EDGE('',*,*,#1514,.T.);
#915=ORIENTED_EDGE('',*,*,#1515,.T.);
#916=ORIENTED_EDGE('',*,*,#1516,.F.);
#917=ORIENTED_EDGE('',*,*,#1426,.F.);
#918=ORIENTED_EDGE('',*,*,#1427,.F.);
#919=ORIENTED_EDGE('',*,*,#1516,.T.);
#920=ORIENTED_EDGE('',*,*,#1517,.T.);
#921=ORIENTED_EDGE('',*,*,#1482,.T.);
#922=ORIENTED_EDGE('',*,*,#1435,.F.);
#923=ORIENTED_EDGE('',*,*,#1437,.F.);
#924=ORIENTED_EDGE('',*,*,#1518,.F.);
#925=ORIENTED_EDGE('',*,*,#1462,.T.);
#926=ORIENTED_EDGE('',*,*,#1329,.F.);
#927=ORIENTED_EDGE('',*,*,#1340,.F.);
#928=ORIENTED_EDGE('',*,*,#1345,.T.);
#929=ORIENTED_EDGE('',*,*,#1352,.T.);
#930=ORIENTED_EDGE('',*,*,#1357,.F.);
#931=ORIENTED_EDGE('',*,*,#1364,.F.);
#932=ORIENTED_EDGE('',*,*,#1439,.F.);
#933=ORIENTED_EDGE('',*,*,#1474,.F.);
#934=ORIENTED_EDGE('',*,*,#1519,.F.);
#935=ORIENTED_EDGE('',*,*,#1520,.T.);
#936=ORIENTED_EDGE('',*,*,#1436,.F.);
#937=ORIENTED_EDGE('',*,*,#1521,.T.);
#938=ORIENTED_EDGE('',*,*,#1522,.T.);
#939=ORIENTED_EDGE('',*,*,#1523,.F.);
#940=ORIENTED_EDGE('',*,*,#1440,.F.);
#941=ORIENTED_EDGE('',*,*,#1523,.T.);
#942=ORIENTED_EDGE('',*,*,#1524,.T.);
#943=ORIENTED_EDGE('',*,*,#1525,.F.);
#944=ORIENTED_EDGE('',*,*,#1441,.F.);
#945=ORIENTED_EDGE('',*,*,#1526,.F.);
#946=ORIENTED_EDGE('',*,*,#1442,.T.);
#947=ORIENTED_EDGE('',*,*,#1525,.T.);
#948=ORIENTED_EDGE('',*,*,#1527,.F.);
#949=ORIENTED_EDGE('',*,*,#1528,.T.);
#950=ORIENTED_EDGE('',*,*,#1529,.F.);
#951=ORIENTED_EDGE('',*,*,#1443,.T.);
#952=ORIENTED_EDGE('',*,*,#1526,.T.);
#953=ORIENTED_EDGE('',*,*,#1530,.F.);
#954=ORIENTED_EDGE('',*,*,#1444,.F.);
#955=ORIENTED_EDGE('',*,*,#1529,.T.);
#956=ORIENTED_EDGE('',*,*,#1531,.T.);
#957=ORIENTED_EDGE('',*,*,#1532,.T.);
#958=ORIENTED_EDGE('',*,*,#1533,.F.);
#959=ORIENTED_EDGE('',*,*,#1445,.T.);
#960=ORIENTED_EDGE('',*,*,#1530,.T.);
#961=ORIENTED_EDGE('',*,*,#1534,.F.);
#962=ORIENTED_EDGE('',*,*,#1535,.F.);
#963=ORIENTED_EDGE('',*,*,#1446,.T.);
#964=ORIENTED_EDGE('',*,*,#1533,.T.);
#965=ORIENTED_EDGE('',*,*,#1535,.T.);
#966=ORIENTED_EDGE('',*,*,#1536,.T.);
#967=ORIENTED_EDGE('',*,*,#1537,.F.);
#968=ORIENTED_EDGE('',*,*,#1447,.F.);
#969=ORIENTED_EDGE('',*,*,#1537,.T.);
#970=ORIENTED_EDGE('',*,*,#1538,.T.);
#971=ORIENTED_EDGE('',*,*,#1539,.F.);
#972=ORIENTED_EDGE('',*,*,#1448,.F.);
#973=ORIENTED_EDGE('',*,*,#1539,.T.);
#974=ORIENTED_EDGE('',*,*,#1540,.F.);
#975=ORIENTED_EDGE('',*,*,#1541,.F.);
#976=ORIENTED_EDGE('',*,*,#1449,.T.);
#977=ORIENTED_EDGE('',*,*,#1450,.T.);
#978=ORIENTED_EDGE('',*,*,#1541,.T.);
#979=ORIENTED_EDGE('',*,*,#1542,.F.);
#980=ORIENTED_EDGE('',*,*,#1543,.F.);
#981=ORIENTED_EDGE('',*,*,#1544,.T.);
#982=ORIENTED_EDGE('',*,*,#1545,.F.);
#983=ORIENTED_EDGE('',*,*,#1451,.T.);
#984=ORIENTED_EDGE('',*,*,#1543,.T.);
#985=ORIENTED_EDGE('',*,*,#1546,.F.);
#986=ORIENTED_EDGE('',*,*,#1452,.F.);
#987=ORIENTED_EDGE('',*,*,#1545,.T.);
#988=ORIENTED_EDGE('',*,*,#1547,.T.);
#989=ORIENTED_EDGE('',*,*,#1548,.T.);
#990=ORIENTED_EDGE('',*,*,#1521,.F.);
#991=ORIENTED_EDGE('',*,*,#1453,.T.);
#992=ORIENTED_EDGE('',*,*,#1546,.T.);
#993=ORIENTED_EDGE('',*,*,#1549,.T.);
#994=ORIENTED_EDGE('',*,*,#1550,.T.);
#995=ORIENTED_EDGE('',*,*,#1551,.F.);
#996=ORIENTED_EDGE('',*,*,#1454,.F.);
#997=ORIENTED_EDGE('',*,*,#1551,.T.);
#998=ORIENTED_EDGE('',*,*,#1552,.T.);
#999=ORIENTED_EDGE('',*,*,#1549,.F.);
#1000=ORIENTED_EDGE('',*,*,#1455,.F.);
#1001=ORIENTED_EDGE('',*,*,#1553,.T.);
#1002=ORIENTED_EDGE('',*,*,#1554,.T.);
#1003=ORIENTED_EDGE('',*,*,#1555,.F.);
#1004=ORIENTED_EDGE('',*,*,#1456,.F.);
#1005=ORIENTED_EDGE('',*,*,#1555,.T.);
#1006=ORIENTED_EDGE('',*,*,#1556,.T.);
#1007=ORIENTED_EDGE('',*,*,#1553,.F.);
#1008=ORIENTED_EDGE('',*,*,#1457,.F.);
#1009=ORIENTED_EDGE('',*,*,#1557,.T.);
#1010=ORIENTED_EDGE('',*,*,#1558,.T.);
#1011=ORIENTED_EDGE('',*,*,#1559,.F.);
#1012=ORIENTED_EDGE('',*,*,#1458,.F.);
#1013=ORIENTED_EDGE('',*,*,#1559,.T.);
#1014=ORIENTED_EDGE('',*,*,#1560,.T.);
#1015=ORIENTED_EDGE('',*,*,#1557,.F.);
#1016=ORIENTED_EDGE('',*,*,#1459,.F.);
#1017=ORIENTED_EDGE('',*,*,#1561,.T.);
#1018=ORIENTED_EDGE('',*,*,#1562,.T.);
#1019=ORIENTED_EDGE('',*,*,#1563,.F.);
#1020=ORIENTED_EDGE('',*,*,#1460,.F.);
#1021=ORIENTED_EDGE('',*,*,#1563,.T.);
#1022=ORIENTED_EDGE('',*,*,#1564,.T.);
#1023=ORIENTED_EDGE('',*,*,#1561,.F.);
#1024=ORIENTED_EDGE('',*,*,#1461,.F.);
#1025=ORIENTED_EDGE('',*,*,#1471,.T.);
#1026=ORIENTED_EDGE('',*,*,#1565,.T.);
#1027=ORIENTED_EDGE('',*,*,#1494,.F.);
#1028=ORIENTED_EDGE('',*,*,#1503,.F.);
#1029=ORIENTED_EDGE('',*,*,#1565,.F.);
#1030=ORIENTED_EDGE('',*,*,#1470,.F.);
#1031=ORIENTED_EDGE('',*,*,#1566,.T.);
#1032=ORIENTED_EDGE('',*,*,#1495,.F.);
#1033=ORIENTED_EDGE('',*,*,#1469,.T.);
#1034=ORIENTED_EDGE('',*,*,#1567,.F.);
#1035=ORIENTED_EDGE('',*,*,#1496,.F.);
#1036=ORIENTED_EDGE('',*,*,#1566,.F.);
#1037=ORIENTED_EDGE('',*,*,#1468,.T.);
#1038=ORIENTED_EDGE('',*,*,#1486,.F.);
#1039=ORIENTED_EDGE('',*,*,#1497,.T.);
#1040=ORIENTED_EDGE('',*,*,#1567,.T.);
#1041=ORIENTED_EDGE('',*,*,#1487,.F.);
#1042=ORIENTED_EDGE('',*,*,#1466,.T.);
#1043=ORIENTED_EDGE('',*,*,#1568,.T.);
#1044=ORIENTED_EDGE('',*,*,#1569,.F.);
#1045=ORIENTED_EDGE('',*,*,#1465,.T.);
#1046=ORIENTED_EDGE('',*,*,#1570,.T.);
#1047=ORIENTED_EDGE('',*,*,#1571,.F.);
#1048=ORIENTED_EDGE('',*,*,#1568,.F.);
#1049=ORIENTED_EDGE('',*,*,#1464,.T.);
#1050=ORIENTED_EDGE('',*,*,#1572,.T.);
#1051=ORIENTED_EDGE('',*,*,#1573,.F.);
#1052=ORIENTED_EDGE('',*,*,#1570,.F.);
#1053=ORIENTED_EDGE('',*,*,#1463,.T.);
#1054=ORIENTED_EDGE('',*,*,#1518,.T.);
#1055=ORIENTED_EDGE('',*,*,#1520,.F.);
#1056=ORIENTED_EDGE('',*,*,#1572,.F.);
#1057=ORIENTED_EDGE('',*,*,#1573,.T.);
#1058=ORIENTED_EDGE('',*,*,#1519,.T.);
#1059=ORIENTED_EDGE('',*,*,#1476,.F.);
#1060=ORIENTED_EDGE('',*,*,#1574,.T.);
#1061=ORIENTED_EDGE('',*,*,#1571,.T.);
#1062=ORIENTED_EDGE('',*,*,#1574,.F.);
#1063=ORIENTED_EDGE('',*,*,#1478,.F.);
#1064=ORIENTED_EDGE('',*,*,#1575,.F.);
#1065=ORIENTED_EDGE('',*,*,#1575,.T.);
#1066=ORIENTED_EDGE('',*,*,#1481,.F.);
#1067=ORIENTED_EDGE('',*,*,#1488,.T.);
#1068=ORIENTED_EDGE('',*,*,#1569,.T.);
#1069=ORIENTED_EDGE('',*,*,#1576,.F.);
#1070=ORIENTED_EDGE('',*,*,#1483,.F.);
#1071=ORIENTED_EDGE('',*,*,#1517,.F.);
#1072=ORIENTED_EDGE('',*,*,#1577,.F.);
#1073=ORIENTED_EDGE('',*,*,#1576,.T.);
#1074=ORIENTED_EDGE('',*,*,#1578,.F.);
#1075=ORIENTED_EDGE('',*,*,#1498,.F.);
#1076=ORIENTED_EDGE('',*,*,#1484,.T.);
#1077=ORIENTED_EDGE('',*,*,#1578,.T.);
#1078=ORIENTED_EDGE('',*,*,#1579,.T.);
#1079=ORIENTED_EDGE('',*,*,#1580,.F.);
#1080=ORIENTED_EDGE('',*,*,#1499,.F.);
#1081=ORIENTED_EDGE('',*,*,#1580,.T.);
#1082=ORIENTED_EDGE('',*,*,#1581,.T.);
#1083=ORIENTED_EDGE('',*,*,#1582,.F.);
#1084=ORIENTED_EDGE('',*,*,#1500,.F.);
#1085=ORIENTED_EDGE('',*,*,#1582,.T.);
#1086=ORIENTED_EDGE('',*,*,#1583,.T.);
#1087=ORIENTED_EDGE('',*,*,#1584,.F.);
#1088=ORIENTED_EDGE('',*,*,#1501,.F.);
#1089=ORIENTED_EDGE('',*,*,#1502,.F.);
#1090=ORIENTED_EDGE('',*,*,#1584,.T.);
#1091=ORIENTED_EDGE('',*,*,#1585,.T.);
#1092=ORIENTED_EDGE('',*,*,#1505,.T.);
#1093=ORIENTED_EDGE('',*,*,#1332,.F.);
#1094=ORIENTED_EDGE('',*,*,#1331,.F.);
#1095=ORIENTED_EDGE('',*,*,#1327,.F.);
#1096=ORIENTED_EDGE('',*,*,#1336,.F.);
#1097=ORIENTED_EDGE('',*,*,#1342,.T.);
#1098=ORIENTED_EDGE('',*,*,#1348,.T.);
#1099=ORIENTED_EDGE('',*,*,#1354,.T.);
#1100=ORIENTED_EDGE('',*,*,#1361,.T.);
#1101=ORIENTED_EDGE('',*,*,#1370,.T.);
#1102=ORIENTED_EDGE('',*,*,#1376,.T.);
#1103=ORIENTED_EDGE('',*,*,#1378,.T.);
#1104=ORIENTED_EDGE('',*,*,#1372,.T.);
#1105=ORIENTED_EDGE('',*,*,#1367,.F.);
#1106=ORIENTED_EDGE('',*,*,#1366,.F.);
#1107=ORIENTED_EDGE('',*,*,#1586,.F.);
#1108=ORIENTED_EDGE('',*,*,#1509,.F.);
#1109=ORIENTED_EDGE('',*,*,#1507,.T.);
#1110=ORIENTED_EDGE('',*,*,#1585,.F.);
#1111=ORIENTED_EDGE('',*,*,#1587,.F.);
#1112=ORIENTED_EDGE('',*,*,#1554,.F.);
#1113=ORIENTED_EDGE('',*,*,#1556,.F.);
#1114=ORIENTED_EDGE('',*,*,#1552,.F.);
#1115=ORIENTED_EDGE('',*,*,#1550,.F.);
#1116=ORIENTED_EDGE('',*,*,#1562,.F.);
#1117=ORIENTED_EDGE('',*,*,#1564,.F.);
#1118=ORIENTED_EDGE('',*,*,#1558,.F.);
#1119=ORIENTED_EDGE('',*,*,#1560,.F.);
#1120=ORIENTED_EDGE('',*,*,#1548,.F.);
#1121=ORIENTED_EDGE('',*,*,#1547,.F.);
#1122=ORIENTED_EDGE('',*,*,#1544,.F.);
#1123=ORIENTED_EDGE('',*,*,#1542,.T.);
#1124=ORIENTED_EDGE('',*,*,#1540,.T.);
#1125=ORIENTED_EDGE('',*,*,#1538,.F.);
#1126=ORIENTED_EDGE('',*,*,#1536,.F.);
#1127=ORIENTED_EDGE('',*,*,#1534,.T.);
#1128=ORIENTED_EDGE('',*,*,#1532,.F.);
#1129=ORIENTED_EDGE('',*,*,#1531,.F.);
#1130=ORIENTED_EDGE('',*,*,#1528,.F.);
#1131=ORIENTED_EDGE('',*,*,#1527,.T.);
#1132=ORIENTED_EDGE('',*,*,#1524,.F.);
#1133=ORIENTED_EDGE('',*,*,#1522,.F.);
#1134=ORIENTED_EDGE('',*,*,#1587,.T.);
#1135=ORIENTED_EDGE('',*,*,#1583,.F.);
#1136=ORIENTED_EDGE('',*,*,#1588,.T.);
#1137=ORIENTED_EDGE('',*,*,#1511,.F.);
#1138=ORIENTED_EDGE('',*,*,#1586,.T.);
#1139=ORIENTED_EDGE('',*,*,#1365,.T.);
#1140=ORIENTED_EDGE('',*,*,#1359,.T.);
#1141=ORIENTED_EDGE('',*,*,#1358,.T.);
#1142=ORIENTED_EDGE('',*,*,#1350,.F.);
#1143=ORIENTED_EDGE('',*,*,#1346,.F.);
#1144=ORIENTED_EDGE('',*,*,#1338,.T.);
#1145=ORIENTED_EDGE('',*,*,#1337,.T.);
#1146=ORIENTED_EDGE('',*,*,#1333,.T.);
#1147=ORIENTED_EDGE('',*,*,#1589,.F.);
#1148=ORIENTED_EDGE('',*,*,#1513,.F.);
#1149=ORIENTED_EDGE('',*,*,#1588,.F.);
#1150=ORIENTED_EDGE('',*,*,#1581,.F.);
#1151=ORIENTED_EDGE('',*,*,#1577,.T.);
#1152=ORIENTED_EDGE('',*,*,#1515,.F.);
#1153=ORIENTED_EDGE('',*,*,#1589,.T.);
#1154=ORIENTED_EDGE('',*,*,#1579,.F.);
#1155=VERTEX_POINT('',#2092);
#1156=VERTEX_POINT('',#2093);
#1157=VERTEX_POINT('',#2100);
#1158=VERTEX_POINT('',#2103);
#1159=VERTEX_POINT('',#2203);
#1160=VERTEX_POINT('',#2204);
#1161=VERTEX_POINT('',#2213);
#1162=VERTEX_POINT('',#2222);
#1163=VERTEX_POINT('',#2227);
#1164=VERTEX_POINT('',#2618);
#1165=VERTEX_POINT('',#2621);
#1166=VERTEX_POINT('',#2684);
#1167=VERTEX_POINT('',#2691);
#1168=VERTEX_POINT('',#2695);
#1169=VERTEX_POINT('',#2781);
#1170=VERTEX_POINT('',#2782);
#1171=VERTEX_POINT('',#2871);
#1172=VERTEX_POINT('',#2872);
#1173=VERTEX_POINT('',#2965);
#1174=VERTEX_POINT('',#2966);
#1175=VERTEX_POINT('',#3030);
#1176=VERTEX_POINT('',#3034);
#1177=VERTEX_POINT('',#3117);
#1178=VERTEX_POINT('',#3118);
#1179=VERTEX_POINT('',#3160);
#1180=VERTEX_POINT('',#3161);
#1181=VERTEX_POINT('',#3181);
#1182=VERTEX_POINT('',#3283);
#1183=VERTEX_POINT('',#3284);
#1184=VERTEX_POINT('',#3327);
#1185=VERTEX_POINT('',#3328);
#1186=VERTEX_POINT('',#3341);
#1187=VERTEX_POINT('',#3346);
#1188=VERTEX_POINT('',#3351);
#1189=VERTEX_POINT('',#3680);
#1190=VERTEX_POINT('',#3681);
#1191=VERTEX_POINT('',#3741);
#1192=VERTEX_POINT('',#3744);
#1193=VERTEX_POINT('',#3883);
#1194=VERTEX_POINT('',#3884);
#1195=VERTEX_POINT('',#4031);
#1196=VERTEX_POINT('',#4032);
#1197=VERTEX_POINT('',#4034);
#1198=VERTEX_POINT('',#4036);
#1199=VERTEX_POINT('',#4040);
#1200=VERTEX_POINT('',#4041);
#1201=VERTEX_POINT('',#4044);
#1202=VERTEX_POINT('',#4046);
#1203=VERTEX_POINT('',#4048);
#1204=VERTEX_POINT('',#4050);
#1205=VERTEX_POINT('',#4052);
#1206=VERTEX_POINT('',#4056);
#1207=VERTEX_POINT('',#4060);
#1208=VERTEX_POINT('',#4061);
#1209=VERTEX_POINT('',#4066);
#1210=VERTEX_POINT('',#4068);
#1211=VERTEX_POINT('',#4072);
#1212=VERTEX_POINT('',#4073);
#1213=VERTEX_POINT('',#4075);
#1214=VERTEX_POINT('',#4077);
#1215=VERTEX_POINT('',#4079);
#1216=VERTEX_POINT('',#4081);
#1217=VERTEX_POINT('',#4083);
#1218=VERTEX_POINT('',#4123);
#1219=VERTEX_POINT('',#4136);
#1220=VERTEX_POINT('',#4161);
#1221=VERTEX_POINT('',#4177);
#1222=VERTEX_POINT('',#4178);
#1223=VERTEX_POINT('',#4181);
#1224=VERTEX_POINT('',#4185);
#1225=VERTEX_POINT('',#4187);
#1226=VERTEX_POINT('',#4191);
#1227=VERTEX_POINT('',#4195);
#1228=VERTEX_POINT('',#4199);
#1229=VERTEX_POINT('',#4212);
#1230=VERTEX_POINT('',#4228);
#1231=VERTEX_POINT('',#4238);
#1232=VERTEX_POINT('',#4275);
#1233=VERTEX_POINT('',#4277);
#1234=VERTEX_POINT('',#4279);
#1235=VERTEX_POINT('',#4281);
#1236=VERTEX_POINT('',#4283);
#1237=VERTEX_POINT('',#4285);
#1238=VERTEX_POINT('',#4318);
#1239=VERTEX_POINT('',#4346);
#1240=VERTEX_POINT('',#4355);
#1241=VERTEX_POINT('',#4356);
#1242=VERTEX_POINT('',#4361);
#1243=VERTEX_POINT('',#4368);
#1244=VERTEX_POINT('',#4373);
#1245=VERTEX_POINT('',#4378);
#1246=VERTEX_POINT('',#4383);
#1247=VERTEX_POINT('',#4386);
#1248=VERTEX_POINT('',#4393);
#1249=VERTEX_POINT('',#4398);
#1250=VERTEX_POINT('',#4405);
#1251=VERTEX_POINT('',#4408);
#1252=VERTEX_POINT('',#4413);
#1253=VERTEX_POINT('',#4420);
#1254=VERTEX_POINT('',#4435);
#1255=VERTEX_POINT('',#4436);
#1256=VERTEX_POINT('',#4457);
#1257=VERTEX_POINT('',#4458);
#1258=VERTEX_POINT('',#4479);
#1259=VERTEX_POINT('',#4480);
#1260=VERTEX_POINT('',#4501);
#1261=VERTEX_POINT('',#4502);
#1262=VERTEX_POINT('',#4537);
#1263=VERTEX_POINT('',#4562);
#1264=VERTEX_POINT('',#4575);
#1265=VERTEX_POINT('',#4615);
#1266=VERTEX_POINT('',#4617);
#1267=VERTEX_POINT('',#4619);
#1268=VERTEX_POINT('',#4621);
#1269=VERTEX_POINT('',#4623);
#1270=VERTEX_POINT('',#4625);
#1271=VERTEX_POINT('',#4627);
#1272=VERTEX_POINT('',#4852);
#1273=VERTEX_POINT('',#5096);
#1274=VERTEX_POINT('',#5301);
#1275=VERTEX_POINT('',#5633);
#1276=VERTEX_POINT('',#5637);
#1277=VERTEX_POINT('',#5639);
#1278=VERTEX_POINT('',#5641);
#1279=VERTEX_POINT('',#5643);
#1280=VERTEX_POINT('',#5646);
#1281=VERTEX_POINT('',#5658);
#1282=VERTEX_POINT('',#5660);
#1283=VERTEX_POINT('',#5662);
#1284=VERTEX_POINT('',#5664);
#1285=VERTEX_POINT('',#5667);
#1286=VERTEX_POINT('',#5707);
#1287=VERTEX_POINT('',#5720);
#1288=VERTEX_POINT('',#5745);
#1289=VERTEX_POINT('',#5759);
#1290=VERTEX_POINT('',#5771);
#1291=VERTEX_POINT('',#5799);
#1292=VERTEX_POINT('',#5953);
#1293=VERTEX_POINT('',#6053);
#1294=VERTEX_POINT('',#6177);
#1295=VERTEX_POINT('',#6683);
#1296=VERTEX_POINT('',#6709);
#1297=VERTEX_POINT('',#6716);
#1298=VERTEX_POINT('',#6723);
#1299=VERTEX_POINT('',#6727);
#1300=VERTEX_POINT('',#6739);
#1301=VERTEX_POINT('',#6743);
#1302=VERTEX_POINT('',#6753);
#1303=VERTEX_POINT('',#6757);
#1304=VERTEX_POINT('',#6766);
#1305=VERTEX_POINT('',#6773);
#1306=VERTEX_POINT('',#6782);
#1307=VERTEX_POINT('',#6786);
#1308=VERTEX_POINT('',#6793);
#1309=VERTEX_POINT('',#6797);
#1310=VERTEX_POINT('',#6811);
#1311=VERTEX_POINT('',#6822);
#1312=VERTEX_POINT('',#6837);
#1313=VERTEX_POINT('',#6848);
#1314=VERTEX_POINT('',#6863);
#1315=VERTEX_POINT('',#6874);
#1316=VERTEX_POINT('',#6889);
#1317=VERTEX_POINT('',#6900);
#1318=VERTEX_POINT('',#6927);
#1319=VERTEX_POINT('',#6939);
#1320=VERTEX_POINT('',#7725);
#1321=VERTEX_POINT('',#7776);
#1322=VERTEX_POINT('',#8137);
#1323=VERTEX_POINT('',#8414);
#1324=EDGE_CURVE('',#1155,#1156,#1590,.T.);
#1325=EDGE_CURVE('',#1157,#1156,#1591,.T.);
#1326=EDGE_CURVE('',#1158,#1157,#1592,.T.);
#1327=EDGE_CURVE('',#1158,#1155,#1593,.T.);
#1328=EDGE_CURVE('',#1159,#1160,#1594,.T.);
#1329=EDGE_CURVE('',#1160,#1161,#1595,.T.);
#1330=EDGE_CURVE('',#1156,#1161,#1596,.T.);
#1331=EDGE_CURVE('',#1155,#1162,#1597,.T.);
#1332=EDGE_CURVE('',#1162,#1163,#1598,.T.);
#1333=EDGE_CURVE('',#1159,#1163,#1599,.T.);
#1334=EDGE_CURVE('',#1164,#1157,#1600,.T.);
#1335=EDGE_CURVE('',#1165,#1164,#1601,.T.);
#1336=EDGE_CURVE('',#1165,#1158,#1602,.T.);
#1337=EDGE_CURVE('',#1166,#1159,#1603,.T.);
#1338=EDGE_CURVE('',#1167,#1166,#1604,.T.);
#1339=EDGE_CURVE('',#1168,#1167,#1605,.T.);
#1340=EDGE_CURVE('',#1168,#1160,#1606,.T.);
#1341=EDGE_CURVE('',#1169,#1170,#1607,.T.);
#1342=EDGE_CURVE('',#1165,#1169,#1608,.T.);
#1343=EDGE_CURVE('',#1164,#1170,#1609,.T.);
#1344=EDGE_CURVE('',#1171,#1172,#1610,.T.);
#1345=EDGE_CURVE('',#1168,#1172,#1611,.T.);
#1346=EDGE_CURVE('',#1167,#1171,#1612,.T.);
#1347=EDGE_CURVE('',#1173,#1174,#1613,.T.);
#1348=EDGE_CURVE('',#1169,#1173,#1614,.T.);
#1349=EDGE_CURVE('',#1170,#1174,#1615,.T.);
#1350=EDGE_CURVE('',#1171,#1175,#1616,.T.);
#1351=EDGE_CURVE('',#1176,#1175,#1617,.T.);
#1352=EDGE_CURVE('',#1172,#1176,#1618,.T.);
#1353=EDGE_CURVE('',#1177,#1178,#1619,.T.);
#1354=EDGE_CURVE('',#1173,#1177,#1620,.T.);
#1355=EDGE_CURVE('',#1174,#1178,#1621,.T.);
#1356=EDGE_CURVE('',#1179,#1180,#1622,.T.);
#1357=EDGE_CURVE('',#1180,#1176,#1623,.T.);
#1358=EDGE_CURVE('',#1181,#1175,#1624,.T.);
#1359=EDGE_CURVE('',#1179,#1181,#1625,.T.);
#1360=EDGE_CURVE('',#1182,#1183,#1626,.T.);
#1361=EDGE_CURVE('',#1177,#1182,#1627,.T.);
#1362=EDGE_CURVE('',#1178,#1183,#1628,.T.);
#1363=EDGE_CURVE('',#1184,#1185,#1629,.T.);
#1364=EDGE_CURVE('',#1184,#1180,#1630,.T.);
#1365=EDGE_CURVE('',#1186,#1179,#1631,.T.);
#1366=EDGE_CURVE('',#1186,#1187,#1632,.T.);
#1367=EDGE_CURVE('',#1187,#1188,#1633,.T.);
#1368=EDGE_CURVE('',#1188,#1185,#1634,.T.);
#1369=EDGE_CURVE('',#1189,#1190,#1635,.T.);
#1370=EDGE_CURVE('',#1182,#1189,#1636,.T.);
#1371=EDGE_CURVE('',#1183,#1190,#1637,.T.);
#1372=EDGE_CURVE('',#1191,#1188,#1638,.T.);
#1373=EDGE_CURVE('',#1191,#1192,#1639,.T.);
#1374=EDGE_CURVE('',#1192,#1185,#1640,.T.);
#1375=EDGE_CURVE('',#1193,#1194,#1641,.T.);
#1376=EDGE_CURVE('',#1189,#1193,#1642,.T.);
#1377=EDGE_CURVE('',#1190,#1194,#1643,.T.);
#1378=EDGE_CURVE('',#1193,#1191,#1644,.T.);
#1379=EDGE_CURVE('',#1194,#1192,#1645,.T.);
#1380=EDGE_CURVE('LINE',#1195,#1196,#132,.T.);
#1381=EDGE_CURVE('LINE',#1196,#1197,#133,.T.);
#1382=EDGE_CURVE('LINE',#1197,#1198,#134,.T.);
#1383=EDGE_CURVE('LINE',#1198,#1195,#135,.T.);
#1384=EDGE_CURVE('LINE',#1199,#1200,#136,.T.);
#1385=EDGE_CURVE('GENERATED CIRCLE',#1200,#1196,#84,.T.);
#1386=EDGE_CURVE('LINE',#1195,#1201,#137,.T.);
#1387=EDGE_CURVE('GENERATED CIRCLE',#1202,#1201,#85,.T.);
#1388=EDGE_CURVE('LINE',#1202,#1203,#138,.T.);
#1389=EDGE_CURVE('GENERATED CIRCLE',#1204,#1203,#86,.T.);
#1390=EDGE_CURVE('LINE',#1205,#1204,#139,.T.);
#1391=EDGE_CURVE('LINE',#1199,#1205,#140,.T.);
#1392=EDGE_CURVE('LINE',#1200,#1206,#141,.T.);
#1393=EDGE_CURVE('GENERATED CIRCLE',#1206,#1197,#87,.T.);
#1394=EDGE_CURVE('LINE',#1207,#1208,#142,.T.);
#1395=EDGE_CURVE('GENERATED CIRCLE',#1208,#1198,#88,.T.);
#1396=EDGE_CURVE('GENERATED CIRCLE',#1207,#1197,#89,.T.);
#1397=EDGE_CURVE('GENERATED CIRCLE',#1195,#1209,#90,.T.);
#1398=EDGE_CURVE('GENERATED CIRCLE',#1210,#1198,#91,.T.);
#1399=EDGE_CURVE('LINE',#1210,#1209,#143,.T.);
#1400=EDGE_CURVE('LINE',#1211,#1212,#144,.T.);
#1401=EDGE_CURVE('GENERATED CIRCLE',#1211,#1213,#92,.T.);
#1402=EDGE_CURVE('LINE',#1214,#1213,#145,.T.);
#1403=EDGE_CURVE('GENERATED CIRCLE',#1215,#1214,#93,.T.);
#1404=EDGE_CURVE('LINE',#1215,#1216,#146,.T.);
#1405=EDGE_CURVE('LINE',#1216,#1217,#147,.T.);
#1406=EDGE_CURVE('',#1217,#1218,#1646,.T.);
#1407=EDGE_CURVE('',#1218,#1219,#1647,.T.);
#1408=EDGE_CURVE('',#1219,#1220,#1648,.T.);
#1409=EDGE_CURVE('',#1220,#1206,#1649,.T.);
#1410=EDGE_CURVE('GENERATED CIRCLE',#1199,#1212,#94,.T.);
#1411=EDGE_CURVE('LINE',#1221,#1222,#148,.T.);
#1412=EDGE_CURVE('GENERATED CIRCLE',#1201,#1221,#95,.T.);
#1413=EDGE_CURVE('LINE',#1209,#1223,#149,.T.);
#1414=EDGE_CURVE('LINE',#1223,#1222,#150,.T.);
#1415=EDGE_CURVE('LINE',#1224,#1221,#151,.T.);
#1416=EDGE_CURVE('GENERATED CIRCLE',#1224,#1225,#96,.T.);
#1417=EDGE_CURVE('LINE',#1225,#1202,#152,.T.);
#1418=EDGE_CURVE('LINE',#1226,#1225,#153,.T.);
#1419=EDGE_CURVE('LINE',#1203,#1226,#154,.T.);
#1420=EDGE_CURVE('GENERATED CIRCLE',#1227,#1226,#97,.T.);
#1421=EDGE_CURVE('LINE',#1204,#1227,#155,.T.);
#1422=EDGE_CURVE('GENERATED CIRCLE',#1228,#1205,#98,.T.);
#1423=EDGE_CURVE('',#1227,#1229,#1650,.T.);
#1424=EDGE_CURVE('',#1229,#1230,#1651,.T.);
#1425=EDGE_CURVE('',#1230,#1231,#1652,.T.);
#1426=EDGE_CURVE('',#1231,#1232,#1653,.T.);
#1427=EDGE_CURVE('LINE',#1232,#1233,#156,.T.);
#1428=EDGE_CURVE('LINE',#1233,#1234,#157,.T.);
#1429=EDGE_CURVE('GENERATED CIRCLE',#1235,#1234,#99,.T.);
#1430=EDGE_CURVE('LINE',#1235,#1236,#158,.T.);
#1431=EDGE_CURVE('GENERATED CIRCLE',#1236,#1237,#100,.T.);
#1432=EDGE_CURVE('LINE',#1237,#1228,#159,.T.);
#1433=EDGE_CURVE('LINE',#1212,#1228,#160,.T.);
#1434=EDGE_CURVE('',#1206,#1207,#1654,.T.);
#1435=EDGE_CURVE('',#1208,#1210,#1655,.T.);
#1436=EDGE_CURVE('',#1161,#1238,#1656,.T.);
#1437=EDGE_CURVE('',#1238,#1208,#1657,.T.);
#1438=EDGE_CURVE('',#1239,#1207,#1658,.T.);
#1439=EDGE_CURVE('',#1239,#1184,#1659,.T.);
#1440=EDGE_CURVE('',#1240,#1241,#1660,.T.);
#1441=EDGE_CURVE('',#1241,#1242,#1661,.T.);
#1442=EDGE_CURVE('',#1243,#1242,#1662,.T.);
#1443=EDGE_CURVE('',#1244,#1243,#1663,.T.);
#1444=EDGE_CURVE('',#1244,#1245,#1664,.T.);
#1445=EDGE_CURVE('',#1246,#1245,#1665,.T.);
#1446=EDGE_CURVE('',#1247,#1246,#1666,.T.);
#1447=EDGE_CURVE('',#1247,#1248,#1667,.T.);
#1448=EDGE_CURVE('',#1248,#1249,#1668,.T.);
#1449=EDGE_CURVE('',#1250,#1249,#1669,.T.);
#1450=EDGE_CURVE('',#1251,#1250,#1670,.T.);
#1451=EDGE_CURVE('',#1252,#1251,#1671,.T.);
#1452=EDGE_CURVE('',#1252,#1253,#1672,.T.);
#1453=EDGE_CURVE('',#1240,#1253,#1673,.T.);
#1454=EDGE_CURVE('',#1254,#1255,#1674,.T.);
#1455=EDGE_CURVE('',#1255,#1254,#1675,.T.);
#1456=EDGE_CURVE('',#1256,#1257,#1676,.T.);
#1457=EDGE_CURVE('',#1257,#1256,#1677,.T.);
#1458=EDGE_CURVE('',#1258,#1259,#1678,.T.);
#1459=EDGE_CURVE('',#1259,#1258,#1679,.T.);
#1460=EDGE_CURVE('',#1260,#1261,#1680,.T.);
#1461=EDGE_CURVE('',#1261,#1260,#1681,.T.);
#1462=EDGE_CURVE('',#1262,#1210,#1682,.T.);
#1463=EDGE_CURVE('',#1263,#1262,#1683,.T.);
#1464=EDGE_CURVE('',#1264,#1263,#1684,.T.);
#1465=EDGE_CURVE('',#1265,#1264,#1685,.T.);
#1466=EDGE_CURVE('LINE',#1266,#1265,#161,.T.);
#1467=EDGE_CURVE('LINE',#1266,#1267,#162,.T.);
#1468=EDGE_CURVE('GENERATED CIRCLE',#1268,#1267,#101,.T.);
#1469=EDGE_CURVE('',#1269,#1268,#163,.T.);
#1470=EDGE_CURVE('GENERATED CIRCLE',#1269,#1270,#102,.T.);
#1471=EDGE_CURVE('',#1271,#1270,#164,.T.);
#1472=EDGE_CURVE('GENERATED CIRCLE',#1271,#1223,#103,.T.);
#1473=EDGE_CURVE('',#1239,#1220,#1686,.T.);
#1474=EDGE_CURVE('',#1272,#1239,#1687,.T.);
#1475=EDGE_CURVE('',#1272,#1219,#1688,.T.);
#1476=EDGE_CURVE('',#1273,#1272,#1689,.T.);
#1477=EDGE_CURVE('',#1273,#1218,#1690,.T.);
#1478=EDGE_CURVE('',#1274,#1273,#1691,.T.);
#1479=EDGE_CURVE('',#1274,#1217,#1692,.T.);
#1480=EDGE_CURVE('GENERATED CIRCLE',#1275,#1216,#104,.T.);
#1481=EDGE_CURVE('LINE',#1275,#1274,#165,.T.);
#1482=EDGE_CURVE('GENERATED CIRCLE',#1276,#1233,#105,.T.);
#1483=EDGE_CURVE('LINE',#1276,#1277,#166,.T.);
#1484=EDGE_CURVE('GENERATED CIRCLE',#1278,#1277,#106,.T.);
#1485=EDGE_CURVE('LINE',#1279,#1278,#167,.T.);
#1486=EDGE_CURVE('LINE',#1279,#1267,#168,.T.);
#1487=EDGE_CURVE('GENERATED CIRCLE',#1266,#1280,#107,.T.);
#1488=EDGE_CURVE('LINE',#1275,#1280,#169,.T.);
#1489=EDGE_CURVE('LINE',#1234,#1215,#170,.T.);
#1490=EDGE_CURVE('LINE',#1235,#1214,#171,.T.);
#1491=EDGE_CURVE('LINE',#1213,#1236,#172,.T.);
#1492=EDGE_CURVE('LINE',#1211,#1237,#173,.T.);
#1493=EDGE_CURVE('GENERATED CIRCLE',#1222,#1281,#108,.T.);
#1494=EDGE_CURVE('',#1281,#1282,#174,.T.);
#1495=EDGE_CURVE('GENERATED CIRCLE',#1282,#1283,#109,.T.);
#1496=EDGE_CURVE('',#1283,#1284,#175,.T.);
#1497=EDGE_CURVE('GENERATED CIRCLE',#1279,#1284,#110,.T.);
#1498=EDGE_CURVE('LINE',#1278,#1285,#176,.T.);
#1499=EDGE_CURVE('',#1285,#1286,#1693,.T.);
#1500=EDGE_CURVE('',#1286,#1287,#1694,.T.);
#1501=EDGE_CURVE('',#1287,#1288,#1695,.T.);
#1502=EDGE_CURVE('',#1288,#1224,#1696,.T.);
#1503=EDGE_CURVE('LINE',#1271,#1281,#177,.T.);
#1504=EDGE_CURVE('GENERATED CIRCLE',#1289,#1225,#111,.T.);
#1505=EDGE_CURVE('',#1289,#1224,#1697,.T.);
#1506=EDGE_CURVE('GENERATED CIRCLE',#1290,#1226,#112,.T.);
#1507=EDGE_CURVE('LINE',#1290,#1289,#178,.T.);
#1508=EDGE_CURVE('',#1227,#1290,#1698,.T.);
#1509=EDGE_CURVE('',#1290,#1291,#1699,.T.);
#1510=EDGE_CURVE('',#1229,#1291,#1700,.T.);
#1511=EDGE_CURVE('',#1291,#1292,#1701,.T.);
#1512=EDGE_CURVE('',#1230,#1292,#1702,.T.);
#1513=EDGE_CURVE('',#1292,#1293,#1703,.T.);
#1514=EDGE_CURVE('',#1231,#1293,#1704,.T.);
#1515=EDGE_CURVE('',#1293,#1294,#1705,.T.);
#1516=EDGE_CURVE('',#1232,#1294,#1706,.T.);
#1517=EDGE_CURVE('LINE',#1294,#1276,#179,.T.);
#1518=EDGE_CURVE('',#1262,#1238,#1707,.T.);
#1519=EDGE_CURVE('',#1295,#1272,#1708,.T.);
#1520=EDGE_CURVE('',#1295,#1238,#1709,.T.);
#1521=EDGE_CURVE('LINE',#1240,#1296,#180,.T.);
#1522=EDGE_CURVE('',#1296,#1297,#1710,.T.);
#1523=EDGE_CURVE('LINE',#1241,#1297,#181,.T.);
#1524=EDGE_CURVE('',#1297,#1298,#1711,.T.);
#1525=EDGE_CURVE('LINE',#1242,#1298,#182,.T.);
#1526=EDGE_CURVE('LINE',#1243,#1299,#183,.T.);
#1527=EDGE_CURVE('',#1299,#1298,#1712,.T.);
#1528=EDGE_CURVE('',#1299,#1300,#1713,.T.);
#1529=EDGE_CURVE('LINE',#1244,#1300,#184,.T.);
#1530=EDGE_CURVE('LINE',#1245,#1301,#185,.T.);
#1531=EDGE_CURVE('',#1300,#1301,#1714,.T.);
#1532=EDGE_CURVE('',#1301,#1302,#1715,.T.);
#1533=EDGE_CURVE('LINE',#1246,#1302,#186,.T.);
#1534=EDGE_CURVE('LINE',#1303,#1302,#187,.T.);
#1535=EDGE_CURVE('LINE',#1247,#1303,#188,.T.);
#1536=EDGE_CURVE('',#1303,#1304,#1716,.T.);
#1537=EDGE_CURVE('LINE',#1248,#1304,#189,.T.);
#1538=EDGE_CURVE('',#1304,#1305,#1717,.T.);
#1539=EDGE_CURVE('LINE',#1249,#1305,#190,.T.);
#1540=EDGE_CURVE('',#1306,#1305,#1718,.T.);
#1541=EDGE_CURVE('LINE',#1250,#1306,#191,.T.);
#1542=EDGE_CURVE('LINE',#1307,#1306,#192,.T.);
#1543=EDGE_CURVE('LINE',#1251,#1307,#193,.T.);
#1544=EDGE_CURVE('',#1307,#1308,#1719,.T.);
#1545=EDGE_CURVE('LINE',#1252,#1308,#194,.T.);
#1546=EDGE_CURVE('LINE',#1253,#1309,#195,.T.);
#1547=EDGE_CURVE('',#1308,#1309,#1720,.T.);
#1548=EDGE_CURVE('',#1309,#1296,#1721,.T.);
#1549=EDGE_CURVE('LINE',#1254,#1310,#196,.T.);
#1550=EDGE_CURVE('',#1310,#1311,#1722,.T.);
#1551=EDGE_CURVE('LINE',#1255,#1311,#197,.T.);
#1552=EDGE_CURVE('',#1311,#1310,#1723,.T.);
#1553=EDGE_CURVE('LINE',#1256,#1312,#198,.T.);
#1554=EDGE_CURVE('',#1312,#1313,#1724,.T.);
#1555=EDGE_CURVE('LINE',#1257,#1313,#199,.T.);
#1556=EDGE_CURVE('',#1313,#1312,#1725,.T.);
#1557=EDGE_CURVE('LINE',#1258,#1314,#200,.T.);
#1558=EDGE_CURVE('',#1314,#1315,#1726,.T.);
#1559=EDGE_CURVE('LINE',#1259,#1315,#201,.T.);
#1560=EDGE_CURVE('',#1315,#1314,#1727,.T.);
#1561=EDGE_CURVE('LINE',#1260,#1316,#202,.T.);
#1562=EDGE_CURVE('',#1316,#1317,#1728,.T.);
#1563=EDGE_CURVE('LINE',#1261,#1317,#203,.T.);
#1564=EDGE_CURVE('',#1317,#1316,#1729,.T.);
#1565=EDGE_CURVE('LINE',#1270,#1282,#204,.T.);
#1566=EDGE_CURVE('LINE',#1269,#1283,#205,.T.);
#1567=EDGE_CURVE('LINE',#1284,#1268,#206,.T.);
#1568=EDGE_CURVE('GENERATED CIRCLE',#1265,#1318,#1730,.T.);
#1569=EDGE_CURVE('LINE',#1280,#1318,#207,.T.);
#1570=EDGE_CURVE('',#1264,#1319,#1731,.T.);
#1571=EDGE_CURVE('',#1318,#1319,#1732,.T.);
#1572=EDGE_CURVE('',#1263,#1295,#1733,.T.);
#1573=EDGE_CURVE('',#1319,#1295,#1734,.T.);
#1574=EDGE_CURVE('',#1273,#1319,#1735,.T.);
#1575=EDGE_CURVE('',#1318,#1274,#1736,.T.);
#1576=EDGE_CURVE('',#1277,#1320,#1737,.T.);
#1577=EDGE_CURVE('',#1320,#1294,#1738,.T.);
#1578=EDGE_CURVE('GENERATED CIRCLE',#1285,#1320,#1739,.T.);
#1579=EDGE_CURVE('',#1320,#1321,#1740,.T.);
#1580=EDGE_CURVE('',#1286,#1321,#1741,.T.);
#1581=EDGE_CURVE('',#1321,#1322,#1742,.T.);
#1582=EDGE_CURVE('',#1287,#1322,#1743,.T.);
#1583=EDGE_CURVE('',#1322,#1323,#1744,.T.);
#1584=EDGE_CURVE('',#1288,#1323,#1745,.T.);
#1585=EDGE_CURVE('',#1323,#1289,#1746,.T.);
#1586=EDGE_CURVE('',#1291,#1186,#1747,.T.);
#1587=EDGE_CURVE('',#1163,#1323,#1748,.T.);
#1588=EDGE_CURVE('',#1322,#1292,#1749,.T.);
#1589=EDGE_CURVE('',#1293,#1321,#1750,.T.);
#1590=B_SPLINE_CURVE_WITH_KNOTS('',2,(#2089,#2090,#2091),.UNSPECIFIED.,
 .F.,.F.,(3,3),(0.,1.),.UNSPECIFIED.);
#1591=B_SPLINE_CURVE_WITH_KNOTS('',3,(#2094,#2095,#2096,#2097,#2098,#2099),
 .UNSPECIFIED.,.F.,.F.,(4,2,4),(0.,0.5,1.),.UNSPECIFIED.);
#1592=B_SPLINE_CURVE_WITH_KNOTS('',1,(#2101,#2102),.UNSPECIFIED.,.F.,.F.,
(2,2),(0.,1.),.UNSPECIFIED.);
#1593=B_SPLINE_CURVE_WITH_KNOTS('',3,(#2104,#2105,#2106,#2107,#2108,#2109),
 .UNSPECIFIED.,.F.,.F.,(4,2,4),(0.,0.5,1.),.UNSPECIFIED.);
#1594=B_SPLINE_CURVE_WITH_KNOTS('',2,(#2200,#2201,#2202),.UNSPECIFIED.,
 .F.,.F.,(3,3),(0.,1.),.UNSPECIFIED.);
#1595=B_SPLINE_CURVE_WITH_KNOTS('',3,(#2205,#2206,#2207,#2208,#2209,#2210,
#2211,#2212),.UNSPECIFIED.,.F.,.F.,(4,2,2,4),(0.,0.5,0.75,1.),
 .UNSPECIFIED.);
#1596=B_SPLINE_CURVE_WITH_KNOTS('',3,(#2214,#2215,#2216,#2217),
 .UNSPECIFIED.,.F.,.F.,(4,4),(0.,1.),.UNSPECIFIED.);
#1597=B_SPLINE_CURVE_WITH_KNOTS('',3,(#2218,#2219,#2220,#2221),
 .UNSPECIFIED.,.F.,.F.,(4,4),(0.,1.),.UNSPECIFIED.);
#1598=B_SPLINE_CURVE_WITH_KNOTS('',3,(#2223,#2224,#2225,#2226),
 .UNSPECIFIED.,.F.,.F.,(4,4),(0.,1.),.UNSPECIFIED.);
#1599=B_SPLINE_CURVE_WITH_KNOTS('',3,(#2228,#2229,#2230,#2231,#2232,#2233,
#2234,#2235),.UNSPECIFIED.,.F.,.F.,(4,2,2,4),(0.,0.500000000000002,0.750000000000001,
1.),.UNSPECIFIED.);
#1600=B_SPLINE_CURVE_WITH_KNOTS('',3,(#2605,#2606,#2607,#2608,#2609,#2610,
#2611,#2612,#2613,#2614,#2615,#2616,#2617),.UNSPECIFIED.,.F.,.F.,(4,3,3,
3,4),(0.,0.0676564023449673,0.338316170170174,0.608966673679417,1.),
 .UNSPECIFIED.);
#1601=B_SPLINE_CURVE_WITH_KNOTS('',1,(#2619,#2620),.UNSPECIFIED.,.F.,.F.,
(2,2),(0.,1.),.UNSPECIFIED.);
#1602=B_SPLINE_CURVE_WITH_KNOTS('',3,(#2622,#2623,#2624,#2625,#2626,#2627,
#2628,#2629,#2630,#2631,#2632,#2633,#2634),.UNSPECIFIED.,.F.,.F.,(4,3,3,
3,4),(0.,0.0669850056026228,0.334958297219938,0.602922536509066,1.),
 .UNSPECIFIED.);
#1603=B_SPLINE_CURVE_WITH_KNOTS('',3,(#2680,#2681,#2682,#2683),
 .UNSPECIFIED.,.F.,.F.,(4,4),(0.,1.),.UNSPECIFIED.);
#1604=B_SPLINE_CURVE_WITH_KNOTS('',5,(#2685,#2686,#2687,#2688,#2689,#2690),
 .UNSPECIFIED.,.F.,.F.,(6,6),(0.,1.),.UNSPECIFIED.);
#1605=B_SPLINE_CURVE_WITH_KNOTS('',2,(#2692,#2693,#2694),.UNSPECIFIED.,
 .F.,.F.,(3,3),(0.,1.),.UNSPECIFIED.);
#1606=B_SPLINE_CURVE_WITH_KNOTS('',3,(#2696,#2697,#2698,#2699,#2700,#2701,
#2702,#2703,#2704,#2705,#2706,#2707,#2708),.UNSPECIFIED.,.F.,.F.,(4,3,3,
3,4),(0.,0.153995386242286,0.462000749172157,0.730972134920307,1.),
 .UNSPECIFIED.);
#1607=B_SPLINE_CURVE_WITH_KNOTS('',1,(#2779,#2780),.UNSPECIFIED.,.F.,.F.,
(2,2),(0.,1.),.UNSPECIFIED.);
#1608=B_SPLINE_CURVE_WITH_KNOTS('',3,(#2783,#2784,#2785,#2786,#2787,#2788,
#2789,#2790,#2791,#2792),.UNSPECIFIED.,.F.,.F.,(4,2,2,2,4),(0.,0.25,0.5,
0.75,1.),.UNSPECIFIED.);
#1609=B_SPLINE_CURVE_WITH_KNOTS('',3,(#2793,#2794,#2795,#2796,#2797,#2798,
#2799,#2800,#2801,#2802),.UNSPECIFIED.,.F.,.F.,(4,2,2,2,4),(0.,0.25,0.5,
0.75,1.),.UNSPECIFIED.);
#1610=B_SPLINE_CURVE_WITH_KNOTS('',1,(#2869,#2870),.UNSPECIFIED.,.F.,.F.,
(2,2),(0.,1.),.UNSPECIFIED.);
#1611=B_SPLINE_CURVE_WITH_KNOTS('',3,(#2873,#2874,#2875,#2876,#2877,#2878,
#2879,#2880,#2881,#2882),.UNSPECIFIED.,.F.,.F.,(4,3,3,4),(0.,0.261686458132924,
0.52337293315458,1.),.UNSPECIFIED.);
#1612=B_SPLINE_CURVE_WITH_KNOTS('',3,(#2883,#2884,#2885,#2886,#2887,#2888,
#2889,#2890,#2891,#2892),.UNSPECIFIED.,.F.,.F.,(4,3,3,4),(0.,0.259196821919085,
0.518393627148243,1.),.UNSPECIFIED.);
#1613=B_SPLINE_CURVE_WITH_KNOTS('',1,(#2963,#2964),.UNSPECIFIED.,.F.,.F.,
(2,2),(0.,1.),.UNSPECIFIED.);
#1614=B_SPLINE_CURVE_WITH_KNOTS('',3,(#2967,#2968,#2969,#2970,#2971,#2972,
#2973,#2974,#2975,#2976),.UNSPECIFIED.,.F.,.F.,(4,3,3,4),(0.,0.243220722497733,
0.621581894951615,1.),.UNSPECIFIED.);
#1615=B_SPLINE_CURVE_WITH_KNOTS('',3,(#2977,#2978,#2979,#2980,#2981,#2982,
#2983,#2984,#2985,#2986),.UNSPECIFIED.,.F.,.F.,(4,3,3,4),(0.,0.243220602079675,
0.621581845696899,1.),.UNSPECIFIED.);
#1616=B_SPLINE_CURVE_WITH_KNOTS('',3,(#3020,#3021,#3022,#3023,#3024,#3025,
#3026,#3027,#3028,#3029),.UNSPECIFIED.,.F.,.F.,(4,3,3,4),(0.,0.259219791591453,
0.518439607384107,1.),.UNSPECIFIED.);
#1617=B_SPLINE_CURVE_WITH_KNOTS('',2,(#3031,#3032,#3033),.UNSPECIFIED.,
 .F.,.F.,(3,3),(0.,1.),.UNSPECIFIED.);
#1618=B_SPLINE_CURVE_WITH_KNOTS('',3,(#3035,#3036,#3037,#3038,#3039,#3040,
#3041,#3042,#3043,#3044),.UNSPECIFIED.,.F.,.F.,(4,3,3,4),(0.,0.261709503579274,
0.523419031446941,1.),.UNSPECIFIED.);
#1619=B_SPLINE_CURVE_WITH_KNOTS('',1,(#3115,#3116),.UNSPECIFIED.,.F.,.F.,
(2,2),(0.,1.),.UNSPECIFIED.);
#1620=B_SPLINE_CURVE_WITH_KNOTS('',3,(#3119,#3120,#3121,#3122,#3123,#3124,
#3125,#3126,#3127,#3128),.UNSPECIFIED.,.F.,.F.,(4,3,3,4),(0.,0.257384390240201,
0.514768851618153,1.),.UNSPECIFIED.);
#1621=B_SPLINE_CURVE_WITH_KNOTS('',3,(#3129,#3130,#3131,#3132,#3133,#3134,
#3135,#3136,#3137,#3138),.UNSPECIFIED.,.F.,.F.,(4,3,3,4),(0.,0.257384232982306,
0.514768537098229,1.),.UNSPECIFIED.);
#1622=B_SPLINE_CURVE_WITH_KNOTS('',2,(#3157,#3158,#3159),.UNSPECIFIED.,
 .F.,.F.,(3,3),(0.,1.),.UNSPECIFIED.);
#1623=B_SPLINE_CURVE_WITH_KNOTS('',3,(#3162,#3163,#3164,#3165,#3166,#3167,
#3168,#3169,#3170,#3171,#3172,#3173,#3174),.UNSPECIFIED.,.F.,.F.,(4,3,3,
3,4),(0.,0.153995655867201,0.462002903100982,0.730975897090331,1.),
 .UNSPECIFIED.);
#1624=B_SPLINE_CURVE_WITH_KNOTS('',5,(#3175,#3176,#3177,#3178,#3179,#3180),
 .UNSPECIFIED.,.F.,.F.,(6,6),(0.,1.),.UNSPECIFIED.);
#1625=B_SPLINE_CURVE_WITH_KNOTS('',3,(#3182,#3183,#3184,#3185),
 .UNSPECIFIED.,.F.,.F.,(4,4),(0.,1.),.UNSPECIFIED.);
#1626=B_SPLINE_CURVE_WITH_KNOTS('',1,(#3281,#3282),.UNSPECIFIED.,.F.,.F.,
(2,2),(0.,1.),.UNSPECIFIED.);
#1627=B_SPLINE_CURVE_WITH_KNOTS('',3,(#3285,#3286,#3287,#3288,#3289,#3290,
#3291,#3292,#3293,#3294),.UNSPECIFIED.,.F.,.F.,(4,3,3,4),(0.,0.257384654338116,
0.514769212362651,1.),.UNSPECIFIED.);
#1628=B_SPLINE_CURVE_WITH_KNOTS('',3,(#3295,#3296,#3297,#3298,#3299,#3300,
#3301,#3302,#3303,#3304),.UNSPECIFIED.,.F.,.F.,(4,3,3,4),(0.,0.257384445323829,
0.514768862972027,1.),.UNSPECIFIED.);
#1629=B_SPLINE_CURVE_WITH_KNOTS('',3,(#3323,#3324,#3325,#3326),
 .UNSPECIFIED.,.F.,.F.,(4,4),(0.,1.),.UNSPECIFIED.);
#1630=B_SPLINE_CURVE_WITH_KNOTS('',3,(#3329,#3330,#3331,#3332,#3333,#3334),
 .UNSPECIFIED.,.F.,.F.,(4,2,4),(0.,0.5,1.),.UNSPECIFIED.);
#1631=B_SPLINE_CURVE_WITH_KNOTS('',3,(#3335,#3336,#3337,#3338,#3339,#3340),
 .UNSPECIFIED.,.F.,.F.,(4,2,4),(0.,0.5,1.),.UNSPECIFIED.);
#1632=B_SPLINE_CURVE_WITH_KNOTS('',3,(#3342,#3343,#3344,#3345),
 .UNSPECIFIED.,.F.,.F.,(4,4),(0.,1.),.UNSPECIFIED.);
#1633=B_SPLINE_CURVE_WITH_KNOTS('',3,(#3347,#3348,#3349,#3350),
 .UNSPECIFIED.,.F.,.F.,(4,4),(0.,1.),.UNSPECIFIED.);
#1634=B_SPLINE_CURVE_WITH_KNOTS('',1,(#3352,#3353),.UNSPECIFIED.,.F.,.F.,
(2,2),(0.,1.),.UNSPECIFIED.);
#1635=B_SPLINE_CURVE_WITH_KNOTS('',1,(#3678,#3679),.UNSPECIFIED.,.F.,.F.,
(2,2),(0.,1.),.UNSPECIFIED.);
#1636=B_SPLINE_CURVE_WITH_KNOTS('',3,(#3682,#3683,#3684,#3685,#3686,#3687,
#3688,#3689,#3690,#3691),.UNSPECIFIED.,.F.,.F.,(4,3,3,4),(0.,0.243218221855857,
0.621575180398922,1.),.UNSPECIFIED.);
#1637=B_SPLINE_CURVE_WITH_KNOTS('',3,(#3692,#3693,#3694,#3695,#3696,#3697,
#3698,#3699,#3700,#3701),.UNSPECIFIED.,.F.,.F.,(4,3,3,4),(0.,0.243218083430755,
0.621575120805264,1.),.UNSPECIFIED.);
#1638=B_SPLINE_CURVE_WITH_KNOTS('',3,(#3735,#3736,#3737,#3738,#3739,#3740),
 .UNSPECIFIED.,.F.,.F.,(4,2,4),(0.,0.5,1.),.UNSPECIFIED.);
#1639=B_SPLINE_CURVE_WITH_KNOTS('',1,(#3742,#3743),.UNSPECIFIED.,.F.,.F.,
(2,2),(0.,1.),.UNSPECIFIED.);
#1640=B_SPLINE_CURVE_WITH_KNOTS('',3,(#3745,#3746,#3747,#3748,#3749,#3750),
 .UNSPECIFIED.,.F.,.F.,(4,2,4),(0.,0.5,1.),.UNSPECIFIED.);
#1641=B_SPLINE_CURVE_WITH_KNOTS('',1,(#3881,#3882),.UNSPECIFIED.,.F.,.F.,
(2,2),(0.,1.),.UNSPECIFIED.);
#1642=B_SPLINE_CURVE_WITH_KNOTS('',3,(#3885,#3886,#3887,#3888,#3889,#3890,
#3891,#3892,#3893,#3894),.UNSPECIFIED.,.F.,.F.,(4,2,2,2,4),(0.,0.25,0.5,
0.75,1.),.UNSPECIFIED.);
#1643=B_SPLINE_CURVE_WITH_KNOTS('',3,(#3895,#3896,#3897,#3898,#3899,#3900,
#3901,#3902,#3903,#3904),.UNSPECIFIED.,.F.,.F.,(4,2,2,2,4),(0.,0.25,0.5,
0.75,1.),.UNSPECIFIED.);
#1644=B_SPLINE_CURVE_WITH_KNOTS('',3,(#3959,#3960,#3961,#3962,#3963,#3964,
#3965,#3966,#3967,#3968,#3969,#3970,#3971),.UNSPECIFIED.,.F.,.F.,(4,3,3,
3,4),(0.,0.0669850057813134,0.334958297849419,0.602922537659655,1.),
 .UNSPECIFIED.);
#1645=B_SPLINE_CURVE_WITH_KNOTS('',3,(#3972,#3973,#3974,#3975,#3976,#3977,
#3978,#3979,#3980,#3981,#3982,#3983,#3984),.UNSPECIFIED.,.F.,.F.,(4,3,3,
3,4),(0.,0.0669864919379094,0.334965731965266,0.602935918896449,1.),
 .UNSPECIFIED.);
#1646=B_SPLINE_CURVE_WITH_KNOTS('',5,(#4084,#4085,#4086,#4087,#4088,#4089,
#4090,#4091,#4092,#4093,#4094,#4095,#4096,#4097,#4098,#4099,#4100,#4101,
#4102,#4103,#4104,#4105,#4106,#4107,#4108,#4109,#4110,#4111,#4112,#4113,
#4114,#4115,#4116,#4117,#4118,#4119,#4120,#4121,#4122),.UNSPECIFIED.,.F.,
 .F.,(6,3,3,3,3,3,3,3,3,3,3,3,6),(0.,0.0159985796016137,0.0339878697496516,
0.141919730584351,0.270425533878797,0.378962729884136,0.459892846551617,
0.528062445902412,0.625218124626844,0.728363950007991,0.851155623190635,
0.992712241469702,1.),.UNSPECIFIED.);
#1647=B_SPLINE_CURVE_WITH_KNOTS('',5,(#4124,#4125,#4126,#4127,#4128,#4129,
#4130,#4131,#4132,#4133,#4134,#4135),.UNSPECIFIED.,.F.,.F.,(6,3,3,6),(0.,
0.0291538911290143,0.975263291086671,1.),.UNSPECIFIED.);
#1648=B_SPLINE_CURVE_WITH_KNOTS('',5,(#4137,#4138,#4139,#4140,#4141,#4142,
#4143,#4144,#4145,#4146,#4147,#4148,#4149,#4150,#4151,#4152,#4153,#4154,
#4155,#4156,#4157,#4158,#4159,#4160),.UNSPECIFIED.,.F.,.F.,(6,3,3,3,3,3,
3,6),(0.,0.0189577989546782,0.0379155979093565,0.303305124842316,0.544237564598095,
0.798689690391581,0.999133227836678,1.),.UNSPECIFIED.);
#1649=B_SPLINE_CURVE_WITH_KNOTS('',5,(#4162,#4163,#4164,#4165,#4166,#4167,
#4168,#4169,#4170,#4171,#4172,#4173),.UNSPECIFIED.,.F.,.F.,(6,3,3,6),(0.,
0.140552483193037,0.983882537554719,1.),.UNSPECIFIED.);
#1650=B_SPLINE_CURVE_WITH_KNOTS('',5,(#4200,#4201,#4202,#4203,#4204,#4205,
#4206,#4207,#4208,#4209,#4210,#4211),.UNSPECIFIED.,.F.,.F.,(6,3,3,6),(0.,
0.000675976622233757,0.916724517758327,1.),.UNSPECIFIED.);
#1651=B_SPLINE_CURVE_WITH_KNOTS('',5,(#4213,#4214,#4215,#4216,#4217,#4218,
#4219,#4220,#4221,#4222,#4223,#4224,#4225,#4226,#4227),.UNSPECIFIED.,.F.,
 .F.,(6,3,3,3,6),(0.,0.0193619767678804,0.299119908355514,0.572005092327129,
1.),.UNSPECIFIED.);
#1652=B_SPLINE_CURVE_WITH_KNOTS('',5,(#4229,#4230,#4231,#4232,#4233,#4234,
#4235,#4236,#4237),.UNSPECIFIED.,.F.,.F.,(6,3,6),(0.,0.0194485921787749,
1.),.UNSPECIFIED.);
#1653=B_SPLINE_CURVE_WITH_KNOTS('',5,(#4239,#4240,#4241,#4242,#4243,#4244,
#4245,#4246,#4247,#4248,#4249,#4250,#4251,#4252,#4253,#4254,#4255,#4256,
#4257,#4258,#4259,#4260,#4261,#4262,#4263,#4264,#4265,#4266,#4267,#4268,
#4269,#4270,#4271,#4272,#4273,#4274),.UNSPECIFIED.,.F.,.F.,(6,3,3,3,3,3,
3,3,3,3,3,6),(0.,0.0181206119840519,0.0591650284377119,0.141253706259257,
0.265170021731835,0.368813450708042,0.465873681317649,0.533436178604188,
0.611469078328566,0.702131286927921,0.807297137961593,1.),.UNSPECIFIED.);
#1654=B_SPLINE_CURVE_WITH_KNOTS('',3,(#4290,#4291,#4292,#4293,#4294,#4295,
#4296,#4297,#4298,#4299,#4300,#4301),.UNSPECIFIED.,.F.,.F.,(4,2,2,2,2,4),
(0.,0.249999999999981,0.374999999999972,0.437499999999967,0.499999999999963,
1.),.UNSPECIFIED.);
#1655=B_SPLINE_CURVE_WITH_KNOTS('',3,(#4303,#4304,#4305,#4306,#4307,#4308,
#4309,#4310,#4311,#4312,#4313,#4314),.UNSPECIFIED.,.F.,.F.,(4,2,2,2,2,4),
(0.,0.249999999999981,0.374999999999945,0.437499999999927,0.499999999999909,
1.),.UNSPECIFIED.);
#1656=B_SPLINE_CURVE_WITH_KNOTS('',1,(#4316,#4317),.UNSPECIFIED.,.F.,.F.,
(2,2),(0.,1.),.UNSPECIFIED.);
#1657=B_SPLINE_CURVE_WITH_KNOTS('',5,(#4319,#4320,#4321,#4322,#4323,#4324),
 .UNSPECIFIED.,.F.,.F.,(6,6),(0.,1.),.UNSPECIFIED.);
#1658=B_SPLINE_CURVE_WITH_KNOTS('',5,(#4325,#4326,#4327,#4328,#4329,#4330,
#4331,#4332,#4333,#4334,#4335,#4336,#4337,#4338,#4339,#4340,#4341,#4342,
#4343,#4344,#4345),.UNSPECIFIED.,.F.,.F.,(6,3,3,3,3,3,6),(0.,0.500000000002087,
0.750000000002087,0.875000000001043,0.937500000000522,0.98388253186562,
1.),.UNSPECIFIED.);
#1659=B_SPLINE_CURVE_WITH_KNOTS('',1,(#4347,#4348),.UNSPECIFIED.,.F.,.F.,
(2,2),(0.,1.),.UNSPECIFIED.);
#1660=B_SPLINE_CURVE_WITH_KNOTS('',3,(#4349,#4350,#4351,#4352,#4353,#4354),
 .UNSPECIFIED.,.F.,.F.,(4,2,4),(0.,0.5,1.),.UNSPECIFIED.);
#1661=B_SPLINE_CURVE_WITH_KNOTS('',3,(#4357,#4358,#4359,#4360),
 .UNSPECIFIED.,.F.,.F.,(4,4),(0.,1.),.UNSPECIFIED.);
#1662=B_SPLINE_CURVE_WITH_KNOTS('',3,(#4362,#4363,#4364,#4365,#4366,#4367),
 .UNSPECIFIED.,.F.,.F.,(4,2,4),(0.,0.5,1.),.UNSPECIFIED.);
#1663=B_SPLINE_CURVE_WITH_KNOTS('',3,(#4369,#4370,#4371,#4372),
 .UNSPECIFIED.,.F.,.F.,(4,4),(0.,1.),.UNSPECIFIED.);
#1664=B_SPLINE_CURVE_WITH_KNOTS('',3,(#4374,#4375,#4376,#4377),
 .UNSPECIFIED.,.F.,.F.,(4,4),(0.,1.),.UNSPECIFIED.);
#1665=B_SPLINE_CURVE_WITH_KNOTS('',3,(#4379,#4380,#4381,#4382),
 .UNSPECIFIED.,.F.,.F.,(4,4),(0.,1.),.UNSPECIFIED.);
#1666=B_SPLINE_CURVE_WITH_KNOTS('',1,(#4384,#4385),.UNSPECIFIED.,.F.,.F.,
(2,2),(0.,1.),.UNSPECIFIED.);
#1667=B_SPLINE_CURVE_WITH_KNOTS('',3,(#4387,#4388,#4389,#4390,#4391,#4392),
 .UNSPECIFIED.,.F.,.F.,(4,2,4),(0.,0.5,1.),.UNSPECIFIED.);
#1668=B_SPLINE_CURVE_WITH_KNOTS('',3,(#4394,#4395,#4396,#4397),
 .UNSPECIFIED.,.F.,.F.,(4,4),(0.,1.),.UNSPECIFIED.);
#1669=B_SPLINE_CURVE_WITH_KNOTS('',3,(#4399,#4400,#4401,#4402,#4403,#4404),
 .UNSPECIFIED.,.F.,.F.,(4,2,4),(0.,0.5,1.),.UNSPECIFIED.);
#1670=B_SPLINE_CURVE_WITH_KNOTS('',1,(#4406,#4407),.UNSPECIFIED.,.F.,.F.,
(2,2),(0.,1.),.UNSPECIFIED.);
#1671=B_SPLINE_CURVE_WITH_KNOTS('',3,(#4409,#4410,#4411,#4412),
 .UNSPECIFIED.,.F.,.F.,(4,4),(0.,1.),.UNSPECIFIED.);
#1672=B_SPLINE_CURVE_WITH_KNOTS('',3,(#4414,#4415,#4416,#4417,#4418,#4419),
 .UNSPECIFIED.,.F.,.F.,(4,2,4),(0.,0.5,1.),.UNSPECIFIED.);
#1673=B_SPLINE_CURVE_WITH_KNOTS('',3,(#4421,#4422,#4423,#4424),
 .UNSPECIFIED.,.F.,.F.,(4,4),(0.,1.),.UNSPECIFIED.);
#1674=B_SPLINE_CURVE_WITH_KNOTS('',3,(#4425,#4426,#4427,#4428,#4429,#4430,
#4431,#4432,#4433,#4434),.UNSPECIFIED.,.F.,.F.,(4,2,2,2,4),(0.,0.25,0.5,
0.75,1.),.UNSPECIFIED.);
#1675=B_SPLINE_CURVE_WITH_KNOTS('',3,(#4437,#4438,#4439,#4440,#4441,#4442,
#4443,#4444,#4445,#4446),.UNSPECIFIED.,.F.,.F.,(4,2,2,2,4),(0.,0.25,0.5,
0.75,1.),.UNSPECIFIED.);
#1676=B_SPLINE_CURVE_WITH_KNOTS('',3,(#4447,#4448,#4449,#4450,#4451,#4452,
#4453,#4454,#4455,#4456),.UNSPECIFIED.,.F.,.F.,(4,2,2,2,4),(0.,0.25,0.5,
0.75,1.),.UNSPECIFIED.);
#1677=B_SPLINE_CURVE_WITH_KNOTS('',3,(#4459,#4460,#4461,#4462,#4463,#4464,
#4465,#4466,#4467,#4468),.UNSPECIFIED.,.F.,.F.,(4,2,2,2,4),(0.,0.25,0.5,
0.75,1.),.UNSPECIFIED.);
#1678=B_SPLINE_CURVE_WITH_KNOTS('',3,(#4469,#4470,#4471,#4472,#4473,#4474,
#4475,#4476,#4477,#4478),.UNSPECIFIED.,.F.,.F.,(4,2,2,2,4),(0.,0.25,0.5,
0.75,1.),.UNSPECIFIED.);
#1679=B_SPLINE_CURVE_WITH_KNOTS('',3,(#4481,#4482,#4483,#4484,#4485,#4486,
#4487,#4488,#4489,#4490),.UNSPECIFIED.,.F.,.F.,(4,2,2,2,4),(0.,0.25,0.5,
0.75,1.),.UNSPECIFIED.);
#1680=B_SPLINE_CURVE_WITH_KNOTS('',3,(#4491,#4492,#4493,#4494,#4495,#4496,
#4497,#4498,#4499,#4500),.UNSPECIFIED.,.F.,.F.,(4,2,2,2,4),(0.,0.25,0.5,
0.75,1.),.UNSPECIFIED.);
#1681=B_SPLINE_CURVE_WITH_KNOTS('',3,(#4503,#4504,#4505,#4506,#4507,#4508,
#4509,#4510,#4511,#4512),.UNSPECIFIED.,.F.,.F.,(4,2,2,2,4),(0.,0.25,0.5,
0.75,1.),.UNSPECIFIED.);
#1682=B_SPLINE_CURVE_WITH_KNOTS('',5,(#4525,#4526,#4527,#4528,#4529,#4530,
#4531,#4532,#4533,#4534,#4535,#4536),.UNSPECIFIED.,.F.,.F.,(6,3,3,6),(0.,
0.140552483225912,0.983882537565693,1.),.UNSPECIFIED.);
#1683=B_SPLINE_CURVE_WITH_KNOTS('',5,(#4538,#4539,#4540,#4541,#4542,#4543,
#4544,#4545,#4546,#4547,#4548,#4549,#4550,#4551,#4552,#4553,#4554,#4555,
#4556,#4557,#4558,#4559,#4560,#4561),.UNSPECIFIED.,.F.,.F.,(6,3,3,3,3,3,
3,6),(0.,0.0189577932749246,0.0379155865498493,0.303305034854622,0.544237401985848,
0.798689451545517,0.999132928937762,1.),.UNSPECIFIED.);
#1684=B_SPLINE_CURVE_WITH_KNOTS('',5,(#4563,#4564,#4565,#4566,#4567,#4568,
#4569,#4570,#4571,#4572,#4573,#4574),.UNSPECIFIED.,.F.,.F.,(6,3,3,6),(0.,
0.0291538921010065,0.975263291803048,1.),.UNSPECIFIED.);
#1685=B_SPLINE_CURVE_WITH_KNOTS('',5,(#4576,#4577,#4578,#4579,#4580,#4581,
#4582,#4583,#4584,#4585,#4586,#4587,#4588,#4589,#4590,#4591,#4592,#4593,
#4594,#4595,#4596,#4597,#4598,#4599,#4600,#4601,#4602,#4603,#4604,#4605,
#4606,#4607,#4608,#4609,#4610,#4611,#4612,#4613,#4614),.UNSPECIFIED.,.F.,
 .F.,(6,3,3,3,3,3,3,3,3,3,3,3,6),(0.,0.0159985734208863,0.0339878637302369,
0.141919725194562,0.27042552929618,0.378962725983266,0.459892843159085,
0.528062442889751,0.625218122272757,0.728363948301786,0.851155622304028,
0.992712241423926,1.),.UNSPECIFIED.);
#1686=B_SPLINE_CURVE_WITH_KNOTS('',5,(#4630,#4631,#4632,#4633,#4634,#4635,
#4636,#4637,#4638),.UNSPECIFIED.,.F.,.F.,(6,3,6),(0.,0.500004692723557,
1.),.UNSPECIFIED.);
#1687=B_SPLINE_CURVE_WITH_KNOTS('',5,(#4828,#4829,#4830,#4831,#4832,#4833,
#4834,#4835,#4836,#4837,#4838,#4839,#4840,#4841,#4842,#4843,#4844,#4845,
#4846,#4847,#4848,#4849,#4850,#4851),.UNSPECIFIED.,.F.,.F.,(6,3,3,3,3,3,
3,6),(0.,0.544237564598095,0.798689690391581,0.899344845195785,0.949672422597893,
0.974836211298946,0.987418105870084,1.),.UNSPECIFIED.);
#1688=B_SPLINE_CURVE_WITH_KNOTS('',5,(#4853,#4854,#4855,#4856,#4857,#4858,
#4859,#4860,#4861),.UNSPECIFIED.,.F.,.F.,(6,3,6),(0.,0.500001929681313,
1.),.UNSPECIFIED.);
#1689=B_SPLINE_CURVE_WITH_KNOTS('',5,(#5078,#5079,#5080,#5081,#5082,#5083,
#5084,#5085,#5086,#5087,#5088,#5089,#5090,#5091,#5092,#5093,#5094,#5095),
 .UNSPECIFIED.,.F.,.F.,(6,3,3,3,3,6),(0.,0.0291536941714328,0.124999822486919,
0.249999847845931,0.499999898563954,1.),.UNSPECIFIED.);
#1690=B_SPLINE_CURVE_WITH_KNOTS('',3,(#5097,#5098,#5099,#5100,#5101,#5102),
 .UNSPECIFIED.,.F.,.F.,(4,2,4),(0.,0.5,1.),.UNSPECIFIED.);
#1691=B_SPLINE_CURVE_WITH_KNOTS('',5,(#5265,#5266,#5267,#5268,#5269,#5270,
#5271,#5272,#5273,#5274,#5275,#5276,#5277,#5278,#5279,#5280,#5281,#5282,
#5283,#5284,#5285,#5286,#5287,#5288,#5289,#5290,#5291,#5292,#5293,#5294,
#5295,#5296,#5297,#5298,#5299,#5300),.UNSPECIFIED.,.F.,.F.,(6,3,3,3,3,3,
3,3,3,3,3,6),(0.,0.0160005240071917,0.0339897786080492,0.0609726904978706,
0.0879556023876907,0.141921426167332,0.270426975531859,0.378963957065629,
0.528063378460022,0.728364486766008,0.851155917309963,1.),.UNSPECIFIED.);
#1692=B_SPLINE_CURVE_WITH_KNOTS('',3,(#5302,#5303,#5304,#5305,#5306,#5307),
 .UNSPECIFIED.,.F.,.F.,(4,2,4),(0.,0.5,1.),.UNSPECIFIED.);
#1693=B_SPLINE_CURVE_WITH_KNOTS('',5,(#5668,#5669,#5670,#5671,#5672,#5673,
#5674,#5675,#5676,#5677,#5678,#5679,#5680,#5681,#5682,#5683,#5684,#5685,
#5686,#5687,#5688,#5689,#5690,#5691,#5692,#5693,#5694,#5695,#5696,#5697,
#5698,#5699,#5700,#5701,#5702,#5703,#5704,#5705,#5706),.UNSPECIFIED.,.F.,
 .F.,(6,3,3,3,3,3,3,3,3,3,3,3,6),(0.,0.016136481612513,0.034428944314329,
0.144179499595047,0.271600761558447,0.379574901915953,0.460342863226101,
0.528468550248808,0.625630760930729,0.728850543071597,0.851796969646946,
0.993619790734801,1.),.UNSPECIFIED.);
#1694=B_SPLINE_CURVE_WITH_KNOTS('',5,(#5708,#5709,#5710,#5711,#5712,#5713,
#5714,#5715,#5716,#5717,#5718,#5719),.UNSPECIFIED.,.F.,.F.,(6,3,3,6),(0.,
0.0291175525895195,0.975201964263175,1.),.UNSPECIFIED.);
#1695=B_SPLINE_CURVE_WITH_KNOTS('',5,(#5721,#5722,#5723,#5724,#5725,#5726,
#5727,#5728,#5729,#5730,#5731,#5732,#5733,#5734,#5735,#5736,#5737,#5738,
#5739,#5740,#5741,#5742,#5743,#5744),.UNSPECIFIED.,.F.,.F.,(6,3,3,3,3,3,
3,6),(0.,0.0189577962695514,0.0379155925391128,0.303305082765545,0.54423748795513,
0.798689578149998,0.999133087204862,1.),.UNSPECIFIED.);
#1696=B_SPLINE_CURVE_WITH_KNOTS('',5,(#5746,#5747,#5748,#5749,#5750,#5751,
#5752,#5753,#5754),.UNSPECIFIED.,.F.,.F.,(6,3,6),(0.,0.985097675002536,
1.),.UNSPECIFIED.);
#1697=B_SPLINE_CURVE_WITH_KNOTS('',5,(#5760,#5761,#5762,#5763,#5764,#5765,
#5766,#5767,#5768),.UNSPECIFIED.,.F.,.F.,(6,3,6),(0.,0.5,1.),
 .UNSPECIFIED.);
#1698=B_SPLINE_CURVE_WITH_KNOTS('',5,(#5774,#5775,#5776,#5777,#5778,#5779,
#5780,#5781,#5782),.UNSPECIFIED.,.F.,.F.,(6,3,6),(0.,0.5,1.),
 .UNSPECIFIED.);
#1699=B_SPLINE_CURVE_WITH_KNOTS('',5,(#5784,#5785,#5786,#5787,#5788,#5789,
#5790,#5791,#5792,#5793,#5794,#5795,#5796,#5797,#5798),.UNSPECIFIED.,.F.,
 .F.,(6,3,3,3,6),(0.,0.499999999999478,0.749999999999739,0.916724501102962,
1.),.UNSPECIFIED.);
#1700=B_SPLINE_CURVE_WITH_KNOTS('',5,(#5800,#5801,#5802,#5803,#5804,#5805,
#5806,#5807,#5808),.UNSPECIFIED.,.F.,.F.,(6,3,6),(0.,0.499996548716688,
1.),.UNSPECIFIED.);
#1701=B_SPLINE_CURVE_WITH_KNOTS('',5,(#5944,#5945,#5946,#5947,#5948,#5949,
#5950,#5951,#5952),.UNSPECIFIED.,.F.,.F.,(6,3,6),(0.,0.572005092327129,
1.),.UNSPECIFIED.);
#1702=B_SPLINE_CURVE_WITH_KNOTS('',5,(#5954,#5955,#5956,#5957,#5958,#5959,
#5960,#5961,#5962),.UNSPECIFIED.,.F.,.F.,(6,3,6),(0.,0.499998809777948,
1.),.UNSPECIFIED.);
#1703=B_SPLINE_CURVE_WITH_KNOTS('',5,(#6044,#6045,#6046,#6047,#6048,#6049,
#6050,#6051,#6052),.UNSPECIFIED.,.F.,.F.,(6,3,6),(0.,0.500000101344751,
1.),.UNSPECIFIED.);
#1704=B_SPLINE_CURVE_WITH_KNOTS('',5,(#6054,#6055,#6056,#6057,#6058,#6059,
#6060,#6061,#6062),.UNSPECIFIED.,.F.,.F.,(6,3,6),(0.,0.5,1.),
 .UNSPECIFIED.);
#1705=B_SPLINE_CURVE_WITH_KNOTS('',5,(#6144,#6145,#6146,#6147,#6148,#6149,
#6150,#6151,#6152,#6153,#6154,#6155,#6156,#6157,#6158,#6159,#6160,#6161,
#6162,#6163,#6164,#6165,#6166,#6167,#6168,#6169,#6170,#6171,#6172,#6173,
#6174,#6175,#6176),.UNSPECIFIED.,.F.,.F.,(6,3,3,3,3,3,3,3,3,3,6),(0.,0.0181205761926753,
0.0591649115764371,0.10020916941988,0.141253427258492,0.265169497974683,
0.368812722236998,0.533435124974477,0.702129900095878,0.807295543408608,
1.),.UNSPECIFIED.);
#1706=B_SPLINE_CURVE_WITH_KNOTS('',3,(#6178,#6179,#6180,#6181,#6182,#6183),
 .UNSPECIFIED.,.F.,.F.,(4,2,4),(0.,0.5,1.),.UNSPECIFIED.);
#1707=B_SPLINE_CURVE_WITH_KNOTS('',5,(#6483,#6484,#6485,#6486,#6487,#6488,
#6489,#6490,#6491),.UNSPECIFIED.,.F.,.F.,(6,3,6),(0.,0.499995307278477,
1.),.UNSPECIFIED.);
#1708=B_SPLINE_CURVE_WITH_KNOTS('',1,(#6681,#6682),.UNSPECIFIED.,.F.,.F.,
(2,2),(0.,1.),.UNSPECIFIED.);
#1709=B_SPLINE_CURVE_WITH_KNOTS('',3,(#6684,#6685,#6686,#6687,#6688,#6689),
 .UNSPECIFIED.,.F.,.F.,(4,2,4),(0.,0.5,1.),.UNSPECIFIED.);
#1710=B_SPLINE_CURVE_WITH_KNOTS('',3,(#6710,#6711,#6712,#6713,#6714,#6715),
 .UNSPECIFIED.,.F.,.F.,(4,2,4),(0.,0.5,1.),.UNSPECIFIED.);
#1711=B_SPLINE_CURVE_WITH_KNOTS('',3,(#6719,#6720,#6721,#6722),
 .UNSPECIFIED.,.F.,.F.,(4,4),(0.,1.),.UNSPECIFIED.);
#1712=B_SPLINE_CURVE_WITH_KNOTS('',3,(#6728,#6729,#6730,#6731,#6732,#6733),
 .UNSPECIFIED.,.F.,.F.,(4,2,4),(0.,0.5,1.),.UNSPECIFIED.);
#1713=B_SPLINE_CURVE_WITH_KNOTS('',3,(#6735,#6736,#6737,#6738),
 .UNSPECIFIED.,.F.,.F.,(4,4),(0.,1.),.UNSPECIFIED.);
#1714=B_SPLINE_CURVE_WITH_KNOTS('',3,(#6744,#6745,#6746,#6747),
 .UNSPECIFIED.,.F.,.F.,(4,4),(0.,1.),.UNSPECIFIED.);
#1715=B_SPLINE_CURVE_WITH_KNOTS('',3,(#6749,#6750,#6751,#6752),
 .UNSPECIFIED.,.F.,.F.,(4,4),(0.,1.),.UNSPECIFIED.);
#1716=B_SPLINE_CURVE_WITH_KNOTS('',3,(#6760,#6761,#6762,#6763,#6764,#6765),
 .UNSPECIFIED.,.F.,.F.,(4,2,4),(0.,0.5,1.),.UNSPECIFIED.);
#1717=B_SPLINE_CURVE_WITH_KNOTS('',3,(#6769,#6770,#6771,#6772),
 .UNSPECIFIED.,.F.,.F.,(4,4),(0.,1.),.UNSPECIFIED.);
#1718=B_SPLINE_CURVE_WITH_KNOTS('',3,(#6776,#6777,#6778,#6779,#6780,#6781),
 .UNSPECIFIED.,.F.,.F.,(4,2,4),(0.,0.5,1.),.UNSPECIFIED.);
#1719=B_SPLINE_CURVE_WITH_KNOTS('',3,(#6789,#6790,#6791,#6792),
 .UNSPECIFIED.,.F.,.F.,(4,4),(0.,1.),.UNSPECIFIED.);
#1720=B_SPLINE_CURVE_WITH_KNOTS('',3,(#6798,#6799,#6800,#6801,#6802,#6803),
 .UNSPECIFIED.,.F.,.F.,(4,2,4),(0.,0.5,1.),.UNSPECIFIED.);
#1721=B_SPLINE_CURVE_WITH_KNOTS('',3,(#6805,#6806,#6807,#6808),
 .UNSPECIFIED.,.F.,.F.,(4,4),(0.,1.),.UNSPECIFIED.);
#1722=B_SPLINE_CURVE_WITH_KNOTS('',3,(#6812,#6813,#6814,#6815,#6816,#6817,
#6818,#6819,#6820,#6821),.UNSPECIFIED.,.F.,.F.,(4,2,2,2,4),(0.,0.25,0.5,
0.75,1.),.UNSPECIFIED.);
#1723=B_SPLINE_CURVE_WITH_KNOTS('',3,(#6825,#6826,#6827,#6828,#6829,#6830,
#6831,#6832,#6833,#6834),.UNSPECIFIED.,.F.,.F.,(4,2,2,2,4),(0.,0.25,0.5,
0.75,1.),.UNSPECIFIED.);
#1724=B_SPLINE_CURVE_WITH_KNOTS('',3,(#6838,#6839,#6840,#6841,#6842,#6843,
#6844,#6845,#6846,#6847),.UNSPECIFIED.,.F.,.F.,(4,2,2,2,4),(0.,0.25,0.5,
0.75,1.),.UNSPECIFIED.);
#1725=B_SPLINE_CURVE_WITH_KNOTS('',3,(#6851,#6852,#6853,#6854,#6855,#6856,
#6857,#6858,#6859,#6860),.UNSPECIFIED.,.F.,.F.,(4,2,2,2,4),(0.,0.25,0.5,
0.75,1.),.UNSPECIFIED.);
#1726=B_SPLINE_CURVE_WITH_KNOTS('',3,(#6864,#6865,#6866,#6867,#6868,#6869,
#6870,#6871,#6872,#6873),.UNSPECIFIED.,.F.,.F.,(4,2,2,2,4),(0.,0.25,0.5,
0.75,1.),.UNSPECIFIED.);
#1727=B_SPLINE_CURVE_WITH_KNOTS('',3,(#6877,#6878,#6879,#6880,#6881,#6882,
#6883,#6884,#6885,#6886),.UNSPECIFIED.,.F.,.F.,(4,2,2,2,4),(0.,0.25,0.5,
0.75,1.),.UNSPECIFIED.);
#1728=B_SPLINE_CURVE_WITH_KNOTS('',3,(#6890,#6891,#6892,#6893,#6894,#6895,
#6896,#6897,#6898,#6899),.UNSPECIFIED.,.F.,.F.,(4,2,2,2,4),(0.,0.25,0.5,
0.75,1.),.UNSPECIFIED.);
#1729=B_SPLINE_CURVE_WITH_KNOTS('',3,(#6903,#6904,#6905,#6906,#6907,#6908,
#6909,#6910,#6911,#6912),.UNSPECIFIED.,.F.,.F.,(4,2,2,2,4),(0.,0.25,0.5,
0.75,1.),.UNSPECIFIED.);
#1730=B_SPLINE_CURVE_WITH_KNOTS('',3,(#6921,#6922,#6923,#6924,#6925,#6926),
 .UNSPECIFIED.,.F.,.F.,(4,2,4),(0.,0.5,1.),.UNSPECIFIED.);
#1731=B_SPLINE_CURVE_WITH_KNOTS('',5,(#6930,#6931,#6932,#6933,#6934,#6935,
#6936,#6937,#6938),.UNSPECIFIED.,.F.,.F.,(6,3,6),(0.,0.499999999998684,
1.),.UNSPECIFIED.);
#1732=B_SPLINE_CURVE_WITH_KNOTS('',3,(#6940,#6941,#6942,#6943,#6944,#6945,
#6946,#6947,#6948,#6949,#6950,#6951),.UNSPECIFIED.,.F.,.F.,(4,2,2,2,2,4),
(0.,0.250000000000001,0.375,0.5,0.75,1.),.UNSPECIFIED.);
#1733=B_SPLINE_CURVE_WITH_KNOTS('',5,(#7276,#7277,#7278,#7279,#7280,#7281,
#7282,#7283,#7284),.UNSPECIFIED.,.F.,.F.,(6,3,6),(0.,0.5,1.),
 .UNSPECIFIED.);
#1734=B_SPLINE_CURVE_WITH_KNOTS('',3,(#7285,#7286,#7287,#7288),
 .UNSPECIFIED.,.F.,.F.,(4,4),(0.,1.),.UNSPECIFIED.);
#1735=B_SPLINE_CURVE_WITH_KNOTS('',1,(#7667,#7668),.UNSPECIFIED.,.F.,.F.,
(2,2),(0.,1.),.UNSPECIFIED.);
#1736=B_SPLINE_CURVE_WITH_KNOTS('',3,(#7681,#7682,#7683,#7684),
 .UNSPECIFIED.,.F.,.F.,(4,4),(0.,1.),.UNSPECIFIED.);
#1737=B_SPLINE_CURVE_WITH_KNOTS('',5,(#7716,#7717,#7718,#7719,#7720,#7721,
#7722,#7723,#7724),.UNSPECIFIED.,.F.,.F.,(6,3,6),(0.,0.137889705082446,
1.),.UNSPECIFIED.);
#1738=B_SPLINE_CURVE_WITH_KNOTS('',5,(#7726,#7727,#7728,#7729,#7730,#7731),
 .UNSPECIFIED.,.F.,.F.,(6,6),(0.,1.),.UNSPECIFIED.);
#1739=B_SPLINE_CURVE_WITH_KNOTS('',3,(#7733,#7734,#7735,#7736,#7737,#7738),
 .UNSPECIFIED.,.F.,.F.,(4,2,4),(0.,0.5,1.),.UNSPECIFIED.);
#1740=B_SPLINE_CURVE_WITH_KNOTS('',5,(#7740,#7741,#7742,#7743,#7744,#7745,
#7746,#7747,#7748,#7749,#7750,#7751,#7752,#7753,#7754,#7755,#7756,#7757,
#7758,#7759,#7760,#7761,#7762,#7763,#7764,#7765,#7766,#7767,#7768,#7769,
#7770,#7771,#7772,#7773,#7774,#7775),.UNSPECIFIED.,.F.,.F.,(6,3,3,3,3,3,
3,3,3,3,3,6),(0.,0.0161384260540693,0.0344308526038947,0.0618684371860931,
0.0893060217682902,0.144181190981011,0.271602201117616,0.379576128082307,
0.528469482151789,0.728851078953111,0.851797262545427,1.),.UNSPECIFIED.);
#1741=B_SPLINE_CURVE_WITH_KNOTS('',5,(#7777,#7778,#7779,#7780,#7781,#7782,
#7783,#7784,#7785),.UNSPECIFIED.,.F.,.F.,(6,3,6),(0.,0.499997031975903,
1.),.UNSPECIFIED.);
#1742=B_SPLINE_CURVE_WITH_KNOTS('',5,(#8110,#8111,#8112,#8113,#8114,#8115,
#8116,#8117,#8118,#8119,#8120,#8121,#8122,#8123,#8124,#8125,#8126,#8127,
#8128,#8129,#8130,#8131,#8132,#8133,#8134,#8135,#8136),.UNSPECIFIED.,.F.,
 .F.,(6,3,3,3,3,3,3,3,6),(0.,0.0291173558057407,0.124999822656243,0.249999847991066,
0.49999989866071,0.749999949330355,0.874999974665178,0.975201959236973,
1.),.UNSPECIFIED.);
#1743=B_SPLINE_CURVE_WITH_KNOTS('',5,(#8138,#8139,#8140,#8141,#8142,#8143,
#8144,#8145,#8146),.UNSPECIFIED.,.F.,.F.,(6,3,6),(0.,0.5,1.),
 .UNSPECIFIED.);
#1744=B_SPLINE_CURVE_WITH_KNOTS('',5,(#8390,#8391,#8392,#8393,#8394,#8395,
#8396,#8397,#8398,#8399,#8400,#8401,#8402,#8403,#8404,#8405,#8406,#8407,
#8408,#8409,#8410,#8411,#8412,#8413),.UNSPECIFIED.,.F.,.F.,(6,3,3,3,3,3,
3,6),(0.,0.54423748795513,0.798689578149998,0.899344788854388,0.949672394427189,
0.974836197213599,0.987418098827421,1.),.UNSPECIFIED.);
#1745=B_SPLINE_CURVE_WITH_KNOTS('',3,(#8415,#8416,#8417,#8418,#8419,#8420),
 .UNSPECIFIED.,.F.,.F.,(4,2,4),(0.,0.5,1.),.UNSPECIFIED.);
#1746=B_SPLINE_CURVE_WITH_KNOTS('',5,(#8637,#8638,#8639,#8640,#8641,#8642,
#8643,#8644,#8645,#8646,#8647,#8648,#8649,#8650,#8651,#8652,#8653,#8654,
#8655,#8656,#8657),.UNSPECIFIED.,.F.,.F.,(6,3,3,3,3,3,6),(0.,0.499999999997913,
0.749999999999478,0.874999999994521,0.937499999997261,0.98509766144451,
1.),.UNSPECIFIED.);
#1747=B_SPLINE_CURVE_WITH_KNOTS('',5,(#8847,#8848,#8849,#8850,#8851,#8852),
 .UNSPECIFIED.,.F.,.F.,(6,6),(0.,1.),.UNSPECIFIED.);
#1748=B_SPLINE_CURVE_WITH_KNOTS('',5,(#8853,#8854,#8855,#8856,#8857,#8858),
 .UNSPECIFIED.,.F.,.F.,(6,6),(0.,1.),.UNSPECIFIED.);
#1749=B_SPLINE_CURVE_WITH_KNOTS('',5,(#8867,#8868,#8869,#8870,#8871,#8872),
 .UNSPECIFIED.,.F.,.F.,(6,6),(0.,1.),.UNSPECIFIED.);
#1750=B_SPLINE_CURVE_WITH_KNOTS('',5,(#8909,#8910,#8911,#8912,#8913,#8914),
 .UNSPECIFIED.,.F.,.F.,(6,6),(0.,1.),.UNSPECIFIED.);
#1751=AXIS2_PLACEMENT_3D('',#2088,#1838,#1839);
#1752=AXIS2_PLACEMENT_3D('',#4038,#1844,#1845);
#1753=AXIS2_PLACEMENT_3D('',#4042,#1847,#1848);
#1754=AXIS2_PLACEMENT_3D('',#4045,#1850,#1851);
#1755=AXIS2_PLACEMENT_3D('',#4049,#1853,#1854);
#1756=AXIS2_PLACEMENT_3D('',#4054,#1857,#1858);
#1757=AXIS2_PLACEMENT_3D('',#4057,#1860,#1861);
#1758=AXIS2_PLACEMENT_3D('',#4058,#1862,#1863);
#1759=AXIS2_PLACEMENT_3D('',#4062,#1865,#1866);
#1760=AXIS2_PLACEMENT_3D('',#4063,#1867,#1868);
#1761=AXIS2_PLACEMENT_3D('',#4064,#1869,#1870);
#1762=AXIS2_PLACEMENT_3D('',#4065,#1871,#1872);
#1763=AXIS2_PLACEMENT_3D('',#4067,#1873,#1874);
#1764=AXIS2_PLACEMENT_3D('',#4070,#1876,#1877);
#1765=AXIS2_PLACEMENT_3D('',#4074,#1879,#1880);
#1766=AXIS2_PLACEMENT_3D('',#4078,#1882,#1883);
#1767=AXIS2_PLACEMENT_3D('',#4174,#1886,#1887);
#1768=AXIS2_PLACEMENT_3D('',#4175,#1888,#1889);
#1769=AXIS2_PLACEMENT_3D('',#4179,#1891,#1892);
#1770=AXIS2_PLACEMENT_3D('',#4183,#1895,#1896);
#1771=AXIS2_PLACEMENT_3D('',#4186,#1898,#1899);
#1772=AXIS2_PLACEMENT_3D('',#4189,#1901,#1902);
#1773=AXIS2_PLACEMENT_3D('',#4193,#1905,#1906);
#1774=AXIS2_PLACEMENT_3D('',#4194,#1907,#1908);
#1775=AXIS2_PLACEMENT_3D('',#4197,#1910,#1911);
#1776=AXIS2_PLACEMENT_3D('',#4198,#1912,#1913);
#1777=AXIS2_PLACEMENT_3D('',#4280,#1916,#1917);
#1778=AXIS2_PLACEMENT_3D('',#4284,#1919,#1920);
#1779=AXIS2_PLACEMENT_3D('',#4287,#1922,#1923);
#1780=AXIS2_PLACEMENT_3D('',#4289,#1925,#1926);
#1781=AXIS2_PLACEMENT_3D('',#4302,#1927,#1928);
#1782=AXIS2_PLACEMENT_3D('',#4315,#1929,#1930);
#1783=AXIS2_PLACEMENT_3D('',#4620,#1933,#1934);
#1784=AXIS2_PLACEMENT_3D('',#4624,#1936,#1937);
#1785=AXIS2_PLACEMENT_3D('',#4628,#1939,#1940);
#1786=AXIS2_PLACEMENT_3D('',#4629,#1941,#1942);
#1787=AXIS2_PLACEMENT_3D('',#5632,#1943,#1944);
#1788=AXIS2_PLACEMENT_3D('',#5635,#1946,#1947);
#1789=AXIS2_PLACEMENT_3D('',#5636,#1948,#1949);
#1790=AXIS2_PLACEMENT_3D('',#5640,#1951,#1952);
#1791=AXIS2_PLACEMENT_3D('',#5645,#1955,#1956);
#1792=AXIS2_PLACEMENT_3D('',#5649,#1959,#1960);
#1793=AXIS2_PLACEMENT_3D('',#5651,#1962,#1963);
#1794=AXIS2_PLACEMENT_3D('',#5653,#1965,#1966);
#1795=AXIS2_PLACEMENT_3D('',#5655,#1968,#1969);
#1796=AXIS2_PLACEMENT_3D('',#5656,#1970,#1971);
#1797=AXIS2_PLACEMENT_3D('',#5657,#1972,#1973);
#1798=AXIS2_PLACEMENT_3D('',#5661,#1975,#1976);
#1799=AXIS2_PLACEMENT_3D('',#5665,#1978,#1979);
#1800=AXIS2_PLACEMENT_3D('',#5755,#1981,#1982);
#1801=AXIS2_PLACEMENT_3D('',#5757,#1984,#1985);
#1802=AXIS2_PLACEMENT_3D('',#5758,#1986,#1987);
#1803=AXIS2_PLACEMENT_3D('',#5769,#1988,#1989);
#1804=AXIS2_PLACEMENT_3D('',#5770,#1990,#1991);
#1805=AXIS2_PLACEMENT_3D('',#5773,#1993,#1994);
#1806=AXIS2_PLACEMENT_3D('',#5783,#1995,#1996);
#1807=AXIS2_PLACEMENT_3D('',#6482,#1998,#1999);
#1808=AXIS2_PLACEMENT_3D('',#6718,#2002,#2003);
#1809=AXIS2_PLACEMENT_3D('',#6725,#2005,#2006);
#1810=AXIS2_PLACEMENT_3D('',#6734,#2008,#2009);
#1811=AXIS2_PLACEMENT_3D('',#6741,#2011,#2012);
#1812=AXIS2_PLACEMENT_3D('',#6748,#2014,#2015);
#1813=AXIS2_PLACEMENT_3D('',#6755,#2017,#2018);
#1814=AXIS2_PLACEMENT_3D('',#6759,#2021,#2022);
#1815=AXIS2_PLACEMENT_3D('',#6768,#2024,#2025);
#1816=AXIS2_PLACEMENT_3D('',#6775,#2027,#2028);
#1817=AXIS2_PLACEMENT_3D('',#6784,#2030,#2031);
#1818=AXIS2_PLACEMENT_3D('',#6788,#2034,#2035);
#1819=AXIS2_PLACEMENT_3D('',#6795,#2037,#2038);
#1820=AXIS2_PLACEMENT_3D('',#6804,#2040,#2041);
#1821=AXIS2_PLACEMENT_3D('',#6809,#2042,#2043);
#1822=AXIS2_PLACEMENT_3D('',#6824,#2046,#2047);
#1823=AXIS2_PLACEMENT_3D('',#6835,#2048,#2049);
#1824=AXIS2_PLACEMENT_3D('',#6850,#2052,#2053);
#1825=AXIS2_PLACEMENT_3D('',#6861,#2054,#2055);
#1826=AXIS2_PLACEMENT_3D('',#6876,#2058,#2059);
#1827=AXIS2_PLACEMENT_3D('',#6887,#2060,#2061);
#1828=AXIS2_PLACEMENT_3D('',#6902,#2064,#2065);
#1829=AXIS2_PLACEMENT_3D('',#6913,#2066,#2067);
#1830=AXIS2_PLACEMENT_3D('',#6915,#2069,#2070);
#1831=AXIS2_PLACEMENT_3D('',#6917,#2072,#2073);
#1832=AXIS2_PLACEMENT_3D('',#6919,#2075,#2076);
#1833=AXIS2_PLACEMENT_3D('',#6920,#2077,#2078);
#1834=AXIS2_PLACEMENT_3D('',#6929,#2080,#2081);
#1835=AXIS2_PLACEMENT_3D('',#7715,#2082,#2083);
#1836=AXIS2_PLACEMENT_3D('',#7732,#2084,#2085);
#1837=AXIS2_PLACEMENT_3D('',#7739,#2086,#2087);
#1838=DIRECTION('',(0.,0.,1.));
#1839=DIRECTION('',(1.,0.,0.));
#1840=DIRECTION('',(-1.,0.,0.));
#1841=DIRECTION('',(0.,-1.,0.));
#1842=DIRECTION('',(1.,0.,0.));
#1843=DIRECTION('',(0.,1.,0.));
#1844=DIRECTION('',(0.,0.,1.));
#1845=DIRECTION('',(-1.,0.,0.));
#1846=DIRECTION('',(0.,0.,-1.));
#1847=DIRECTION('',(0.,-1.,0.));
#1848=DIRECTION('',(1.00000000000001,0.,0.));
#1849=DIRECTION('',(1.,0.,0.));
#1850=DIRECTION('',(0.,-1.,0.));
#1851=DIRECTION('',(1.,0.,0.));
#1852=DIRECTION('',(-1.,0.,0.));
#1853=DIRECTION('',(0.,-1.,0.));
#1854=DIRECTION('',(0.999999999999979,0.,0.));
#1855=DIRECTION('',(0.,0.,-1.));
#1856=DIRECTION('',(-1.,0.,0.));
#1857=DIRECTION('',(0.,1.,0.));
#1858=DIRECTION('',(0.,0.,-1.));
#1859=DIRECTION('',(0.,-1.,0.));
#1860=DIRECTION('',(0.,-1.,0.));
#1861=DIRECTION('',(1.00000000000001,0.,0.));
#1862=DIRECTION('',(0.,-1.,0.));
#1863=DIRECTION('',(1.00000000000001,0.,0.));
#1864=DIRECTION('',(1.,0.,0.));
#1865=DIRECTION('',(1.,0.,0.));
#1866=DIRECTION('',(0.,0.,0.999999999999999));
#1867=DIRECTION('',(1.,0.,0.));
#1868=DIRECTION('',(0.,0.,0.999999999999999));
#1869=DIRECTION('',(-1.,0.,0.));
#1870=DIRECTION('',(0.,0.,0.999999999999999));
#1871=DIRECTION('',(0.,-1.,0.));
#1872=DIRECTION('',(1.00000000000001,0.,0.));
#1873=DIRECTION('',(0.,1.,0.));
#1874=DIRECTION('',(1.00000000000001,0.,0.));
#1875=DIRECTION('',(0.,1.,0.));
#1876=DIRECTION('',(0.,-1.,0.));
#1877=DIRECTION('',(0.,0.,0.999999999999999));
#1878=DIRECTION('',(0.,-0.274590256516016,-0.961561329831056));
#1879=DIRECTION('',(-1.,0.,0.));
#1880=DIRECTION('',(0.,0.,0.999999999999979));
#1881=DIRECTION('',(0.,-0.707106781186547,-0.707106781186547));
#1882=DIRECTION('',(-1.,0.,0.));
#1883=DIRECTION('',(0.,0.,0.999999999999979));
#1884=DIRECTION('',(0.,0.,1.));
#1885=DIRECTION('',(0.,-1.,0.));
#1886=DIRECTION('',(-1.,0.,0.));
#1887=DIRECTION('',(0.,0.,1.));
#1888=DIRECTION('',(-1.,0.,0.));
#1889=DIRECTION('',(0.,1.,0.));
#1890=DIRECTION('',(0.,1.07152663345E-11,1.));
#1891=DIRECTION('',(5.77194736637E-9,-1.,1.07152668618E-11));
#1892=DIRECTION('',(1.,5.7719475032858E-9,0.));
#1893=DIRECTION('',(0.,1.07152663348E-11,1.));
#1894=DIRECTION('',(1.,5.77194736451E-9,2.02121934005E-8));
#1895=DIRECTION('',(-5.77194736637E-9,1.,-1.07152668618E-11));
#1896=DIRECTION('',(0.,1.07152672151889E-11,1.));
#1897=DIRECTION('',(0.,1.,0.));
#1898=DIRECTION('',(0.,1.,0.));
#1899=DIRECTION('',(1.,0.,0.));
#1900=DIRECTION('',(0.,1.,0.));
#1901=DIRECTION('',(0.,-1.,0.));
#1902=DIRECTION('',(0.,0.,0.999999999999999));
#1903=DIRECTION('',(1.,0.,0.));
#1904=DIRECTION('',(0.,-1.,0.));
#1905=DIRECTION('',(0.,0.,-1.));
#1906=DIRECTION('',(0.,-1.,0.));
#1907=DIRECTION('',(0.,-1.,0.));
#1908=DIRECTION('',(0.999999999999979,0.,0.));
#1909=DIRECTION('',(0.,-1.,0.));
#1910=DIRECTION('',(0.,1.,0.));
#1911=DIRECTION('',(0.,0.,0.999999999999999));
#1912=DIRECTION('',(1.,0.,0.));
#1913=DIRECTION('',(0.,0.,1.));
#1914=DIRECTION('',(0.,1.,0.));
#1915=DIRECTION('',(0.,0.,-1.));
#1916=DIRECTION('',(1.,0.,0.));
#1917=DIRECTION('',(0.,0.,0.999999999999979));
#1918=DIRECTION('',(0.,-0.707106781186547,-0.707106781186547));
#1919=DIRECTION('',(1.,0.,0.));
#1920=DIRECTION('',(0.,0.,0.999999999999979));
#1921=DIRECTION('',(0.,-0.274590256516016,-0.961561329831056));
#1922=DIRECTION('',(-1.,0.,0.));
#1923=DIRECTION('',(0.,1.,0.));
#1924=DIRECTION('',(-1.,0.,0.));
#1925=DIRECTION('',(1.,0.,0.));
#1926=DIRECTION('',(0.,0.961561329831056,-0.274590256516016));
#1927=DIRECTION('',(0.,6.06297267331239E-17,-1.));
#1928=DIRECTION('',(2.92572983298652E-10,1.,0.));
#1929=DIRECTION('',(0.,0.,-1.));
#1930=DIRECTION('',(-0.999999999999997,-1.23094078863567E-9,0.));
#1931=DIRECTION('',(0.,-1.,0.));
#1932=DIRECTION('',(0.,0.,-1.));
#1933=DIRECTION('',(1.,0.,0.));
#1934=DIRECTION('',(0.,0.,-0.999999999999979));
#1935=DIRECTION('',(0.,0.707106783357303,0.707106779015792));
#1936=DIRECTION('',(1.,0.,0.));
#1937=DIRECTION('',(0.,0.,-0.999999999999979));
#1938=DIRECTION('',(0.,0.274590256514922,0.961561329831368));
#1939=DIRECTION('',(1.,0.,0.));
#1940=DIRECTION('',(0.,0.,-1.));
#1941=DIRECTION('',(1.,0.,0.));
#1942=DIRECTION('',(0.,-1.,0.));
#1943=DIRECTION('',(0.,-1.,-4.52716509948E-15));
#1944=DIRECTION('',(1.00000000000001,0.,0.));
#1945=DIRECTION('',(0.,-1.,-4.52716509948E-15));
#1946=DIRECTION('',(0.,-1.,-4.52716509948E-15));
#1947=DIRECTION('',(-4.09029535388216E-13,4.56506177888633E-15,-1.00000000000001));
#1948=DIRECTION('',(0.,-1.,0.));
#1949=DIRECTION('',(0.999999999999979,0.,0.));
#1950=DIRECTION('',(1.,0.,0.));
#1951=DIRECTION('',(0.,-1.,0.));
#1952=DIRECTION('',(1.,0.,0.));
#1953=DIRECTION('',(0.,0.,1.));
#1954=DIRECTION('',(-1.,0.,0.));
#1955=DIRECTION('',(0.,-1.,0.));
#1956=DIRECTION('',(1.00000000000001,0.,0.));
#1957=DIRECTION('',(1.,0.,0.));
#1958=DIRECTION('',(1.,0.,0.));
#1959=DIRECTION('',(0.,1.,0.));
#1960=DIRECTION('',(0.,0.,-1.));
#1961=DIRECTION('',(1.,0.,0.));
#1962=DIRECTION('',(1.,0.,0.));
#1963=DIRECTION('',(0.,-0.707106781186548,0.707106781186528));
#1964=DIRECTION('',(-1.,0.,0.));
#1965=DIRECTION('',(0.,0.707106781186547,-0.707106781186547));
#1966=DIRECTION('',(0.,-0.707106781186547,-0.707106781186547));
#1967=DIRECTION('',(-1.,0.,0.));
#1968=DIRECTION('',(1.,0.,0.));
#1969=DIRECTION('',(0.,0.707106781186548,-0.707106781186528));
#1970=DIRECTION('',(0.,0.961561329831056,-0.274590256516016));
#1971=DIRECTION('',(0.,-0.274590256516016,-0.961561329831056));
#1972=DIRECTION('',(-1.,0.,0.));
#1973=DIRECTION('',(0.,0.,-1.));
#1974=DIRECTION('',(0.,0.274590256510187,0.96156132983272));
#1975=DIRECTION('',(-1.,0.,0.));
#1976=DIRECTION('',(0.,0.,-0.999999999999979));
#1977=DIRECTION('',(0.,0.707106783357303,0.707106779015792));
#1978=DIRECTION('',(-1.,0.,0.));
#1979=DIRECTION('',(0.,0.,-0.999999999999979));
#1980=DIRECTION('',(0.,-1.,0.));
#1981=DIRECTION('',(1.,0.,0.));
#1982=DIRECTION('',(0.,-1.,0.));
#1983=DIRECTION('',(1.,5.77194876022E-9,2.02122204688E-8));
#1984=DIRECTION('',(-1.,-5.77194896345E-9,-2.02122204688E-8));
#1985=DIRECTION('',(-5.77193848272373E-9,1.,-1.07025499573865E-11));
#1986=DIRECTION('',(1.,1.11167166926E-10,0.));
#1987=DIRECTION('',(1.11177733675068E-10,-1.,0.));
#1988=DIRECTION('',(0.,0.,-1.));
#1989=DIRECTION('',(-0.999999999999989,-4.57436786158879E-10,0.));
#1990=DIRECTION('',(1.,0.,0.));
#1991=DIRECTION('',(0.,0.,-0.999999999999999));
#1992=DIRECTION('',(1.,0.,0.));
#1993=DIRECTION('',(1.,0.,0.));
#1994=DIRECTION('',(0.,0.999964636541058,0.00840985536791072));
#1995=DIRECTION('',(0.,6.09863722023096E-17,-0.999999999999999));
#1996=DIRECTION('',(4.44089209850063E-14,1.,0.));
#1997=DIRECTION('',(1.33589765543E-14,1.,0.));
#1998=DIRECTION('',(1.33589765543E-14,1.,-2.13162820728E-15));
#1999=DIRECTION('',(0.999999999999979,-1.31838984174237E-14,0.));
#2000=DIRECTION('',(0.,-1.,0.));
#2001=DIRECTION('',(0.,-1.,0.));
#2002=DIRECTION('',(0.,-1.,0.));
#2003=DIRECTION('',(0.,0.,1.));
#2004=DIRECTION('',(0.,-1.,0.));
#2005=DIRECTION('',(1.,0.,0.));
#2006=DIRECTION('',(0.,0.,-1.));
#2007=DIRECTION('',(0.,-1.,0.));
#2008=DIRECTION('',(0.,-1.,0.));
#2009=DIRECTION('',(-1.,0.,0.));
#2010=DIRECTION('',(0.,-1.,0.));
#2011=DIRECTION('',(0.,1.,0.));
#2012=DIRECTION('',(0.0552509290920211,0.,0.998472500790315));
#2013=DIRECTION('',(0.,-1.,0.));
#2014=DIRECTION('',(0.,-1.,0.));
#2015=DIRECTION('',(-0.552770798393021,0.,-0.833333333333031));
#2016=DIRECTION('',(0.,-1.,0.));
#2017=DIRECTION('',(0.,-1.,0.));
#2018=DIRECTION('',(-2.22044604925031E-14,0.,1.));
#2019=DIRECTION('',(1.,0.,0.));
#2020=DIRECTION('',(0.,-1.,0.));
#2021=DIRECTION('',(0.,0.,-1.));
#2022=DIRECTION('',(-1.,0.,0.));
#2023=DIRECTION('',(0.,-1.,0.));
#2024=DIRECTION('',(0.,-1.,0.));
#2025=DIRECTION('',(0.,0.,-1.));
#2026=DIRECTION('',(0.,-1.,0.));
#2027=DIRECTION('',(-1.,0.,0.));
#2028=DIRECTION('',(0.,0.,1.));
#2029=DIRECTION('',(0.,-1.,0.));
#2030=DIRECTION('',(0.,-1.,0.));
#2031=DIRECTION('',(1.,0.,0.));
#2032=DIRECTION('',(-1.,0.,0.));
#2033=DIRECTION('',(0.,-1.,0.));
#2034=DIRECTION('',(0.,0.,1.));
#2035=DIRECTION('',(1.,0.,0.));
#2036=DIRECTION('',(0.,-1.,0.));
#2037=DIRECTION('',(0.,-1.,0.));
#2038=DIRECTION('',(-0.745355992499785,0.,-0.666666666666815));
#2039=DIRECTION('',(0.,-1.,0.));
#2040=DIRECTION('',(0.,-1.,0.));
#2041=DIRECTION('',(0.866025403784332,0.,0.500000000000189));
#2042=DIRECTION('',(0.,1.,0.));
#2043=DIRECTION('',(0.758114544936705,0.,-0.652121412587736));
#2044=DIRECTION('',(0.,-1.,0.));
#2045=DIRECTION('',(0.,-1.,0.));
#2046=DIRECTION('',(0.,-1.,0.));
#2047=DIRECTION('',(-1.,0.,0.));
#2048=DIRECTION('',(0.,-1.,0.));
#2049=DIRECTION('',(-1.,0.,0.));
#2050=DIRECTION('',(0.,-1.,0.));
#2051=DIRECTION('',(0.,-1.,0.));
#2052=DIRECTION('',(0.,-1.,0.));
#2053=DIRECTION('',(-1.,0.,0.));
#2054=DIRECTION('',(0.,-1.,0.));
#2055=DIRECTION('',(-1.,0.,0.));
#2056=DIRECTION('',(0.,-1.,0.));
#2057=DIRECTION('',(0.,-1.,0.));
#2058=DIRECTION('',(0.,-1.,0.));
#2059=DIRECTION('',(-1.,0.,0.));
#2060=DIRECTION('',(0.,-1.,0.));
#2061=DIRECTION('',(-1.,0.,0.));
#2062=DIRECTION('',(0.,-1.,0.));
#2063=DIRECTION('',(0.,-1.,0.));
#2064=DIRECTION('',(0.,-1.,0.));
#2065=DIRECTION('',(-1.,0.,0.));
#2066=DIRECTION('',(0.,-1.,0.));
#2067=DIRECTION('',(-1.,0.,0.));
#2068=DIRECTION('',(1.,0.,0.));
#2069=DIRECTION('',(0.,0.961561329831056,-0.274590256516016));
#2070=DIRECTION('',(0.,-0.274590256516016,-0.961561329831056));
#2071=DIRECTION('',(1.,0.,0.));
#2072=DIRECTION('',(-1.,0.,0.));
#2073=DIRECTION('',(0.,0.961561329831057,-0.274590256515994));
#2074=DIRECTION('',(-1.,0.,0.));
#2075=DIRECTION('',(0.,0.707106781186547,-0.707106781186547));
#2076=DIRECTION('',(0.,-0.707106781186547,-0.707106781186547));
#2077=DIRECTION('',(-1.,0.,0.));
#2078=DIRECTION('',(0.,-0.999999999999999,0.));
#2079=DIRECTION('',(0.,-1.,5.56841307235E-13));
#2080=DIRECTION('',(-3.36119478489E-26,-1.,5.5721509278E-13));
#2081=DIRECTION('',(-1.00000000000001,0.,0.));
#2082=DIRECTION('',(0.,0.,-1.));
#2083=DIRECTION('',(0.,1.,0.));
#2084=DIRECTION('',(0.,0.,-1.));
#2085=DIRECTION('',(0.,1.,0.));
#2086=DIRECTION('',(-2.22649609238E-15,-1.,-5.68434188608E-15));
#2087=DIRECTION('',(-1.,2.08166817117217E-15,1.77635683940025E-13));
#2088=CARTESIAN_POINT('',(0.,0.,0.));
#2089=CARTESIAN_POINT('',(-798.361138437,-4.77491673348,913.763731619));
#2090=CARTESIAN_POINT('',(-798.361129047,-4.17491332127,913.758298486));
#2091=CARTESIAN_POINT('',(-798.361119658,-3.57490990904,913.752865358));
#2092=CARTESIAN_POINT('',(-798.361138437,-4.77491673348,913.763731619));
#2093=CARTESIAN_POINT('',(-798.361119658,-3.57501449548701,913.75286630085));
#2094=CARTESIAN_POINT('',(-797.674951937013,-3.67976591813705,901.931654076537));
#2095=CARTESIAN_POINT('',(-797.524970095351,-3.66237094067316,903.918781878973));
#2096=CARTESIAN_POINT('',(-797.381977419581,-3.64484621411868,905.908424033144));
#2097=CARTESIAN_POINT('',(-797.444874928005,-3.6095520425904,909.890906946421));
#2098=CARTESIAN_POINT('',(-797.630767302001,-3.59181315684259,911.879853258452));
#2099=CARTESIAN_POINT('',(-798.361119656363,-3.5750144955235,913.752866296652));
#2100=CARTESIAN_POINT('',(-797.674951937044,-3.67976591814579,901.931654075536));
#2101=CARTESIAN_POINT('',(-797.6749528,-4.87961555704,901.942134407));
#2102=CARTESIAN_POINT('',(-797.674951937,-3.67966133124,901.931653161));
#2103=CARTESIAN_POINT('',(-797.6749528,-4.87961555704,901.942134407));
#2104=CARTESIAN_POINT('',(-797.674952799925,-4.87972000577651,901.942135321319));
#2105=CARTESIAN_POINT('',(-797.524968521488,-4.86232440459866,903.929338769329));
#2106=CARTESIAN_POINT('',(-797.381973427581,-4.84479935751267,905.919020848583));
#2107=CARTESIAN_POINT('',(-797.444881062076,-4.80950331528616,909.901719343772));
#2108=CARTESIAN_POINT('',(-797.630740569427,-4.79176537252509,911.890561439328));
#2109=CARTESIAN_POINT('',(-798.361138436395,-4.77496530092005,913.763732054827));
#2110=CARTESIAN_POINT('',(-797.67495280864,-4.8916156633746,901.94223922438));
#2111=CARTESIAN_POINT('',(-797.67495280432,-4.8856156102373,901.94218681569));
#2112=CARTESIAN_POINT('',(-797.6749528,-4.8796155571,901.942134407));
#2113=CARTESIAN_POINT('',(-797.674952368,-4.27961024337,901.936893538));
#2114=CARTESIAN_POINT('',(-797.674951937,-3.67960492963,901.931652669));
#2115=CARTESIAN_POINT('',(-797.60377846508,-4.8833604987536,902.88525760444));
#2116=CARTESIAN_POINT('',(-797.60377846104,-4.8773604465468,902.88520508922));
#2117=CARTESIAN_POINT('',(-797.603778457,-4.87136039434,902.885152574));
#2118=CARTESIAN_POINT('',(-797.603778053,-4.27135517366,902.879901052));
#2119=CARTESIAN_POINT('',(-797.603777649,-3.67134995299,902.87464953));
#2120=CARTESIAN_POINT('',(-797.53744606668,-4.8753156653424,903.80191003118));
#2121=CARTESIAN_POINT('',(-797.53744606334,-4.8693156140912,903.80185740659));
#2122=CARTESIAN_POINT('',(-797.53744606,-4.86331556284,903.801804782));
#2123=CARTESIAN_POINT('',(-797.537445726,-4.26331043772,903.796542323));
#2124=CARTESIAN_POINT('',(-797.537445392,-3.6633053126,903.791279863));
#2125=CARTESIAN_POINT('',(-797.48177677656,-4.86748587531,904.69192881896));
#2126=CARTESIAN_POINT('',(-797.48177677428,-4.861485825045,904.69187608198));
#2127=CARTESIAN_POINT('',(-797.481776772,-4.85548577478,904.691823345));
#2128=CARTESIAN_POINT('',(-797.481776544,-4.25548074828,904.686549647));
#2129=CARTESIAN_POINT('',(-797.481776316,-3.65547572178,904.681275949));
#2130=CARTESIAN_POINT('',(-797.42184013208,-4.856071866304,905.98646070288));
#2131=CARTESIAN_POINT('',(-797.42184013154,-4.850071817567,905.98640779244));
#2132=CARTESIAN_POINT('',(-797.421840131,-4.84407176883,905.986354882));
#2133=CARTESIAN_POINT('',(-797.421840077,-4.24406689513,905.981063838));
#2134=CARTESIAN_POINT('',(-797.421840022,-3.64406202143,905.975772795));
#2135=CARTESIAN_POINT('',(-797.40632334778,-4.845187845074,907.2170370105));
#2136=CARTESIAN_POINT('',(-797.40632334789,-4.839187797937,907.21698391925));
#2137=CARTESIAN_POINT('',(-797.406323348,-4.8331877508,907.216930828));
#2138=CARTESIAN_POINT('',(-797.406323359,-4.2331830371,907.211621703));
#2139=CARTESIAN_POINT('',(-797.40632337,-3.63317832341,907.206312578));
#2140=CARTESIAN_POINT('',(-797.40658920874,-4.8416206120412,907.61994459168));
#2141=CARTESIAN_POINT('',(-797.40658920887,-4.8356205654456,907.61989143934));
#2142=CARTESIAN_POINT('',(-797.406589209,-4.82962051885,907.619838287));
#2143=CARTESIAN_POINT('',(-797.406589222,-4.22961585929,907.614523053));
#2144=CARTESIAN_POINT('',(-797.406589235,-3.62961119972,907.609207819));
#2145=CARTESIAN_POINT('',(-797.41887515578,-4.8346126876652,908.41070008028));
#2146=CARTESIAN_POINT('',(-797.41887515539,-4.8286126421676,908.41064680414));
#2147=CARTESIAN_POINT('',(-797.418875155,-4.82261259667,908.410593528));
#2148=CARTESIAN_POINT('',(-797.418875116,-4.22260804691,908.405265914));
#2149=CARTESIAN_POINT('',(-797.418875078,-3.62260349716,908.3999383));
#2150=CARTESIAN_POINT('',(-797.45608978896,-4.8278712297194,909.16998350798));
#2151=CARTESIAN_POINT('',(-797.45608978648,-4.8218711853497,909.16993010499));
#2152=CARTESIAN_POINT('',(-797.456089784,-4.81587114098,909.169876702));
#2153=CARTESIAN_POINT('',(-797.456089536,-4.21586670401,909.164536403));
#2154=CARTESIAN_POINT('',(-797.456089289,-3.61586226703,909.159196102));
#2155=CARTESIAN_POINT('',(-797.481101346,-4.8245846295338,909.53981877394));
#2156=CARTESIAN_POINT('',(-797.4811013465,-4.8185845853769,909.53976534697));
#2157=CARTESIAN_POINT('',(-797.481101347,-4.81258454122,909.53971192));
#2158=CARTESIAN_POINT('',(-797.481101397,-4.21258012553,909.534369223));
#2159=CARTESIAN_POINT('',(-797.481101446,-3.61257570984,909.529026524));
#2160=CARTESIAN_POINT('',(-797.54953272042,-4.8177044767316,910.31343509766));
#2161=CARTESIAN_POINT('',(-797.54953270671,-4.8117044345608,910.31338144783));
#2162=CARTESIAN_POINT('',(-797.549532693,-4.80570439239,910.313327798));
#2163=CARTESIAN_POINT('',(-797.549531322,-4.20570017531,910.307962815));
#2164=CARTESIAN_POINT('',(-797.549529951,-3.60569595824,910.302597833));
#2165=CARTESIAN_POINT('',(-797.64873269412,-4.8112453499756,911.03852630582));
#2166=CARTESIAN_POINT('',(-797.64873268306,-4.8052453082028,911.03847261191));
#2167=CARTESIAN_POINT('',(-797.648732672,-4.79924526643,911.038418918));
#2168=CARTESIAN_POINT('',(-797.648731566,-4.19924108915,911.033049527));
#2169=CARTESIAN_POINT('',(-797.648730459,-3.59923691188,911.027680136));
#2170=CARTESIAN_POINT('',(-797.71076761904,-4.8078920067134,911.41307096354));
#2171=CARTESIAN_POINT('',(-797.71076759952,-4.8018919656067,911.41301719627));
#2172=CARTESIAN_POINT('',(-797.71076758,-4.7958919245,911.412963429));
#2173=CARTESIAN_POINT('',(-797.710765628,-4.19588781383,911.407586702));
#2174=CARTESIAN_POINT('',(-797.710763676,-3.59588370317,911.402209975));
#2175=CARTESIAN_POINT('',(-797.85582767958,-4.8013241921812,912.14785660872));
#2176=CARTESIAN_POINT('',(-797.85582758029,-4.7953241546756,912.14780244186));
#2177=CARTESIAN_POINT('',(-797.855827481,-4.78932411717,912.147748275));
#2178=CARTESIAN_POINT('',(-797.855817552,-4.18932036661,912.142331589));
#2179=CARTESIAN_POINT('',(-797.855807624,-3.58931661607,912.136914903));
#2180=CARTESIAN_POINT('',(-798.03770036416,-4.795237176413,912.83072914668));
#2181=CARTESIAN_POINT('',(-798.03770018908,-4.7892371419015,912.83067464834));
#2182=CARTESIAN_POINT('',(-798.037700014,-4.78323710739,912.83062015));
#2183=CARTESIAN_POINT('',(-798.037682506,-4.18323365624,912.825170316));
#2184=CARTESIAN_POINT('',(-798.037664998,-3.58323020511,912.81972048));
#2185=CARTESIAN_POINT('',(-798.13728532246,-4.792352440846,913.1555008225));
#2186=CARTESIAN_POINT('',(-798.13728512623,-4.786352406873,913.15544626375));
#2187=CARTESIAN_POINT('',(-798.13728493,-4.7803523729,913.155391705));
#2188=CARTESIAN_POINT('',(-798.137265307,-4.1803489756,913.14993583));
#2189=CARTESIAN_POINT('',(-798.137245683,-3.58034557829,913.144479955));
#2190=CARTESIAN_POINT('',(-798.24296557168,-4.7896260502228,913.46077477812));
#2191=CARTESIAN_POINT('',(-798.24296543634,-4.7836260148514,913.46072037356));
#2192=CARTESIAN_POINT('',(-798.242965301,-4.77762597948,913.460665969));
#2193=CARTESIAN_POINT('',(-798.242951767,-4.17762244234,913.455225513));
#2194=CARTESIAN_POINT('',(-798.242938233,-3.57761890519,913.449785059));
#2195=CARTESIAN_POINT('',(-798.3611386248,-4.7869171891002,913.76384028468));
#2196=CARTESIAN_POINT('',(-798.3611385309,-4.7809171530601,913.76378595334));
#2197=CARTESIAN_POINT('',(-798.361138437,-4.77491711702,913.763731622));
#2198=CARTESIAN_POINT('',(-798.361129047,-4.17491351301,913.758298488));
#2199=CARTESIAN_POINT('',(-798.361119658,-3.57490990897,913.752865358));
#2200=CARTESIAN_POINT('',(-813.578169318,-4.68978161778,920.383938501));
#2201=CARTESIAN_POINT('',(-813.574523363,-4.09136439713,920.316553268));
#2202=CARTESIAN_POINT('',(-813.570876721,-3.49294675512,920.249171789));
#2203=CARTESIAN_POINT('',(-813.578169318,-4.68978161779,920.383938501));
#2204=CARTESIAN_POINT('',(-813.570876772033,-3.49305310238985,920.249183727807));
#2205=CARTESIAN_POINT('',(-813.570876174961,-3.49305310332774,920.249183692037));
#2206=CARTESIAN_POINT('',(-811.145094664182,-3.49686364978873,920.103858074663));
#2207=CARTESIAN_POINT('',(-808.71440004364,-3.50144985920293,919.947986699402));
#2208=CARTESIAN_POINT('',(-805.144921956241,-3.51645943106124,919.207567002427));
#2209=CARTESIAN_POINT('',(-803.976895670629,-3.52275573360752,918.874007290864));
#2210=CARTESIAN_POINT('',(-801.784041470583,-3.53668830562333,917.884596191308));
#2211=CARTESIAN_POINT('',(-800.736674960065,-3.54388991784696,917.205694149784));
#2212=CARTESIAN_POINT('',(-799.908241817088,-3.55209327918527,916.295729308247));
#2213=CARTESIAN_POINT('',(-799.908256199,-3.55209339722,916.295716216));
#2214=CARTESIAN_POINT('',(-798.36111948615,-3.57501449492828,913.752866363019));
#2215=CARTESIAN_POINT('',(-798.727144703547,-3.56659564168621,914.691549606133));
#2216=CARTESIAN_POINT('',(-799.22780383482,-3.55888716493575,915.548325720217));
#2217=CARTESIAN_POINT('',(-799.908241151363,-3.55214928858857,916.295730419233));
#2218=CARTESIAN_POINT('',(-798.361138265623,-4.77496530032288,913.76373212141));
#2219=CARTESIAN_POINT('',(-798.375105306329,-4.77464404072447,913.799551852049));
#2220=CARTESIAN_POINT('',(-798.389269111482,-4.77432342821561,913.835295530885));
#2221=CARTESIAN_POINT('',(-798.40363535004,-4.77400351811628,913.870957042128));
#2222=CARTESIAN_POINT('',(-798.40363535004,-4.77400351811628,913.870957042128));
#2223=CARTESIAN_POINT('',(-798.40363535004,-4.77400351811628,913.870957042128));
#2224=CARTESIAN_POINT('',(-798.763345805211,-4.76599341811826,914.763871244361));
#2225=CARTESIAN_POINT('',(-799.244474770795,-4.75862300279698,915.583037039232));
#2226=CARTESIAN_POINT('',(-799.883100471475,-4.75210059204738,916.306541032474));
#2227=CARTESIAN_POINT('',(-799.883108079,-4.75204463773,916.306533813));
#2228=CARTESIAN_POINT('',(-813.578168778701,-4.68988589683272,920.383950171414));
#2229=CARTESIAN_POINT('',(-811.138043313745,-4.69391207311039,920.235214886384));
#2230=CARTESIAN_POINT('',(-808.692764756706,-4.69876846318158,920.076261103164));
#2231=CARTESIAN_POINT('',(-805.105043893985,-4.7147584534568,919.309894034114));
#2232=CARTESIAN_POINT('',(-803.935219282601,-4.72145683034318,918.96496968051));
#2233=CARTESIAN_POINT('',(-801.738005937319,-4.73620141416796,917.936810509692));
#2234=CARTESIAN_POINT('',(-800.701193499521,-4.74368925260813,917.233362044483));
#2235=CARTESIAN_POINT('',(-799.883101107175,-4.75204458225101,916.306539966429));
#2236=CARTESIAN_POINT('',(-798.304751507336,-4.79140253160734,913.619259663161));
#2237=CARTESIAN_POINT('',(-798.304753390858,-4.78759008578537,913.619230135014));
#2238=CARTESIAN_POINT('',(-798.30475527438,-4.78377763996341,913.619200606867));
#2239=CARTESIAN_POINT('',(-798.304757157901,-4.77996519414144,913.61917107872));
#2240=CARTESIAN_POINT('',(-798.304759041423,-4.77615274831948,913.619141550573));
#2241=CARTESIAN_POINT('',(-798.304947393602,-4.39490816612306,913.616188735871));
#2242=CARTESIAN_POINT('',(-798.305135756676,-4.01366358380305,913.613235935505));
#2243=CARTESIAN_POINT('',(-798.305324128644,-3.63241900132958,913.610283150476));
#2244=CARTESIAN_POINT('',(-798.305512510013,-3.25117441872758,913.607330381278));
#2245=CARTESIAN_POINT('',(-798.316028937301,-4.79114408889955,913.648181662201));
#2246=CARTESIAN_POINT('',(-798.31603043186,-4.78733165208906,913.648151134465));
#2247=CARTESIAN_POINT('',(-798.31603192642,-4.78351921527857,913.648120606729));
#2248=CARTESIAN_POINT('',(-798.316033420979,-4.77970677846807,913.648090078994));
#2249=CARTESIAN_POINT('',(-798.316034915539,-4.77589434165758,913.648059551258));
#2250=CARTESIAN_POINT('',(-798.316184371482,-4.39465066060844,913.645006777697));
#2251=CARTESIAN_POINT('',(-798.316333836341,-4.01340697946244,913.641954015404));
#2252=CARTESIAN_POINT('',(-798.316483308115,-3.63216329819166,913.638901265381));
#2253=CARTESIAN_POINT('',(-798.31663278741,-3.25091961682006,913.635848528023));
#2254=CARTESIAN_POINT('',(-798.327306367266,-4.79088564619176,913.67710366124));
#2255=CARTESIAN_POINT('',(-798.327307472862,-4.78707321839274,913.677072133916));
#2256=CARTESIAN_POINT('',(-798.32730857846,-4.78326079059372,913.677040606592));
#2257=CARTESIAN_POINT('',(-798.327309684057,-4.7794483627947,913.677009079268));
#2258=CARTESIAN_POINT('',(-798.327310789654,-4.77563593499569,913.676977551944));
#2259=CARTESIAN_POINT('',(-798.327421349361,-4.39439315509383,913.673824819522));
#2260=CARTESIAN_POINT('',(-798.327531916005,-4.01315037512183,913.670672095303));
#2261=CARTESIAN_POINT('',(-798.327642487587,-3.63190759505375,913.667519380285));
#2262=CARTESIAN_POINT('',(-798.327753064808,-3.25066481491255,913.664366674767));
#2263=CARTESIAN_POINT('',(-798.33858379723,-4.79062720348398,913.70602566028));
#2264=CARTESIAN_POINT('',(-798.338584513865,-4.78681478469643,913.705993133368));
#2265=CARTESIAN_POINT('',(-798.3385852305,-4.78300236590888,913.705960606455));
#2266=CARTESIAN_POINT('',(-798.338585947134,-4.77918994712134,913.705928079542));
#2267=CARTESIAN_POINT('',(-798.338586663769,-4.77537752833379,913.705895552629));
#2268=CARTESIAN_POINT('',(-798.338658327241,-4.39413564957922,913.702642861348));
#2269=CARTESIAN_POINT('',(-798.33872999567,-4.01289377078122,913.699390175202));
#2270=CARTESIAN_POINT('',(-798.338801667058,-3.63165189191583,913.69613749519));
#2271=CARTESIAN_POINT('',(-798.338873342205,-3.25041001300503,913.692884821511));
#2272=CARTESIAN_POINT('',(-798.349861227195,-4.79036876077619,913.73494765932));
#2273=CARTESIAN_POINT('',(-798.349861554867,-4.78655635100011,913.734914132819));
#2274=CARTESIAN_POINT('',(-798.34986188254,-4.78274394122404,913.734880606317));
#2275=CARTESIAN_POINT('',(-798.349862210212,-4.77893153144797,913.734847079816));
#2276=CARTESIAN_POINT('',(-798.349862537885,-4.77511912167189,913.734813553315));
#2277=CARTESIAN_POINT('',(-798.34989530512,-4.39387814406461,913.731460903174));
#2278=CARTESIAN_POINT('',(-798.349928075335,-4.01263716644061,913.728108255101));
#2279=CARTESIAN_POINT('',(-798.349960846529,-3.63139618877792,913.724755610095));
#2280=CARTESIAN_POINT('',(-798.349993619603,-3.25015521109752,913.721402968256));
#2281=CARTESIAN_POINT('',(-798.36113865716,-4.7901103180684,913.76386965836));
#2282=CARTESIAN_POINT('',(-798.36113859587,-4.7862979173038,913.76383513227));
#2283=CARTESIAN_POINT('',(-798.36113853458,-4.7824855165392,913.76380060618));
#2284=CARTESIAN_POINT('',(-798.36113847329,-4.7786731157746,913.76376608009));
#2285=CARTESIAN_POINT('',(-798.361138412,-4.77486071501,913.763731554));
#2286=CARTESIAN_POINT('',(-798.361132283,-4.39362063855,913.760278945));
#2287=CARTESIAN_POINT('',(-798.361126155,-4.0123805621,913.756826335));
#2288=CARTESIAN_POINT('',(-798.361120026,-3.63114048564,913.753373725));
#2289=CARTESIAN_POINT('',(-798.361113897,-3.24990040919,913.749921115));
#2290=CARTESIAN_POINT('',(-798.47511318924,-4.7874983854932,914.05616775444));
#2291=CARTESIAN_POINT('',(-798.47510919693,-4.7836860758024,914.05612312608));
#2292=CARTESIAN_POINT('',(-798.47510520462,-4.7798737661116,914.05607849772));
#2293=CARTESIAN_POINT('',(-798.47510121231,-4.7760614564208,914.05603386936));
#2294=CARTESIAN_POINT('',(-798.47509722,-4.77224914673,914.055989241));
#2295=CARTESIAN_POINT('',(-798.474697989,-4.39101817765,914.051526405));
#2296=CARTESIAN_POINT('',(-798.474298739,-4.00978720885,914.047063537));
#2297=CARTESIAN_POINT('',(-798.473899468,-3.62855624033,914.042600638));
#2298=CARTESIAN_POINT('',(-798.473500178,-3.2473252721,914.038137707));
#2299=CARTESIAN_POINT('',(-798.59450369124,-4.7868967503924,914.330175692));
#2300=CARTESIAN_POINT('',(-798.59449459143,-4.7830845639943,914.3301173925));
#2301=CARTESIAN_POINT('',(-798.59448549162,-4.7792723775962,914.330059093));
#2302=CARTESIAN_POINT('',(-798.59447639181,-4.7754601911981,914.3300007935));
#2303=CARTESIAN_POINT('',(-798.594467292,-4.7716480048,914.329942494));
#2304=CARTESIAN_POINT('',(-798.593557311,-4.39042936499,914.324112544));
#2305=CARTESIAN_POINT('',(-798.592645743,-4.00921074771,914.318280073));
#2306=CARTESIAN_POINT('',(-798.591732587,-3.62799215297,914.312445082));
#2307=CARTESIAN_POINT('',(-798.590817845,-3.24677358078,914.306607572));
#2308=CARTESIAN_POINT('',(-798.723094091,-4.7881123948684,914.59620228652));
#2309=CARTESIAN_POINT('',(-798.72307864675,-4.7843003969388,914.59612771464));
#2310=CARTESIAN_POINT('',(-798.7230632025,-4.7804883990092,914.59605314276));
#2311=CARTESIAN_POINT('',(-798.72304775825,-4.7766764010796,914.59597857088));
#2312=CARTESIAN_POINT('',(-798.723032314,-4.77286440315,914.595903999));
#2313=CARTESIAN_POINT('',(-798.721487889,-4.39166461019,914.588446811));
#2314=CARTESIAN_POINT('',(-798.719938126,-4.01046488162,914.580982556));
#2315=CARTESIAN_POINT('',(-798.718383,-3.62926521763,914.573511204));
#2316=CARTESIAN_POINT('',(-798.716822484,-3.24806561842,914.56603273));
#2317=CARTESIAN_POINT('',(-798.92906588408,-4.7925720069072,914.9802831632));
#2318=CARTESIAN_POINT('',(-798.92903942606,-4.7887604487879,914.98018189265));
#2319=CARTESIAN_POINT('',(-798.92901296804,-4.7849488906686,914.9800806221));
#2320=CARTESIAN_POINT('',(-798.92898651002,-4.7811373325493,914.97997935155));
#2321=CARTESIAN_POINT('',(-798.928960052,-4.77732577443,914.979878081));
#2322=CARTESIAN_POINT('',(-798.92631425,-4.3961699625,914.969751026));
#2323=CARTESIAN_POINT('',(-798.923654521,-4.01501434008,914.959609264));
#2324=CARTESIAN_POINT('',(-798.920980733,-3.63385890824,914.949452714));
#2325=CARTESIAN_POINT('',(-798.918292751,-3.25270366803,914.939281295));
#2326=CARTESIAN_POINT('',(-799.15164998836,-4.8005734016944,915.33924792644));
#2327=CARTESIAN_POINT('',(-799.15161080752,-4.7967625406483,915.33911827933));
#2328=CARTESIAN_POINT('',(-799.15157162668,-4.7929516796022,915.33898863222));
#2329=CARTESIAN_POINT('',(-799.15153244584,-4.7891408185561,915.33885898511));
#2330=CARTESIAN_POINT('',(-799.151493265,-4.78532995751,915.338729338));
#2331=CARTESIAN_POINT('',(-799.147575181,-4.4042438529,915.325764627));
#2332=CARTESIAN_POINT('',(-799.143631578,-4.02315812701,915.312778431));
#2333=CARTESIAN_POINT('',(-799.13966216,-3.64207278174,915.299770644));
#2334=CARTESIAN_POINT('',(-799.135666618,-3.26098781892,915.286741162));
#2335=CARTESIAN_POINT('',(-799.22756200776,-4.8036135078792,915.45596781064));
#2336=CARTESIAN_POINT('',(-799.22751842982,-4.7998029092169,915.45582862173));
#2337=CARTESIAN_POINT('',(-799.22747485188,-4.7959923105546,915.45568943282));
#2338=CARTESIAN_POINT('',(-799.22743127394,-4.7921817118923,915.45555024391));
#2339=CARTESIAN_POINT('',(-799.227387696,-4.78837111323,915.455411055));
#2340=CARTESIAN_POINT('',(-799.223029902,-4.407311247,915.441492164));
#2341=CARTESIAN_POINT('',(-799.21864247,-4.02625182842,915.42754975));
#2342=CARTESIAN_POINT('',(-799.214225041,-3.6451928596,915.413583704));
#2343=CARTESIAN_POINT('',(-799.209777247,-3.26413434258,915.39959392));
#2344=CARTESIAN_POINT('',(-799.38248128744,-4.8103865430384,915.68335485888));
#2345=CARTESIAN_POINT('',(-799.38242867533,-4.8065765285613,915.68319659991));
#2346=CARTESIAN_POINT('',(-799.38237606322,-4.8027665140842,915.68303834094));
#2347=CARTESIAN_POINT('',(-799.38232345111,-4.7989564996071,915.68288008197));
#2348=CARTESIAN_POINT('',(-799.382270839,-4.79514648513,915.682721823));
#2349=CARTESIAN_POINT('',(-799.377009628,-4.41414503742,915.666895926));
#2350=CARTESIAN_POINT('',(-799.371710239,-4.03314418026,915.651043065));
#2351=CARTESIAN_POINT('',(-799.366372186,-3.65214391589,915.635163142));
#2352=CARTESIAN_POINT('',(-799.360994972,-3.27114424648,915.619256061));
#2353=CARTESIAN_POINT('',(-799.54429003924,-4.8184027244148,915.90001471764));
#2354=CARTESIAN_POINT('',(-799.54422813318,-4.8145934057211,915.89983773998));
#2355=CARTESIAN_POINT('',(-799.54416622712,-4.8107840870274,915.89966076232));
#2356=CARTESIAN_POINT('',(-799.54410432106,-4.8069747683337,915.89948378466));
#2357=CARTESIAN_POINT('',(-799.544042415,-4.80316544964,915.899306807));
#2358=CARTESIAN_POINT('',(-799.537851809,-4.42223358027,915.881609041));
#2359=CARTESIAN_POINT('',(-799.531614353,-4.04130243824,915.863882385));
#2360=CARTESIAN_POINT('',(-799.52532944,-3.66037202507,915.846126781));
#2361=CARTESIAN_POINT('',(-799.518996449,-3.27944234207,915.828342181));
#2362=CARTESIAN_POINT('',(-799.62584686012,-4.8227296139596,916.0045429228));
#2363=CARTESIAN_POINT('',(-799.62578024984,-4.8189206694372,916.00435674785));
#2364=CARTESIAN_POINT('',(-799.62571363956,-4.8151117249148,916.0041705729));
#2365=CARTESIAN_POINT('',(-799.62564702928,-4.8113027803924,916.00398439795));
#2366=CARTESIAN_POINT('',(-799.625580419,-4.80749383587,916.003798223));
#2367=CARTESIAN_POINT('',(-799.618919391,-4.42659938363,915.985180728));
#2368=CARTESIAN_POINT('',(-799.612207238,-4.04570572092,915.966533842));
#2369=CARTESIAN_POINT('',(-799.6054433,-3.6648128486,915.947857537));
#2370=CARTESIAN_POINT('',(-799.598626898,-3.28392076721,915.929151795));
#2371=CARTESIAN_POINT('',(-799.80423413776,-4.8319453281832,916.22298703852));
#2372=CARTESIAN_POINT('',(-799.80415813982,-4.8281372018849,916.22278239089));
#2373=CARTESIAN_POINT('',(-799.80408214188,-4.8243290755866,916.22257774326));
#2374=CARTESIAN_POINT('',(-799.80400614394,-4.8205209492883,916.22237309563));
#2375=CARTESIAN_POINT('',(-799.803930146,-4.81671282299,916.222168448));
#2376=CARTESIAN_POINT('',(-799.796330352,-4.43590019316,916.201703685));
#2377=CARTESIAN_POINT('',(-799.788671161,-4.05508846289,916.181209339));
#2378=CARTESIAN_POINT('',(-799.780951812,-3.67427763095,916.160685457));
#2379=CARTESIAN_POINT('',(-799.773171526,-3.29346769559,916.140132105));
#2380=CARTESIAN_POINT('',(-799.99299889924,-4.8420319603892,916.43453401236));
#2381=CARTESIAN_POINT('',(-799.99291396943,-4.8382247332269,916.43431199952));
#2382=CARTESIAN_POINT('',(-799.99282903962,-4.8344175060646,916.43408998668));
#2383=CARTESIAN_POINT('',(-799.99274410981,-4.8306102789023,916.43386797384));
#2384=CARTESIAN_POINT('',(-799.99265918,-4.82680305174,916.433645961));
#2385=CARTESIAN_POINT('',(-799.984166199,-4.44608033551,916.411444677));
#2386=CARTESIAN_POINT('',(-799.975606868,-4.06535857212,916.389215452));
#2387=CARTESIAN_POINT('',(-799.966980368,-3.68463775671,916.366958435));
#2388=CARTESIAN_POINT('',(-799.958285863,-3.3039178837,916.344673795));
#2389=CARTESIAN_POINT('',(-800.08952928484,-4.847558557034,916.53769256092));
#2390=CARTESIAN_POINT('',(-800.08943979263,-4.8437518104605,916.53746193744));
#2391=CARTESIAN_POINT('',(-800.08935030042,-4.839945063887,916.53723131396));
#2392=CARTESIAN_POINT('',(-800.08926080821,-4.8361383173135,916.53700069048));
#2393=CARTESIAN_POINT('',(-800.089171316,-4.83233157074,916.536770067));
#2394=CARTESIAN_POINT('',(-800.080222095,-4.45165691339,916.513707719));
#2395=CARTESIAN_POINT('',(-800.071203343,-4.07098321442,916.49061882));
#2396=CARTESIAN_POINT('',(-800.062114224,-3.69031046667,916.467503576));
#2397=CARTESIAN_POINT('',(-800.052953888,-3.30963866203,916.444362218));
#2398=CARTESIAN_POINT('',(-800.29049917648,-4.8588572853116,916.74312083916));
#2399=CARTESIAN_POINT('',(-800.29040109161,-4.8550515217962,916.74287376762));
#2400=CARTESIAN_POINT('',(-800.29030300674,-4.8512457582808,916.74262669608));
#2401=CARTESIAN_POINT('',(-800.29020492187,-4.8474399947654,916.74237962454));
#2402=CARTESIAN_POINT('',(-800.290106837,-4.84363423125,916.742132553));
#2403=CARTESIAN_POINT('',(-800.28029835,-4.46305787971,916.717425399));
#2404=CARTESIAN_POINT('',(-800.270415094,-4.08248245368,916.692695241));
#2405=CARTESIAN_POINT('',(-800.260456227,-3.70190794068,916.6679424));
#2406=CARTESIAN_POINT('',(-800.2504209,-3.32133432698,916.643167228));
#2407=CARTESIAN_POINT('',(-800.50283935324,-4.8706381460588,916.94118718708));
#2408=CARTESIAN_POINT('',(-800.50273373168,-4.8668333892416,916.94092523706));
#2409=CARTESIAN_POINT('',(-800.50262811012,-4.8630286324244,916.94066328704));
#2410=CARTESIAN_POINT('',(-800.50252248856,-4.8592238756072,916.94040133702));
#2411=CARTESIAN_POINT('',(-800.502416867,-4.85541911879,916.940139387));
#2412=CARTESIAN_POINT('',(-800.491854711,-4.47494343707,916.913944385));
#2413=CARTESIAN_POINT('',(-800.481214824,-4.0944685586,916.88773118));
#2414=CARTESIAN_POINT('',(-800.470496411,-3.71399446469,916.861500206));
#2415=CARTESIAN_POINT('',(-800.459698673,-3.33352113522,916.835251927));
#2416=CARTESIAN_POINT('',(-800.61214835568,-4.8765968767648,917.03862985392));
#2417=CARTESIAN_POINT('',(-800.61203928076,-4.8727926239586,917.03836086869));
#2418=CARTESIAN_POINT('',(-800.61193020584,-4.8689883711524,917.03809188346));
#2419=CARTESIAN_POINT('',(-800.61182113092,-4.8651841183462,917.03782289823));
#2420=CARTESIAN_POINT('',(-800.611712056,-4.86137986554,917.037553913));
#2421=CARTESIAN_POINT('',(-800.600804564,-4.48095458492,917.01065539));
#2422=CARTESIAN_POINT('',(-800.589818463,-4.10053002435,916.983741286));
#2423=CARTESIAN_POINT('',(-800.578752992,-3.72010616198,916.956812083));
#2424=CARTESIAN_POINT('',(-800.567607393,-3.33968297441,916.929868296));
#2425=CARTESIAN_POINT('',(-800.9497895288,-4.8945344071424,917.32620921512));
#2426=CARTESIAN_POINT('',(-800.94967113635,-4.8907316541168,917.32592031559));
#2427=CARTESIAN_POINT('',(-800.9495527439,-4.8869289010912,917.32563141606));
#2428=CARTESIAN_POINT('',(-800.94943435145,-4.8831261480656,917.32534251653));
#2429=CARTESIAN_POINT('',(-800.949315959,-4.87932339504,917.325053617));
#2430=CARTESIAN_POINT('',(-800.937476714,-4.49904809248,917.296163664));
#2431=CARTESIAN_POINT('',(-800.925557983,-4.11877320334,917.267266326));
#2432=CARTESIAN_POINT('',(-800.913559137,-3.73849869654,917.238362214));
#2433=CARTESIAN_POINT('',(-800.901479557,-3.35822453926,917.209451974));
#2434=CARTESIAN_POINT('',(-801.3166078028,-4.9122911408484,917.59919333436));
#2435=CARTESIAN_POINT('',(-801.31648339435,-4.9084898176438,917.59888797627));
#2436=CARTESIAN_POINT('',(-801.3163589859,-4.9046884944392,917.59858261818));
#2437=CARTESIAN_POINT('',(-801.31623457745,-4.9008871712346,917.59827726009));
#2438=CARTESIAN_POINT('',(-801.316110169,-4.89708584803,917.597971902));
#2439=CARTESIAN_POINT('',(-801.303669324,-4.51695352757,917.567436093));
#2440=CARTESIAN_POINT('',(-801.291152995,-4.13682118036,917.536901321));
#2441=CARTESIAN_POINT('',(-801.278560741,-3.75668876815,917.506368254));
#2442=CARTESIAN_POINT('',(-801.265892136,-3.3765562511,917.475837589));
#2443=CARTESIAN_POINT('',(-801.57394954212,-4.9237311288884,917.77410054232));
#2444=CARTESIAN_POINT('',(-801.57382273509,-4.9199306974738,917.77378563924));
#2445=CARTESIAN_POINT('',(-801.57369592806,-4.9161302660592,917.77347073616));
#2446=CARTESIAN_POINT('',(-801.57356912103,-4.9123298346446,917.77315583308));
#2447=CARTESIAN_POINT('',(-801.573442314,-4.90852940323,917.77284093));
#2448=CARTESIAN_POINT('',(-801.560761611,-4.52848626177,917.741350622));
#2449=CARTESIAN_POINT('',(-801.548009901,-4.14844277479,917.709866347));
#2450=CARTESIAN_POINT('',(-801.53518687,-3.7683989014,917.678388772));
#2451=CARTESIAN_POINT('',(-801.522292224,-3.38835459928,917.646918586));
#2452=CARTESIAN_POINT('',(-802.10508750284,-4.945021325164,918.10373156808));
#2453=CARTESIAN_POINT('',(-802.10495905438,-4.941222507528,918.10340020881));
#2454=CARTESIAN_POINT('',(-802.10483060592,-4.937423689892,918.10306884954));
#2455=CARTESIAN_POINT('',(-802.10470215746,-4.933624872256,918.10273749027));
#2456=CARTESIAN_POINT('',(-802.104573709,-4.92982605462,918.102406131));
#2457=CARTESIAN_POINT('',(-802.091728863,-4.54994429102,918.069270204));
#2458=CARTESIAN_POINT('',(-802.078823908,-4.17006160386,918.03614817));
#2459=CARTESIAN_POINT('',(-802.065858744,-3.79017795152,918.003040631));
#2460=CARTESIAN_POINT('',(-802.052833295,-3.41029329148,917.969948206));
#2461=CARTESIAN_POINT('',(-802.68973731024,-4.963278711488,918.40621416816));
#2462=CARTESIAN_POINT('',(-802.68961250543,-4.959481248861,918.40586991337));
#2463=CARTESIAN_POINT('',(-802.68948770062,-4.955683786234,918.40552565858));
#2464=CARTESIAN_POINT('',(-802.68936289581,-4.951886323607,918.40518140379));
#2465=CARTESIAN_POINT('',(-802.689238091,-4.94808886098,918.404837149));
#2466=CARTESIAN_POINT('',(-802.67675761,-4.56834259828,918.37041167));
#2467=CARTESIAN_POINT('',(-802.664229615,-4.18859501639,918.33600394));
#2468=CARTESIAN_POINT('',(-802.65165414,-3.80884607944,918.301614433));
#2469=CARTESIAN_POINT('',(-802.639031236,-3.42909575107,918.267243632));
#2470=CARTESIAN_POINT('',(-802.98983175548,-4.9714688208,918.547875435));
#2471=CARTESIAN_POINT('',(-802.98970987061,-4.967671962565,918.5475255145));
#2472=CARTESIAN_POINT('',(-802.98958798574,-4.96387510433,918.547175594));
#2473=CARTESIAN_POINT('',(-802.98946610087,-4.960078246095,918.5468256735));
#2474=CARTESIAN_POINT('',(-802.989344216,-4.95628138786,918.546475753));
#2475=CARTESIAN_POINT('',(-802.977155729,-4.57659556436,918.511483703));
#2476=CARTESIAN_POINT('',(-802.964925832,-4.19690829195,918.476510308));
#2477=CARTESIAN_POINT('',(-802.952654601,-3.81721953866,918.441555977));
#2478=CARTESIAN_POINT('',(-802.940342127,-3.43752927221,918.406621122));
#2479=CARTESIAN_POINT('',(-803.61824239008,-4.9860521041516,918.8181327632));
#2480=CARTESIAN_POINT('',(-803.61812806556,-4.9822563608287,918.8177724289));
#2481=CARTESIAN_POINT('',(-803.61801374104,-4.9784606175058,918.8174120946));
#2482=CARTESIAN_POINT('',(-803.61789941652,-4.9746648741829,918.8170517603));
#2483=CARTESIAN_POINT('',(-803.617785092,-4.97086913086,918.816691426));
#2484=CARTESIAN_POINT('',(-803.60635264,-4.59129479857,918.780657996));
#2485=CARTESIAN_POINT('',(-803.594890034,-4.21171888471,918.744643509));
#2486=CARTESIAN_POINT('',(-803.583397394,-3.83214136547,918.708648247));
#2487=CARTESIAN_POINT('',(-803.571874854,-3.45256221702,918.672672491));
#2488=CARTESIAN_POINT('',(-804.30319147372,-4.9971932607088,919.06136897936));
#2489=CARTESIAN_POINT('',(-804.30308717054,-4.9933984789366,919.06099965602));
#2490=CARTESIAN_POINT('',(-804.30298286736,-4.9896036971644,919.06063033268));
#2491=CARTESIAN_POINT('',(-804.30287856418,-4.9858089153922,919.06026100934));
#2492=CARTESIAN_POINT('',(-804.302774261,-4.98201413362,919.059891686));
#2493=CARTESIAN_POINT('',(-804.292343943,-4.6025359564,919.022959352));
#2494=CARTESIAN_POINT('',(-804.281892373,-4.22305626882,918.986044085));
#2495=CARTESIAN_POINT('',(-804.271419669,-3.84357505461,918.949146067));
#2496=CARTESIAN_POINT('',(-804.260925956,-3.46409229759,918.912265479));
#2497=CARTESIAN_POINT('',(-804.66220464416,-5.0018741212788,919.17675634756));
#2498=CARTESIAN_POINT('',(-804.66210562287,-4.9980797969791,919.17638271592));
#2499=CARTESIAN_POINT('',(-804.66200660158,-4.9942854726794,919.17600908428));
#2500=CARTESIAN_POINT('',(-804.66190758029,-4.9904911483797,919.17563545264));
#2501=CARTESIAN_POINT('',(-804.661808559,-4.98669682408,919.175261821));
#2502=CARTESIAN_POINT('',(-804.65190643,-4.60726439411,919.137898657));
#2503=CARTESIAN_POINT('',(-804.641986743,-4.22783052583,919.100551334));
#2504=CARTESIAN_POINT('',(-804.632049608,-3.84839520616,919.063219997));
#2505=CARTESIAN_POINT('',(-804.622095137,-3.46895842211,919.025904787));
#2506=CARTESIAN_POINT('',(-805.36071583868,-5.0095688852356,919.37988231616));
#2507=CARTESIAN_POINT('',(-805.36062752801,-5.0057753611467,919.37950114662));
#2508=CARTESIAN_POINT('',(-805.36053921734,-5.0019818370578,919.37911997708));
#2509=CARTESIAN_POINT('',(-805.36045090667,-4.9981883129689,919.37873880754));
#2510=CARTESIAN_POINT('',(-805.360362596,-4.99439478888,919.378357638));
#2511=CARTESIAN_POINT('',(-805.351531529,-4.61504237999,919.340240684));
#2512=CARTESIAN_POINT('',(-805.342688889,-4.23568871905,919.302136922));
#2513=CARTESIAN_POINT('',(-805.333834761,-3.85633379808,919.264046434));
#2514=CARTESIAN_POINT('',(-805.324969237,-3.47697760917,919.225969305));
#2515=CARTESIAN_POINT('',(-806.10202905156,-5.0149039096052,919.55631743816));
#2516=CARTESIAN_POINT('',(-806.10195155867,-5.0111111004389,919.55592951137));
#2517=CARTESIAN_POINT('',(-806.10187406578,-5.0073182912726,919.55554158458));
#2518=CARTESIAN_POINT('',(-806.10179657289,-5.0035254821063,919.55515365779));
#2519=CARTESIAN_POINT('',(-806.10171908,-4.99973267294,919.554765731));
#2520=CARTESIAN_POINT('',(-806.093969791,-4.62045175631,919.515973052));
#2521=CARTESIAN_POINT('',(-806.086212881,-4.24116981228,919.477190853));
#2522=CARTESIAN_POINT('',(-806.078448415,-3.86188683606,919.438419183));
#2523=CARTESIAN_POINT('',(-806.070676457,-3.48260282291,919.399658089));
#2524=CARTESIAN_POINT('',(-806.4647761146,-5.0168837821436,919.6347027978));
#2525=CARTESIAN_POINT('',(-806.4647034582,-5.0130913029477,919.6343117476));
#2526=CARTESIAN_POINT('',(-806.4646308018,-5.0092988237518,919.6339206974));
#2527=CARTESIAN_POINT('',(-806.4645581454,-5.0055063445559,919.6335296472));
#2528=CARTESIAN_POINT('',(-806.464485489,-5.00171386536,919.633138597));
#2529=CARTESIAN_POINT('',(-806.457219849,-4.62246594577,919.594033577));
#2530=CARTESIAN_POINT('',(-806.449948012,-4.24321710018,919.554937871));
#2531=CARTESIAN_POINT('',(-806.442670034,-3.86396732485,919.515851516));
#2532=CARTESIAN_POINT('',(-806.435385968,-3.48471661613,919.476774549));
#2533=CARTESIAN_POINT('',(-807.20314793396,-5.0201618940396,919.77925434552));
#2534=CARTESIAN_POINT('',(-807.20308477547,-5.0163700339822,919.77885745914));
#2535=CARTESIAN_POINT('',(-807.20302161698,-5.0125781739248,919.77846057276));
#2536=CARTESIAN_POINT('',(-807.20295845849,-5.0087863138674,919.77806368638));
#2537=CARTESIAN_POINT('',(-807.2028953,-5.00499445381,919.7776668));
#2538=CARTESIAN_POINT('',(-807.196579451,-4.62580844807,919.737978162));
#2539=CARTESIAN_POINT('',(-807.19025973,-4.24662171285,919.698296662));
#2540=CARTESIAN_POINT('',(-807.183936172,-3.8674342461,919.658622321));
#2541=CARTESIAN_POINT('',(-807.177608814,-3.48824604582,919.618955157));
#2542=CARTESIAN_POINT('',(-807.97292602708,-5.022167480304,919.90241492252));
#2543=CARTESIAN_POINT('',(-807.97287149881,-5.0183761763655,919.90201283314));
#2544=CARTESIAN_POINT('',(-807.97281697054,-5.014584872427,919.90161074376));
#2545=CARTESIAN_POINT('',(-807.97276244227,-5.0107935684885,919.90120865438));
#2546=CARTESIAN_POINT('',(-807.972707914,-5.00700226455,919.900806565));
#2547=CARTESIAN_POINT('',(-807.967255087,-4.6278718707,919.860597627));
#2548=CARTESIAN_POINT('',(-807.961799776,-4.24874091414,919.820394091));
#2549=CARTESIAN_POINT('',(-807.956342003,-3.86960939373,919.780195968));
#2550=CARTESIAN_POINT('',(-807.950881794,-3.49047730829,919.740003271));
#2551=CARTESIAN_POINT('',(-808.36538843076,-5.0229152871716,919.95898972672));
#2552=CARTESIAN_POINT('',(-808.36533795282,-5.0191242460662,919.95858519029));
#2553=CARTESIAN_POINT('',(-808.36528747488,-5.0153332049608,919.95818065386));
#2554=CARTESIAN_POINT('',(-808.36523699694,-5.0115421638554,919.95777611743));
#2555=CARTESIAN_POINT('',(-808.365186519,-5.00775112275,919.957371581));
#2556=CARTESIAN_POINT('',(-808.360138725,-4.62864701221,919.916917938));
#2557=CARTESIAN_POINT('',(-808.355088969,-4.24954241259,919.87646895));
#2558=CARTESIAN_POINT('',(-808.350037269,-3.87043732303,919.836024625));
#2559=CARTESIAN_POINT('',(-808.344983646,-3.49133174269,919.79558497));
#2560=CARTESIAN_POINT('',(-809.56643704752,-5.0245468028204,920.11512504924));
#2561=CARTESIAN_POINT('',(-809.56639779664,-5.0207565068653,920.11471360793));
#2562=CARTESIAN_POINT('',(-809.56635854576,-5.0169662109102,920.11430216662));
#2563=CARTESIAN_POINT('',(-809.56631929488,-5.0131759149551,920.11389072531));
#2564=CARTESIAN_POINT('',(-809.566280044,-5.009385619,920.113479284));
#2565=CARTESIAN_POINT('',(-809.562354956,-4.63035602349,920.072335153));
#2566=CARTESIAN_POINT('',(-809.558429096,-4.25132613,920.031193767));
#2567=CARTESIAN_POINT('',(-809.554502473,-3.87229593831,919.990055128));
#2568=CARTESIAN_POINT('',(-809.550575094,-3.49326544821,919.948919238));
#2569=CARTESIAN_POINT('',(-810.84016768016,-5.0247063285832,920.23509459468));
#2570=CARTESIAN_POINT('',(-810.84013667262,-5.0209166585499,920.23467744451));
#2571=CARTESIAN_POINT('',(-810.84010566508,-5.0171269885166,920.23426029434));
#2572=CARTESIAN_POINT('',(-810.84007465754,-5.0133373184833,920.23384314417));
#2573=CARTESIAN_POINT('',(-810.84004365,-5.00954764845,920.233425994));
#2574=CARTESIAN_POINT('',(-810.836942896,-4.63058064512,920.191710977));
#2575=CARTESIAN_POINT('',(-810.833841727,-4.25161345095,920.149997698));
#2576=CARTESIAN_POINT('',(-810.830740146,-3.87264606584,920.108286157));
#2577=CARTESIAN_POINT('',(-810.827638158,-3.49367848967,920.066576356));
#2578=CARTESIAN_POINT('',(-811.72361055028,-5.0244898701168,920.30307292364));
#2579=CARTESIAN_POINT('',(-811.72358350071,-5.0207005726726,920.30265240673));
#2580=CARTESIAN_POINT('',(-811.72355645114,-5.0169112752284,920.30223188982));
#2581=CARTESIAN_POINT('',(-811.72352940157,-5.0131219777842,920.30181137291));
#2582=CARTESIAN_POINT('',(-811.723502352,-5.00933268034,920.301390856));
#2583=CARTESIAN_POINT('',(-811.720797395,-4.63040293592,920.259339165));
#2584=CARTESIAN_POINT('',(-811.718092151,-4.25147304122,920.217288831));
#2585=CARTESIAN_POINT('',(-811.715386621,-3.87254299617,920.175239855));
#2586=CARTESIAN_POINT('',(-811.71268081,-3.49361280071,920.133192237));
#2587=CARTESIAN_POINT('',(-812.6408606398,-5.0240884432288,920.3638768994));
#2588=CARTESIAN_POINT('',(-812.6408361411,-5.0202994919191,920.36345328255));
#2589=CARTESIAN_POINT('',(-812.6408116424,-5.0165105406094,920.3630296657));
#2590=CARTESIAN_POINT('',(-812.6407871437,-5.0127215892997,920.36260604885));
#2591=CARTESIAN_POINT('',(-812.640762645,-5.00893263799,920.362182432));
#2592=CARTESIAN_POINT('',(-812.638312775,-4.63003750702,920.319820747));
#2593=CARTESIAN_POINT('',(-812.635862685,-4.25114225059,920.277460187));
#2594=CARTESIAN_POINT('',(-812.633412377,-3.87224686868,920.235100753));
#2595=CARTESIAN_POINT('',(-812.630961852,-3.49335136121,920.192742445));
#2596=CARTESIAN_POINT('',(-813.58020265224,-5.0235254853264,920.42152028108));
#2597=CARTESIAN_POINT('',(-813.58017957068,-5.0197368729373,920.42109365506));
#2598=CARTESIAN_POINT('',(-813.58015648912,-5.0159482605482,920.42066702904));
#2599=CARTESIAN_POINT('',(-813.58013340756,-5.0121596481591,920.42024040302));
#2600=CARTESIAN_POINT('',(-813.580110326,-5.00837103577,920.419813777));
#2601=CARTESIAN_POINT('',(-813.57780217,-4.62950979686,920.377151175));
#2602=CARTESIAN_POINT('',(-813.575493827,-4.25064844541,920.334489575));
#2603=CARTESIAN_POINT('',(-813.5731853,-3.87178698137,920.291828978));
#2604=CARTESIAN_POINT('',(-813.570876591,-3.4929254047,920.249169385));
#2605=CARTESIAN_POINT('',(-801.74141025199,-3.97976205072046,866.34611416182));
#2606=CARTESIAN_POINT('',(-801.61739541127,-3.97328955644934,867.144523538232));
#2607=CARTESIAN_POINT('',(-801.496256028437,-3.9667960188016,867.943383788273));
#2608=CARTESIAN_POINT('',(-801.377745444773,-3.96028192399027,868.742628378103));
#2609=CARTESIAN_POINT('',(-800.90367327544,-3.93422390484153,871.939807944801));
#2610=CARTESIAN_POINT('',(-800.470621378263,-3.90783619245919,875.143211357231));
#2611=CARTESIAN_POINT('',(-800.068326006754,-3.88113788473433,878.350207811584));
#2612=CARTESIAN_POINT('',(-799.666039967327,-3.85444019633256,881.557129872945));
#2613=CARTESIAN_POINT('',(-799.295008599645,-3.82742815892801,884.768108354188));
#2614=CARTESIAN_POINT('',(-798.953634733451,-3.80010886430076,887.982079958193));
#2615=CARTESIAN_POINT('',(-798.460450376001,-3.76064055667386,892.625319167027));
#2616=CARTESIAN_POINT('',(-798.026379205395,-3.72052465002013,897.275550929231));
#2617=CARTESIAN_POINT('',(-797.674951937044,-3.67976591814579,901.931654075536));
#2618=CARTESIAN_POINT('',(-801.74141025199,-3.97976205072046,866.34611416182));
#2619=CARTESIAN_POINT('',(-801.7414138,-5.17961840891,866.355794724));
#2620=CARTESIAN_POINT('',(-801.741410245,-3.97965746231,866.346113361));
#2621=CARTESIAN_POINT('',(-801.741413814,-5.17961840964,866.355794634));
#2622=CARTESIAN_POINT('',(-801.741413813665,-5.1797214506882,866.355795469268));
#2623=CARTESIAN_POINT('',(-801.618629470899,-5.1733130848006,867.146300130372));
#2624=CARTESIAN_POINT('',(-801.498663811318,-5.166884090175,867.937246718677));
#2625=CARTESIAN_POINT('',(-801.381277455397,-5.16043493886932,868.728570630295));
#2626=CARTESIAN_POINT('',(-800.911702963925,-5.13463673667598,871.894062228288));
#2627=CARTESIAN_POINT('',(-800.48239900973,-5.10851525333578,875.06566556649));
#2628=CARTESIAN_POINT('',(-800.083314643749,-5.08208916268011,878.240809049516));
#2629=CARTESIAN_POINT('',(-799.684239399913,-5.05566367606377,881.415879956102));
#2630=CARTESIAN_POINT('',(-799.315869300056,-5.02892993123605,884.594941710621));
#2631=CARTESIAN_POINT('',(-798.976549690503,-5.00189491818387,887.776948299093));
#2632=CARTESIAN_POINT('',(-798.473767548417,-4.96183616121545,892.491842586491));
#2633=CARTESIAN_POINT('',(-798.031811410939,-4.92110947928861,897.21396849146));
#2634=CARTESIAN_POINT('',(-797.674952799268,-4.87972000577695,901.942135321269));
#2635=CARTESIAN_POINT('',(-801.74141383555,-5.1916246453806,866.35589159116));
#2636=CARTESIAN_POINT('',(-801.7414138,-5.1796249703,866.355794777));
#2637=CARTESIAN_POINT('',(-801.741410245,-3.97965746224,866.346113361));
#2638=CARTESIAN_POINT('',(-801.46901612117,-5.1774069360995,868.10963074014));
#2639=CARTESIAN_POINT('',(-801.469016088,-5.16540726423,868.109533528));
#2640=CARTESIAN_POINT('',(-801.469012771,-3.96544007728,868.099812314));
#2641=CARTESIAN_POINT('',(-801.20774745006,-5.1630823972849,869.86793418011));
#2642=CARTESIAN_POINT('',(-801.207747419,-5.15108272864,869.86783657));
#2643=CARTESIAN_POINT('',(-801.207744313,-3.95111586415,869.858075559));
#2644=CARTESIAN_POINT('',(-800.95508511821,-5.1485763217595,871.63970958674));
#2645=CARTESIAN_POINT('',(-800.955085089,-5.13657665637,871.639611577));
#2646=CARTESIAN_POINT('',(-800.955082168,-3.93661011742,871.629810603));
#2647=CARTESIAN_POINT('',(-800.46666359089,-5.1192916037591,875.19903232867));
#2648=CARTESIAN_POINT('',(-800.466663565,-5.10729194493,875.198933518));
#2649=CARTESIAN_POINT('',(-800.466660976,-3.90732606202,875.189052451));
#2650=CARTESIAN_POINT('',(-800.01228003211,-5.0896333775193,878.76893774541));
#2651=CARTESIAN_POINT('',(-800.012280009,-5.07763372532,878.768838134));
#2652=CARTESIAN_POINT('',(-800.012277698,-3.87766850539,878.758876993));
#2653=CARTESIAN_POINT('',(-799.79375061078,-5.0747602100231,880.55052745001));
#2654=CARTESIAN_POINT('',(-799.793750589,-5.06276056115,880.550427439));
#2655=CARTESIAN_POINT('',(-799.793748411,-3.86279567384,880.540426338));
#2656=CARTESIAN_POINT('',(-799.37517823638,-5.0450463524595,884.09244802412));
#2657=CARTESIAN_POINT('',(-799.375178217,-5.03304671022,884.09234722));
#2658=CARTESIAN_POINT('',(-799.375176279,-3.83308248627,884.082266808));
#2659=CARTESIAN_POINT('',(-798.98673090917,-5.0150157893909,887.63808387302));
#2660=CARTESIAN_POINT('',(-798.986730892,-5.00301615385,887.637982275));
#2661=CARTESIAN_POINT('',(-798.986729175,-3.80305259976,887.627822473));
#2662=CARTESIAN_POINT('',(-798.79860023505,-4.9997951011535,889.42638822581));
#2663=CARTESIAN_POINT('',(-798.798600219,-4.98779546901,889.426286227));
#2664=CARTESIAN_POINT('',(-798.798598614,-3.78783225466,889.416086346));
#2665=CARTESIAN_POINT('',(-798.43583212093,-4.9690174515535,893.02536716402));
#2666=CARTESIAN_POINT('',(-798.435832107,-4.95701782628,893.025264359));
#2667=CARTESIAN_POINT('',(-798.435830714,-3.75705529893,893.014983857));
#2668=CARTESIAN_POINT('',(-798.10641800983,-4.9379633002362,896.62297499497));
#2669=CARTESIAN_POINT('',(-798.106417998,-4.92596368192,896.622871382));
#2670=CARTESIAN_POINT('',(-798.106416815,-3.7260018503,896.612510085));
#2671=CARTESIAN_POINT('',(-797.95156982175,-4.9224595067426,898.41068051431));
#2672=CARTESIAN_POINT('',(-797.951569811,-4.91045989191,898.410576499));
#2673=CARTESIAN_POINT('',(-797.951568736,-3.71049840865,898.400174968));
#2674=CARTESIAN_POINT('',(-797.80823157966,-4.9070735214924,900.17637346202));
#2675=CARTESIAN_POINT('',(-797.80823157,-4.89507391013,900.176269048));
#2676=CARTESIAN_POINT('',(-797.808230604,-3.69511277389,900.165827646));
#2677=CARTESIAN_POINT('',(-797.67495280962,-4.8916151651774,901.94223919803));
#2678=CARTESIAN_POINT('',(-797.674952801,-4.8796155573,901.942134385));
#2679=CARTESIAN_POINT('',(-797.674951939,-3.67965476956,901.931653082));
#2680=CARTESIAN_POINT('',(-813.676644087795,-4.68972373723944,920.389935217381));
#2681=CARTESIAN_POINT('',(-813.64381863361,-4.68977768293348,920.387945985289));
#2682=CARTESIAN_POINT('',(-813.610993529599,-4.68983173641693,920.385950969274));
#2683=CARTESIAN_POINT('',(-813.578168778711,-4.68988589683676,920.383950171265));
#2684=CARTESIAN_POINT('',(-813.676644088,-4.68972373734,920.389935214));
#2685=CARTESIAN_POINT('',(-829.318497416,-4.67435925133,920.91335742));
#2686=CARTESIAN_POINT('',(-826.192122374,-4.67509858463,920.890004738));
#2687=CARTESIAN_POINT('',(-823.072685755,-4.67703808708,920.828475479));
#2688=CARTESIAN_POINT('',(-819.901205047,-4.68030541111,920.723728342));
#2689=CARTESIAN_POINT('',(-816.786902938,-4.6846123093,920.578417635));
#2690=CARTESIAN_POINT('',(-813.676653096,-4.68972372247,920.389935762));
#2691=CARTESIAN_POINT('',(-829.318497484,-4.67425505255,920.913344908));
#2692=CARTESIAN_POINT('',(-829.317587322,-3.47815049894,920.769703312));
#2693=CARTESIAN_POINT('',(-829.318042406,-4.07620277927,920.841524081));
#2694=CARTESIAN_POINT('',(-829.318497484,-4.67425505255,920.913344908));
#2695=CARTESIAN_POINT('',(-829.317587327676,-3.47825893215008,920.76971633357));
#2696=CARTESIAN_POINT('',(-829.317587327676,-3.47825893215008,920.76971633357));
#2697=CARTESIAN_POINT('',(-828.508760397057,-3.47844119256639,920.763778488796));
#2698=CARTESIAN_POINT('',(-827.69994957712,-3.47871601074023,920.754814095214));
#2699=CARTESIAN_POINT('',(-826.891191606548,-3.47908484774047,920.742701956295));
#2700=CARTESIAN_POINT('',(-825.273637249033,-3.47982253926086,920.718477103127));
#2701=CARTESIAN_POINT('',(-823.656219310619,-3.48093789995021,920.681662694985));
#2702=CARTESIAN_POINT('',(-822.039251143514,-3.48240573896342,920.631850254407));
#2703=CARTESIAN_POINT('',(-820.627194605761,-3.48368756486274,920.588350336592));
#2704=CARTESIAN_POINT('',(-819.215405924006,-3.48523736147682,920.534952927779));
#2705=CARTESIAN_POINT('',(-817.804114552064,-3.48702434526803,920.47130528911));
#2706=CARTESIAN_POINT('',(-816.392528632807,-3.48881170201644,920.407644366691));
#2707=CARTESIAN_POINT('',(-814.981367970302,-3.49083742811618,920.333684529736));
#2708=CARTESIAN_POINT('',(-813.570876772033,-3.49305310238985,920.249183727807));
#2709=CARTESIAN_POINT('',(-813.421771242354,-4.70192989592986,920.37573825282));
#2710=CARTESIAN_POINT('',(-813.421734183277,-4.69590169327293,920.37506025286));
#2711=CARTESIAN_POINT('',(-813.4216971242,-4.689873490616,920.3743822529));
#2712=CARTESIAN_POINT('',(-813.417991216499,-4.087053224923,920.3065822569));
#2713=CARTESIAN_POINT('',(-813.4142845928,-3.484232524509,920.2387861383));
#2714=CARTESIAN_POINT('',(-813.453065546183,-4.70191148533729,920.37764982236));
#2715=CARTESIAN_POINT('',(-813.453028553471,-4.69588330070704,920.37697166234));
#2716=CARTESIAN_POINT('',(-813.45299156076,-4.6898551160768,920.37629350232));
#2717=CARTESIAN_POINT('',(-813.4492922896,-4.0870366530524,920.30847750032));
#2718=CARTESIAN_POINT('',(-813.44559230624,-3.4842177567372,920.24066536204));
#2719=CARTESIAN_POINT('',(-813.484359850012,-4.70189307474472,920.3795613919));
#2720=CARTESIAN_POINT('',(-813.484322923666,-4.69586490814116,920.37888307182));
#2721=CARTESIAN_POINT('',(-813.48428599732,-4.6898367415376,920.37820475174));
#2722=CARTESIAN_POINT('',(-813.4805933627,-4.0870200811818,920.31037274374));
#2723=CARTESIAN_POINT('',(-813.47690001968,-3.4842029889654,920.24254458578));
#2724=CARTESIAN_POINT('',(-813.515654153842,-4.70187466415214,920.38147296144));
#2725=CARTESIAN_POINT('',(-813.515617293861,-4.69584651557527,920.3807944813));
#2726=CARTESIAN_POINT('',(-813.51558043388,-4.6898183669984,920.38011600116));
#2727=CARTESIAN_POINT('',(-813.5118944358,-4.0870035093112,920.31226798716));
#2728=CARTESIAN_POINT('',(-813.50820773312,-3.4841882211936,920.24442380952));
#2729=CARTESIAN_POINT('',(-813.546948457671,-4.70185625355957,920.38338453098));
#2730=CARTESIAN_POINT('',(-813.546911664055,-4.69582812300939,920.38270589078));
#2731=CARTESIAN_POINT('',(-813.54687487044,-4.6897999924592,920.38202725058));
#2732=CARTESIAN_POINT('',(-813.5431955089,-4.0869869374406,920.31416323058));
#2733=CARTESIAN_POINT('',(-813.53951544656,-3.4841734534218,920.24630303326));
#2734=CARTESIAN_POINT('',(-813.5782427615,-4.701837842967,920.38529610052));
#2735=CARTESIAN_POINT('',(-813.57820603425,-4.6958097304435,920.38461730026));
#2736=CARTESIAN_POINT('',(-813.578169307,-4.68978161792,920.3839385));
#2737=CARTESIAN_POINT('',(-813.574496582,-4.08697036557,920.316058474));
#2738=CARTESIAN_POINT('',(-813.57082316,-3.48415868565,920.248182257));
#2739=CARTESIAN_POINT('',(-815.14295795296,-4.7009173133384,920.48087457752));
#2740=CARTESIAN_POINT('',(-815.14292454398,-4.6948901021492,920.48018777426));
#2741=CARTESIAN_POINT('',(-815.142891135,-4.68886289096,920.479500971));
#2742=CARTESIAN_POINT('',(-815.139550237,-4.08614177204,920.410820645));
#2743=CARTESIAN_POINT('',(-815.136208832,-3.48342029706,920.342143444));
#2744=CARTESIAN_POINT('',(-816.70816109936,-4.6999512864534,920.56546891632));
#2745=CARTESIAN_POINT('',(-816.70813105018,-4.6939248869567,920.56477502516));
#2746=CARTESIAN_POINT('',(-816.708101001,-4.68789848746,920.564081134));
#2747=CARTESIAN_POINT('',(-816.705096083,-4.08525853779,920.494692018));
#2748=CARTESIAN_POINT('',(-816.702090807,-3.48261829906,920.425305409));
#2749=CARTESIAN_POINT('',(-818.28155640026,-4.6989948310372,920.639477893));
#2750=CARTESIAN_POINT('',(-818.28152966063,-4.6929691515236,920.638777794));
#2751=CARTESIAN_POINT('',(-818.281502921,-4.68694347201,920.638077695));
#2752=CARTESIAN_POINT('',(-818.278828958,-4.08437552065,920.568067795));
#2753=CARTESIAN_POINT('',(-818.276154745,-3.48180733909,920.498059873));
#2754=CARTESIAN_POINT('',(-821.43744849146,-4.6972173066862,920.76624442222));
#2755=CARTESIAN_POINT('',(-821.43742828823,-4.6911928724631,920.76553368511));
#2756=CARTESIAN_POINT('',(-821.437408085,-4.68516843824,920.764822948));
#2757=CARTESIAN_POINT('',(-821.435387762,-4.08272501593,920.693749237));
#2758=CARTESIAN_POINT('',(-821.433367346,-3.48028146526,920.622676608));
#2759=CARTESIAN_POINT('',(-824.59722826312,-4.6958638363172,920.85079362856));
#2760=CARTESIAN_POINT('',(-824.59721444856,-4.6898402470236,920.85007579028));
#2761=CARTESIAN_POINT('',(-824.597200634,-4.68381665773,920.849357952));
#2762=CARTESIAN_POINT('',(-824.595819178,-4.08145772837,920.777574124));
#2763=CARTESIAN_POINT('',(-824.594437695,-3.47909873944,920.705790795));
#2764=CARTESIAN_POINT('',(-826.17452381922,-4.695332408295,920.88257614724));
#2765=CARTESIAN_POINT('',(-826.17451316511,-4.6893091384575,920.88185563962));
#2766=CARTESIAN_POINT('',(-826.174502511,-4.68328586862,920.881135132));
#2767=CARTESIAN_POINT('',(-826.1734371,-4.08095888487,920.80908437));
#2768=CARTESIAN_POINT('',(-826.172371678,-3.47863186764,920.737033888));
#2769=CARTESIAN_POINT('',(-827.7456723766,-4.6949659706924,920.9040355164));
#2770=CARTESIAN_POINT('',(-827.7456648508,-4.6889429172362,920.9033132052));
#2771=CARTESIAN_POINT('',(-827.745657325,-4.68291986378,920.902590894));
#2772=CARTESIAN_POINT('',(-827.744904745,-4.08061451816,920.830359774));
#2773=CARTESIAN_POINT('',(-827.744152162,-3.47830915631,920.758128789));
#2774=CARTESIAN_POINT('',(-829.31851293082,-4.6947628882894,920.91580771742));
#2775=CARTESIAN_POINT('',(-829.31850839441,-4.6887399537247,920.91508441621));
#2776=CARTESIAN_POINT('',(-829.318503858,-4.68271701916,920.914361115));
#2777=CARTESIAN_POINT('',(-829.318050217,-4.08042356269,920.842030994));
#2778=CARTESIAN_POINT('',(-829.317596574,-3.47813009921,920.769700931));
#2779=CARTESIAN_POINT('',(-819.447284486,-5.30813496093,850.210387456));
#2780=CARTESIAN_POINT('',(-819.447277886,-4.10817039138,850.201164916));
#2781=CARTESIAN_POINT('',(-819.447284463,-5.30813496092,850.210387457));
#2782=CARTESIAN_POINT('',(-819.447277871981,-4.10827497999827,850.201165720412));
#2783=CARTESIAN_POINT('',(-801.74141381409,-5.17972145068766,866.355795469334));
#2784=CARTESIAN_POINT('',(-802.093344415801,-5.19808942988526,864.090011426191));
#2785=CARTESIAN_POINT('',(-802.45322782531,-5.21635079390986,861.819670178213));
#2786=CARTESIAN_POINT('',(-803.784733531586,-5.25129053860005,857.443669910353));
#2787=CARTESIAN_POINT('',(-804.828070828488,-5.26838262788255,855.284183174484));
#2788=CARTESIAN_POINT('',(-808.158295745936,-5.29273729195324,852.192404570655));
#2789=CARTESIAN_POINT('',(-810.370407673497,-5.29944844226947,851.334003955467));
#2790=CARTESIAN_POINT('',(-814.866952408114,-5.30657646349145,850.423101686362));
#2791=CARTESIAN_POINT('',(-817.159340120845,-5.30746243957854,850.309516446292));
#2792=CARTESIAN_POINT('',(-819.447284462407,-5.30823693633014,850.210388240039));
#2793=CARTESIAN_POINT('',(-801.741410258773,-3.97976205106726,866.346114118832));
#2794=CARTESIAN_POINT('',(-802.093343864799,-3.99812992088389,864.080360164941));
#2795=CARTESIAN_POINT('',(-802.453229270514,-4.0163911867444,861.81004865892));
#2796=CARTESIAN_POINT('',(-803.784763506829,-4.05133068170564,857.434115162552));
#2797=CARTESIAN_POINT('',(-804.828140828343,-4.06842252517861,855.274677807764));
#2798=CARTESIAN_POINT('',(-808.158413478052,-4.09277618216615,852.183054772416));
#2799=CARTESIAN_POINT('',(-810.370514786658,-4.09948688609271,851.324719454522));
#2800=CARTESIAN_POINT('',(-814.867013273561,-4.10661454989997,850.413871597496));
#2801=CARTESIAN_POINT('',(-817.159364718688,-4.10750050316136,850.300290413572));
#2802=CARTESIAN_POINT('',(-819.447277857386,-4.10827497999391,850.20116572099));
#2803=CARTESIAN_POINT('',(-819.447284763,-5.35867113973,850.21077586));
#2804=CARTESIAN_POINT('',(-819.447277612,-4.05827590546,850.200781443));
#2805=CARTESIAN_POINT('',(-818.018817316,-5.35818735313,850.272666151));
#2806=CARTESIAN_POINT('',(-818.01880918,-4.0577921298,850.262670314));
#2807=CARTESIAN_POINT('',(-816.662495279,-5.35764372089,850.342147747));
#2808=CARTESIAN_POINT('',(-816.662484465,-4.0572485092,850.332150396));
#2809=CARTESIAN_POINT('',(-815.38044827,-5.35685814994,850.442501055));
#2810=CARTESIAN_POINT('',(-815.380432987,-4.05646295465,850.432501567));
#2811=CARTESIAN_POINT('',(-813.576198468,-5.35511171786,850.665249235));
#2812=CARTESIAN_POINT('',(-813.576173849,-4.0547165552,850.655245498));
#2813=CARTESIAN_POINT('',(-811.961367129,-5.35238749586,851.011508373));
#2814=CARTESIAN_POINT('',(-811.961331074,-4.05199237757,851.001498867));
#2815=CARTESIAN_POINT('',(-811.444674369,-5.35136327868,851.141564595));
#2816=CARTESIAN_POINT('',(-811.444634371,-4.05096817652,851.13155299));
#2817=CARTESIAN_POINT('',(-810.455371282,-5.3490773275,851.431509253));
#2818=CARTESIAN_POINT('',(-810.455323454,-4.04868226039,851.421493092));
#2819=CARTESIAN_POINT('',(-809.5543555,-5.34631441657,851.781194235));
#2820=CARTESIAN_POINT('',(-809.554300741,-4.04591939232,851.771172501));
#2821=CARTESIAN_POINT('',(-809.124442761,-5.34480651359,851.971858316));
#2822=CARTESIAN_POINT('',(-809.124384963,-4.04441151346,851.961833445));
#2823=CARTESIAN_POINT('',(-808.382230719,-5.34185177593,852.344995917));
#2824=CARTESIAN_POINT('',(-808.382168492,-4.04145682583,852.334964537));
#2825=CARTESIAN_POINT('',(-807.707141029,-5.33848461452,852.769530596));
#2826=CARTESIAN_POINT('',(-807.707077082,-4.03808973278,852.759490325));
#2827=CARTESIAN_POINT('',(-807.411480475,-5.33685881247,852.974420659));
#2828=CARTESIAN_POINT('',(-807.411416395,-4.03646396683,852.964375695));
#2829=CARTESIAN_POINT('',(-806.847395062,-5.33344341431,853.404594719));
#2830=CARTESIAN_POINT('',(-806.847332006,-4.03304865226,853.394538899));
#2831=CARTESIAN_POINT('',(-806.329950167,-5.32966323382,853.880357259));
#2832=CARTESIAN_POINT('',(-806.329890515,-4.02926858198,853.870287165));
#2833=CARTESIAN_POINT('',(-806.081992077,-5.32767764116,854.130191268));
#2834=CARTESIAN_POINT('',(-806.081934668,-4.02728305191,854.120113081));
#2835=CARTESIAN_POINT('',(-805.605495964,-5.32349817003,854.655975463));
#2836=CARTESIAN_POINT('',(-805.60544387,-4.02310372185,854.645879061));
#2837=CARTESIAN_POINT('',(-805.165449769,-5.31886937327,855.238089224));
#2838=CARTESIAN_POINT('',(-805.165404095,-4.01847509737,855.227970655));
#2839=CARTESIAN_POINT('',(-804.953905361,-5.31643443651,855.54425644));
#2840=CARTESIAN_POINT('',(-804.953863036,-4.01604025443,855.53412582));
#2841=CARTESIAN_POINT('',(-804.547397161,-5.31130884101,856.188593514));
#2842=CARTESIAN_POINT('',(-804.547361532,-4.01091486045,856.17843706));
#2843=CARTESIAN_POINT('',(-804.174423085,-5.30566318066,856.89779637));
#2844=CARTESIAN_POINT('',(-804.174393785,-4.0052694255,856.88761113));
#2845=CARTESIAN_POINT('',(-803.995404508,-5.30268808417,857.271371374));
#2846=CARTESIAN_POINT('',(-803.99537815,-4.00229444642,857.261171166));
#2847=CARTESIAN_POINT('',(-803.687300924,-5.29707483647,857.975703135));
#2848=CARTESIAN_POINT('',(-803.687279667,-3.99668142177,857.965474548));
#2849=CARTESIAN_POINT('',(-803.406042105,-5.29098601817,858.738732643));
#2850=CARTESIAN_POINT('',(-803.406025002,-3.99059283499,858.728474695));
#2851=CARTESIAN_POINT('',(-803.282975979,-5.2881092367,859.09903427));
#2852=CARTESIAN_POINT('',(-803.282960517,-3.98771615911,859.088762954));
#2853=CARTESIAN_POINT('',(-803.050106173,-5.28223166006,859.834566524));
#2854=CARTESIAN_POINT('',(-803.050093689,-3.9818387949,859.82426836));
#2855=CARTESIAN_POINT('',(-802.839724699,-5.27605841939,860.605771543));
#2856=CARTESIAN_POINT('',(-802.839714539,-3.975665767,860.595446577));
#2857=CARTESIAN_POINT('',(-802.739800914,-5.27289974403,861.000005747));
#2858=CARTESIAN_POINT('',(-802.739791764,-3.97250719778,860.989667434));
#2859=CARTESIAN_POINT('',(-802.453879359,-5.26318965102,862.210681382));
#2860=CARTESIAN_POINT('',(-802.453872827,-3.96279742165,862.200303281));
#2861=CARTESIAN_POINT('',(-802.203386255,-5.25273865839,863.509626862));
#2862=CARTESIAN_POINT('',(-802.203381228,-3.9523467401,863.499209873));
#2863=CARTESIAN_POINT('',(-802.046675118,-5.24540033239,864.419599884));
#2864=CARTESIAN_POINT('',(-802.046670717,-3.94500861762,864.409157521));
#2865=CARTESIAN_POINT('',(-801.893982496,-5.23768472364,865.373937993));
#2866=CARTESIAN_POINT('',(-801.893978468,-3.93729320924,865.363470701));
#2867=CARTESIAN_POINT('',(-801.741413963,-5.22972137038,866.356198867));
#2868=CARTESIAN_POINT('',(-801.74141011,-3.92933005245,866.345707226));
#2869=CARTESIAN_POINT('',(-831.642636409,-4.6739829919,920.921927721));
#2870=CARTESIAN_POINT('',(-831.642635649,-3.47789111984,920.77814208));
#2871=CARTESIAN_POINT('',(-831.642636409,-4.6739829919,920.921927721));
#2872=CARTESIAN_POINT('',(-831.642635649004,-3.47799958515229,920.778155118931));
#2873=CARTESIAN_POINT('',(-829.317587327676,-3.47825893215008,920.76971633357));
#2874=CARTESIAN_POINT('',(-829.52039469105,-3.47821229010963,920.771235880171));
#2875=CARTESIAN_POINT('',(-829.723203773978,-3.47817221640672,920.772540446371));
#2876=CARTESIAN_POINT('',(-829.926013870953,-3.47813853557102,920.773636469317));
#2877=CARTESIAN_POINT('',(-830.128823986402,-3.47810485473225,920.774732492362));
#2878=CARTESIAN_POINT('',(-830.331635327701,-3.47807756575044,920.775620007362));
#2879=CARTESIAN_POINT('',(-830.534447238781,-3.47805640106431,920.776308197101));
#2880=CARTESIAN_POINT('',(-830.903841760378,-3.47801785244521,920.777561641821));
#2881=CARTESIAN_POINT('',(-831.273238998725,-3.47799965586726,920.778152821597));
#2882=CARTESIAN_POINT('',(-831.64263564894,-3.4779995851762,920.778155118938));
#2883=CARTESIAN_POINT('',(-829.318497413762,-4.67435925132038,920.913357420205));
#2884=CARTESIAN_POINT('',(-829.51929661175,-4.67431078703674,920.914888219639));
#2885=CARTESIAN_POINT('',(-829.720097554694,-4.67426908291729,920.916204505844));
#2886=CARTESIAN_POINT('',(-829.920899532867,-4.67423396055296,920.917312628972));
#2887=CARTESIAN_POINT('',(-830.121701503459,-4.67419883818995,920.918420752058));
#2888=CARTESIAN_POINT('',(-830.322504722479,-4.6741702964535,920.919320746735));
#2889=CARTESIAN_POINT('',(-830.523308529206,-4.67414806363981,920.92002165585));
#2890=CARTESIAN_POINT('',(-830.896416095901,-4.67410675351151,920.921323994178));
#2891=CARTESIAN_POINT('',(-831.269526567057,-4.67408726421073,920.921937885766));
#2892=CARTESIAN_POINT('',(-831.642636408942,-4.67408718926486,920.921940247203));
#2893=CARTESIAN_POINT('',(-829.295307174174,-4.6862203982855,920.914604276626));
#2894=CARTESIAN_POINT('',(-829.295302526937,-4.68023922605225,920.913886004963));
#2895=CARTESIAN_POINT('',(-829.2952978797,-4.674258053819,920.9131677333));
#2896=CARTESIAN_POINT('',(-829.294833156,-4.076140830494,920.841340567));
#2897=CARTESIAN_POINT('',(-829.2943684302,-3.478023599815,920.7695134631));
#2898=CARTESIAN_POINT('',(-829.299947075243,-4.6862197973368,920.914639717469));
#2899=CARTESIAN_POINT('',(-829.299942437902,-4.680238625458,920.913921442854));
#2900=CARTESIAN_POINT('',(-829.29993780056,-4.6742574535792,920.91320316824));
#2901=CARTESIAN_POINT('',(-829.2994740664,-4.0761402656992,920.8413757068));
#2902=CARTESIAN_POINT('',(-829.29901033016,-3.478023070496,920.76954830748));
#2903=CARTESIAN_POINT('',(-829.304586976313,-4.6862191963881,920.914675158312));
#2904=CARTESIAN_POINT('',(-829.304582348866,-4.68023802486375,920.913956880746));
#2905=CARTESIAN_POINT('',(-829.30457772142,-4.6742568533394,920.91323860318));
#2906=CARTESIAN_POINT('',(-829.3041149768,-4.0761397009044,920.8414108466));
#2907=CARTESIAN_POINT('',(-829.30365223012,-3.478022541177,920.76958315186));
#2908=CARTESIAN_POINT('',(-829.309226877382,-4.6862185954394,920.914710599154));
#2909=CARTESIAN_POINT('',(-829.309222259831,-4.6802374242695,920.913992318637));
#2910=CARTESIAN_POINT('',(-829.30921764228,-4.6742562530996,920.91327403812));
#2911=CARTESIAN_POINT('',(-829.3087558872,-4.0761391361096,920.8414459864));
#2912=CARTESIAN_POINT('',(-829.30829413008,-3.478022011858,920.76961799624));
#2913=CARTESIAN_POINT('',(-829.313866778451,-4.6862179944907,920.914746039997));
#2914=CARTESIAN_POINT('',(-829.313862170795,-4.68023682367525,920.914027756529));
#2915=CARTESIAN_POINT('',(-829.31385756314,-4.6742556528598,920.91330947306));
#2916=CARTESIAN_POINT('',(-829.3133967976,-4.0761385713148,920.8414811262));
#2917=CARTESIAN_POINT('',(-829.31293603004,-3.478021482539,920.76965284062));
#2918=CARTESIAN_POINT('',(-829.31850667952,-4.686217393542,920.91478148084));
#2919=CARTESIAN_POINT('',(-829.31850208176,-4.680236223081,920.91406319442));
#2920=CARTESIAN_POINT('',(-829.318497484,-4.67425505262,920.913344908));
#2921=CARTESIAN_POINT('',(-829.318037708,-4.07613800652,920.841516266));
#2922=CARTESIAN_POINT('',(-829.31757793,-3.47802095322,920.769687685));
#2923=CARTESIAN_POINT('',(-829.55050173298,-4.686187346107,920.91655352298));
#2924=CARTESIAN_POINT('',(-829.55049762999,-4.6802061933685,920.91583508899));
#2925=CARTESIAN_POINT('',(-829.550493527,-4.67422504063,920.915116655));
#2926=CARTESIAN_POINT('',(-829.550083228,-4.07610976678,920.843273256));
#2927=CARTESIAN_POINT('',(-829.549672928,-3.47799448727,920.771429904));
#2928=CARTESIAN_POINT('',(-829.7825315277,-4.686161269438,920.91808703044));
#2929=CARTESIAN_POINT('',(-829.78252791685,-4.680180132044,920.91736846872));
#2930=CARTESIAN_POINT('',(-829.782524306,-4.67419899465,920.916649907));
#2931=CARTESIAN_POINT('',(-829.782163221,-4.07608525525,920.844793735));
#2932=CARTESIAN_POINT('',(-829.781802134,-3.47797151153,920.772937599));
#2933=CARTESIAN_POINT('',(-830.01468518728,-4.6861390671528,920.91938587196));
#2934=CARTESIAN_POINT('',(-830.01468205814,-4.6801579427664,920.91866720198));
#2935=CARTESIAN_POINT('',(-830.014678929,-4.67417681838,920.917948532));
#2936=CARTESIAN_POINT('',(-830.014366015,-4.07606437974,920.846081534));
#2937=CARTESIAN_POINT('',(-830.0140531,-3.47795193787,920.774214562));
#2938=CARTESIAN_POINT('',(-830.47917839684,-4.6861023911816,920.92152417056));
#2939=CARTESIAN_POINT('',(-830.47917621542,-4.6801212882208,920.92080532228));
#2940=CARTESIAN_POINT('',(-830.479174034,-4.67414018526,920.920086474));
#2941=CARTESIAN_POINT('',(-830.478955892,-4.07602988918,920.848201646));
#2942=CARTESIAN_POINT('',(-830.47873775,-3.47791959165,920.77631683));
#2943=CARTESIAN_POINT('',(-830.94419588432,-4.686080788676,920.92277155084));
#2944=CARTESIAN_POINT('',(-830.94419460566,-4.680099698233,920.92205259842));
#2945=CARTESIAN_POINT('',(-830.944193327,-4.67411860779,920.921333646));
#2946=CARTESIAN_POINT('',(-830.944065461,-4.07600956349,920.849438404));
#2947=CARTESIAN_POINT('',(-830.943937595,-3.47790051874,920.777543166));
#2948=CARTESIAN_POINT('',(-831.1768442887,-4.6860736867756,920.92317925196));
#2949=CARTESIAN_POINT('',(-831.17684344935,-4.6800926004278,920.92246026548));
#2950=CARTESIAN_POINT('',(-831.17684261,-4.67411151408,920.921741279));
#2951=CARTESIAN_POINT('',(-831.176758675,-4.0760028793,920.849842631));
#2952=CARTESIAN_POINT('',(-831.17667474,-3.47789424437,920.777943983));
#2953=CARTESIAN_POINT('',(-831.40965485528,-4.6860701792024,920.92337927642));
#2954=CARTESIAN_POINT('',(-831.40965444114,-4.6800890948662,920.92266027321));
#2955=CARTESIAN_POINT('',(-831.409654027,-4.67410801053,920.92194127));
#2956=CARTESIAN_POINT('',(-831.409612613,-4.07599957691,920.850040949));
#2957=CARTESIAN_POINT('',(-831.409571199,-3.47789114329,920.778140628));
#2958=CARTESIAN_POINT('',(-831.6426364166,-4.6860701526624,920.92338075366));
#2959=CARTESIAN_POINT('',(-831.6426364128,-4.6800890683412,920.92266175033));
#2960=CARTESIAN_POINT('',(-831.642636409,-4.67410798402,920.921942747));
#2961=CARTESIAN_POINT('',(-831.642636029,-4.0759995519,920.850042414));
#2962=CARTESIAN_POINT('',(-831.642635649,-3.47789111977,920.77814208));
#2963=CARTESIAN_POINT('',(-829.311428126,-5.31005898012,849.96406303));
#2964=CARTESIAN_POINT('',(-829.311426691,-4.11009437034,849.954845729));
#2965=CARTESIAN_POINT('',(-829.3114285,-5.31005898015,849.964063026));
#2966=CARTESIAN_POINT('',(-829.311426883002,-4.11019895898103,849.954846530577));
#2967=CARTESIAN_POINT('',(-819.447284462439,-5.30823693632421,850.210388240798));
#2968=CARTESIAN_POINT('',(-820.246544991033,-5.3085074956321,850.17575922677));
#2969=CARTESIAN_POINT('',(-821.045991803841,-5.30874598051694,850.145231329833));
#2970=CARTESIAN_POINT('',(-821.84555255874,-5.30895546464027,850.11841361692));
#2971=CARTESIAN_POINT('',(-823.089357744548,-5.3092813403631,850.076695698439));
#2972=CARTESIAN_POINT('',(-824.333486350243,-5.30953706110024,850.043953160227));
#2973=CARTESIAN_POINT('',(-825.5777350885,-5.30973414622793,850.018716883438));
#2974=CARTESIAN_POINT('',(-826.822176939059,-5.30993126194401,849.99347668988));
#2975=CARTESIAN_POINT('',(-828.066785506955,-5.3100697279834,849.975744455366));
#2976=CARTESIAN_POINT('',(-829.311428499883,-5.31016093749926,849.964063809687));
#2977=CARTESIAN_POINT('',(-819.447277871981,-4.10827497999827,850.201165720412));
#2978=CARTESIAN_POINT('',(-820.246538427973,-4.10854553604011,850.166537461249));
#2979=CARTESIAN_POINT('',(-821.045985260052,-4.10878401804502,850.136010230164));
#2980=CARTESIAN_POINT('',(-821.845546029161,-4.10899349966322,850.109193099136));
#2981=CARTESIAN_POINT('',(-823.089352087445,-4.10931937171183,850.067476057321));
#2982=CARTESIAN_POINT('',(-824.333481551768,-4.10957508957221,850.034734206653));
#2983=CARTESIAN_POINT('',(-825.577731143506,-4.10977217249778,850.009498457949));
#2984=CARTESIAN_POINT('',(-826.822173775327,-4.10996928599994,849.984258794025));
#2985=CARTESIAN_POINT('',(-828.066783117351,-4.11010775051177,849.96652692823));
#2986=CARTESIAN_POINT('',(-829.311426883002,-4.11019895898103,849.954846530577));
#2987=CARTESIAN_POINT('',(-829.410660791422,-5.32206668557255,849.96322393667));
#2988=CARTESIAN_POINT('',(-829.41066077745,-5.3100670316985,849.9631317638));
#2989=CARTESIAN_POINT('',(-829.4106593802,-4.110101644294,849.9539144768));
#2990=CARTESIAN_POINT('',(-829.390814261208,-5.32206523074056,849.96341019115));
#2991=CARTESIAN_POINT('',(-829.39081424716,-5.3100655768668,849.96331801824));
#2992=CARTESIAN_POINT('',(-829.39081284236,-4.1101001894912,849.95410072724));
#2993=CARTESIAN_POINT('',(-829.370967730993,-5.32206377590857,849.96359644563));
#2994=CARTESIAN_POINT('',(-829.37096771687,-5.3100641220351,849.96350427268));
#2995=CARTESIAN_POINT('',(-829.37096630452,-4.1100987346884,849.95428697768));
#2996=CARTESIAN_POINT('',(-829.351121200779,-5.32206232107658,849.96378270011));
#2997=CARTESIAN_POINT('',(-829.35112118658,-5.3100626672034,849.96369052712));
#2998=CARTESIAN_POINT('',(-829.35111976668,-4.1100972798856,849.95447322812));
#2999=CARTESIAN_POINT('',(-829.331274670564,-5.32206086624459,849.96396895459));
#3000=CARTESIAN_POINT('',(-829.33127465629,-5.3100612123717,849.96387678156));
#3001=CARTESIAN_POINT('',(-829.33127322884,-4.1100958250828,849.95465947856));
#3002=CARTESIAN_POINT('',(-829.31142814035,-5.3220594114126,849.96415520907));
#3003=CARTESIAN_POINT('',(-829.311428126,-5.31005975754,849.964063036));
#3004=CARTESIAN_POINT('',(-829.311426691,-4.11009437028,849.954845729));
#3005=CARTESIAN_POINT('',(-827.3267751189,-5.3219139282137,849.98278065707));
#3006=CARTESIAN_POINT('',(-827.326775097,-5.30991427437,849.98268848));
#3007=CARTESIAN_POINT('',(-827.326772907,-4.10994889,849.973470773));
#3008=CARTESIAN_POINT('',(-825.34791351821,-5.3216687036063,850.01417589567));
#3009=CARTESIAN_POINT('',(-825.347913487,-5.30966904989,850.014083712));
#3010=CARTESIAN_POINT('',(-825.347910366,-4.10970367826,850.004865345));
#3011=CARTESIAN_POINT('',(-823.37443875984,-5.3213035872149,850.06092917263));
#3012=CARTESIAN_POINT('',(-823.374438718,-5.30930393352,850.060836979));
#3013=CARTESIAN_POINT('',(-823.374434534,-4.10933856403,850.051617616));
#3014=CARTESIAN_POINT('',(-821.40763462351,-5.3207985496395,850.12554491945));
#3015=CARTESIAN_POINT('',(-821.40763457,-5.30879889603,850.125452712));
#3016=CARTESIAN_POINT('',(-821.407629219,-4.10883353508,850.116231967));
#3017=CARTESIAN_POINT('',(-819.44728452905,-5.32013461445,850.21047968245));
#3018=CARTESIAN_POINT('',(-819.447284463,-5.30813496098,850.210387457));
#3019=CARTESIAN_POINT('',(-819.447277858,-4.10816961398,850.201164912));
#3020=CARTESIAN_POINT('',(-831.642636409061,-4.67408718928307,920.921940246629));
#3021=CARTESIAN_POINT('',(-831.843441417098,-4.67408723142344,920.921938918846));
#3022=CARTESIAN_POINT('',(-832.044246513345,-4.67409288710435,920.921760731174));
#3023=CARTESIAN_POINT('',(-832.245051184403,-4.674104554958,920.921393036196));
#3024=CARTESIAN_POINT('',(-832.44585586676,-4.6741162228123,920.921025341197));
#3025=CARTESIAN_POINT('',(-832.646660301755,-4.67413390417968,920.920468099018));
#3026=CARTESIAN_POINT('',(-832.847463890094,-4.6741579365776,920.919710388876));
#3027=CARTESIAN_POINT('',(-833.22050221551,-4.67420258222139,920.918302769992));
#3028=CARTESIAN_POINT('',(-833.593538658056,-4.67426921791895,920.916201227422));
#3029=CARTESIAN_POINT('',(-833.966568791238,-4.67435925135159,920.913357419209));
#3030=CARTESIAN_POINT('',(-833.966568721,-4.67425505256,920.913344907));
#3031=CARTESIAN_POINT('',(-833.967478883,-3.47815049895,920.769703312));
#3032=CARTESIAN_POINT('',(-833.967023804,-4.07620277928,920.84152408));
#3033=CARTESIAN_POINT('',(-833.966568721,-4.67425505256,920.913344907));
#3034=CARTESIAN_POINT('',(-833.967478878056,-3.47825893217425,920.769716333378));
#3035=CARTESIAN_POINT('',(-831.642635649004,-3.47799958515229,920.778155118931));
#3036=CARTESIAN_POINT('',(-831.845448705906,-3.47799962567613,920.778153801974));
#3037=CARTESIAN_POINT('',(-832.048261850642,-3.47800512097572,920.777975229857));
#3038=CARTESIAN_POINT('',(-832.251074572251,-3.47801646171333,920.777606615488));
#3039=CARTESIAN_POINT('',(-832.453887305173,-3.47802780245156,920.7772380011));
#3040=CARTESIAN_POINT('',(-832.656699791985,-3.47804498998905,920.776679303449));
#3041=CARTESIAN_POINT('',(-832.859511435643,-3.47806835422679,920.775919506586));
#3042=CARTESIAN_POINT('',(-833.22883711598,-3.47811090115773,920.774535895228));
#3043=CARTESIAN_POINT('',(-833.598160979655,-3.47817399567207,920.772483471607));
#3044=CARTESIAN_POINT('',(-833.967478878056,-3.47825893217425,920.769716333378));
#3045=CARTESIAN_POINT('',(-831.64254790426,-4.6860701526624,920.92338075366));
#3046=CARTESIAN_POINT('',(-831.64254790813,-4.6800890683412,920.92266175033));
#3047=CARTESIAN_POINT('',(-831.642547912,-4.67410798402,920.921942747));
#3048=CARTESIAN_POINT('',(-831.642548299,-4.0759995519,920.850042414));
#3049=CARTESIAN_POINT('',(-831.642548687,-3.47789111977,920.77814208));
#3050=CARTESIAN_POINT('',(-831.87551562172,-4.6860701764724,920.92337927042));
#3051=CARTESIAN_POINT('',(-831.87551603636,-4.6800890921362,920.92266026721));
#3052=CARTESIAN_POINT('',(-831.875516451,-4.6741080078,920.921941264));
#3053=CARTESIAN_POINT('',(-831.875557915,-4.07599957418,920.850040943));
#3054=CARTESIAN_POINT('',(-831.875599379,-3.47789114056,920.778140622));
#3055=CARTESIAN_POINT('',(-832.1083137733,-4.6860736653254,920.92317916392));
#3056=CARTESIAN_POINT('',(-832.10831461315,-4.6800925789777,920.92246017746));
#3057=CARTESIAN_POINT('',(-832.108315453,-4.67411149263,920.921741191));
#3058=CARTESIAN_POINT('',(-832.108399438,-4.07600285786,920.849842545));
#3059=CARTESIAN_POINT('',(-832.108483422,-3.47789422295,920.7779439));
#3060=CARTESIAN_POINT('',(-832.34095049204,-4.686080759427,920.92277139176));
#3061=CARTESIAN_POINT('',(-832.34095177102,-4.6800996689835,920.92205243938));
#3062=CARTESIAN_POINT('',(-832.34095305,-4.67411857854,920.921333487));
#3063=CARTESIAN_POINT('',(-832.341080948,-4.07600953419,920.849438249));
#3064=CARTESIAN_POINT('',(-832.341208847,-3.47790048939,920.777543014));
#3065=CARTESIAN_POINT('',(-832.8059451492,-4.686102365536,920.92152392748));
#3066=CARTESIAN_POINT('',(-832.8059473306,-4.680121262573,920.92080507924));
#3067=CARTESIAN_POINT('',(-832.805949512,-4.67414015961,920.920086231));
#3068=CARTESIAN_POINT('',(-832.806167652,-4.07602986331,920.848201407));
#3069=CARTESIAN_POINT('',(-832.806385792,-3.47791956558,920.776316594));
#3070=CARTESIAN_POINT('',(-833.27041571998,-4.6861390617686,920.91938566692));
#3071=CARTESIAN_POINT('',(-833.27041884899,-4.6801579373793,920.91866699696));
#3072=CARTESIAN_POINT('',(-833.270421978,-4.67417681299,920.917948327));
#3073=CARTESIAN_POINT('',(-833.270734879,-4.07606437406,920.846081331));
#3074=CARTESIAN_POINT('',(-833.27104778,-3.47795193191,920.774214362));
#3075=CARTESIAN_POINT('',(-833.50255788746,-4.686161272933,920.9180868764));
#3076=CARTESIAN_POINT('',(-833.50256149823,-4.6801801355365,920.9173683147));
#3077=CARTESIAN_POINT('',(-833.502565109,-4.67419899814,920.916649753));
#3078=CARTESIAN_POINT('',(-833.502926186,-4.07608525849,920.844793583));
#3079=CARTESIAN_POINT('',(-833.503287264,-3.47797151452,920.772937448));
#3080=CARTESIAN_POINT('',(-833.73457602996,-4.6861873477294,920.91655343396));
#3081=CARTESIAN_POINT('',(-833.73458013298,-4.6802061949897,920.91583499998));
#3082=CARTESIAN_POINT('',(-833.734584236,-4.67422504225,920.915116566));
#3083=CARTESIAN_POINT('',(-833.734994538,-4.07610976828,920.843273168));
#3084=CARTESIAN_POINT('',(-833.73540484,-3.47799448865,920.771429818));
#3085=CARTESIAN_POINT('',(-833.96655952546,-4.686217393542,920.91478147982));
#3086=CARTESIAN_POINT('',(-833.96656412323,-4.680236223081,920.91406319341));
#3087=CARTESIAN_POINT('',(-833.966568721,-4.67425505262,920.913344907));
#3088=CARTESIAN_POINT('',(-833.967028498,-4.07613800652,920.841516266));
#3089=CARTESIAN_POINT('',(-833.967488276,-3.47802095322,920.769687685));
#3090=CARTESIAN_POINT('',(-833.97119919537,-4.68621799445825,920.914746040737));
#3091=CARTESIAN_POINT('',(-833.971203803035,-4.68023682364283,920.914027757279));
#3092=CARTESIAN_POINT('',(-833.9712084107,-4.6742556528274,920.91330947382));
#3093=CARTESIAN_POINT('',(-833.9716691772,-4.0761385712848,920.84148112796));
#3094=CARTESIAN_POINT('',(-833.97212994472,-3.4780214825114,920.76965284234));
#3095=CARTESIAN_POINT('',(-833.97583886528,-4.6862185953745,920.914710601655));
#3096=CARTESIAN_POINT('',(-833.97584348284,-4.68023742420465,920.913992321147));
#3097=CARTESIAN_POINT('',(-833.9758481004,-4.6742562530348,920.91327404064));
#3098=CARTESIAN_POINT('',(-833.9763098564,-4.0761391360496,920.84144598992));
#3099=CARTESIAN_POINT('',(-833.97677161344,-3.4780220118028,920.76961799968));
#3100=CARTESIAN_POINT('',(-833.98047853519,-4.68621919629076,920.914675162572));
#3101=CARTESIAN_POINT('',(-833.980483162645,-4.68023802476648,920.913956885016));
#3102=CARTESIAN_POINT('',(-833.9804877901,-4.6742568532422,920.91323860746));
#3103=CARTESIAN_POINT('',(-833.9809505356,-4.0761397008144,920.84141085188));
#3104=CARTESIAN_POINT('',(-833.98141328216,-3.4780225410942,920.76958315702));
#3105=CARTESIAN_POINT('',(-833.9851182051,-4.68621979720701,920.914639723489));
#3106=CARTESIAN_POINT('',(-833.98512284245,-4.6802386253283,920.913921448885));
#3107=CARTESIAN_POINT('',(-833.9851274798,-4.6742574534496,920.91320317428));
#3108=CARTESIAN_POINT('',(-833.9855912148,-4.0761402655792,920.84137571384));
#3109=CARTESIAN_POINT('',(-833.98605495088,-3.4780230703856,920.76954831436));
#3110=CARTESIAN_POINT('',(-833.98975787501,-4.68622039812326,920.914604284406));
#3111=CARTESIAN_POINT('',(-833.989762522255,-4.68023922589013,920.913886012753));
#3112=CARTESIAN_POINT('',(-833.9897671695,-4.674258053657,920.9131677411));
#3113=CARTESIAN_POINT('',(-833.990231894,-4.076140830344,920.8413405758));
#3114=CARTESIAN_POINT('',(-833.9906966196,-3.478023599677,920.7695134717));
#3115=CARTESIAN_POINT('',(-831.642533331,-5.31015179494,849.95217675));
#3116=CARTESIAN_POINT('',(-831.64253333,-4.11018718322,849.942959702));
#3117=CARTESIAN_POINT('',(-831.642533009,-5.31015179494,849.95217675));
#3118=CARTESIAN_POINT('',(-831.64253317,-4.11029177184493,849.942960505356));
#3119=CARTESIAN_POINT('',(-829.311428499878,-5.31016093750331,849.964063809168));
#3120=CARTESIAN_POINT('',(-829.511419790603,-5.31017559328333,849.962186932924));
#3121=CARTESIAN_POINT('',(-829.711412873741,-5.31018884951034,849.960489276583));
#3122=CARTESIAN_POINT('',(-829.91140744528,-5.31020045891672,849.959002513283));
#3123=CARTESIAN_POINT('',(-830.111402049604,-5.310212068325,849.95751574974));
#3124=CARTESIAN_POINT('',(-830.311398368853,-5.31022203081427,849.956239891897));
#3125=CARTESIAN_POINT('',(-830.511395833349,-5.31023009466839,849.955207182046));
#3126=CARTESIAN_POINT('',(-830.888437884293,-5.3102452969216,849.953260282163));
#3127=CARTESIAN_POINT('',(-831.265485931262,-5.31025375131594,849.952177546492));
#3128=CARTESIAN_POINT('',(-831.642533009,-5.31025375142252,849.952177532843));
#3129=CARTESIAN_POINT('',(-829.311426883002,-4.11019895898103,849.954846530577));
#3130=CARTESIAN_POINT('',(-829.511418238064,-4.11021361459043,849.952969694501));
#3131=CARTESIAN_POINT('',(-829.711411385465,-4.11022687066121,849.951272074678));
#3132=CARTESIAN_POINT('',(-829.911406021203,-4.11023847992921,849.94978534361));
#3133=CARTESIAN_POINT('',(-830.111400625765,-4.11025008919541,849.948298612773));
#3134=CARTESIAN_POINT('',(-830.311396945175,-4.11026005156299,849.947022782967));
#3135=CARTESIAN_POINT('',(-830.51139440978,-4.11026811532254,849.945990095307));
#3136=CARTESIAN_POINT('',(-830.888436989068,-4.11028331741876,849.944043234532));
#3137=CARTESIAN_POINT('',(-831.265485564128,-4.11029177173837,849.942960519002));
#3138=CARTESIAN_POINT('',(-831.64253317,-4.11029177184493,849.942960505356));
#3139=CARTESIAN_POINT('',(-831.64253333101,-5.322151479862,849.95226892048));
#3140=CARTESIAN_POINT('',(-831.642533331,-5.31015183336,849.95217675));
#3141=CARTESIAN_POINT('',(-831.64253333,-4.11018718316,849.942959702));
#3142=CARTESIAN_POINT('',(-831.17962076707,-5.3221514795922,849.95226893648));
#3143=CARTESIAN_POINT('',(-831.179620764,-5.31015183309,849.952176766));
#3144=CARTESIAN_POINT('',(-831.179620457,-4.11018718287,849.942959718));
#3145=CARTESIAN_POINT('',(-830.71506974581,-5.3221408831816,849.95362897273));
#3146=CARTESIAN_POINT('',(-830.715069739,-5.31014123668,849.953536802));
#3147=CARTESIAN_POINT('',(-830.715069058,-4.11017658652,849.944319729));
#3148=CARTESIAN_POINT('',(-830.24883968206,-5.3221209259647,849.95618131629));
#3149=CARTESIAN_POINT('',(-830.248839672,-5.31012127948,849.956089145));
#3150=CARTESIAN_POINT('',(-830.248838666,-4.11015663101,849.946872016));
#3151=CARTESIAN_POINT('',(-829.78095187142,-5.3220930429089,849.95974882007));
#3152=CARTESIAN_POINT('',(-829.780951859,-5.31009339642,849.959656648));
#3153=CARTESIAN_POINT('',(-829.780950617,-4.11012874753,849.950439441));
#3154=CARTESIAN_POINT('',(-829.31142851425,-5.3220586266926,849.96415519901));
#3155=CARTESIAN_POINT('',(-829.3114285,-5.31005898021,849.964063026));
#3156=CARTESIAN_POINT('',(-829.311427075,-4.11009433195,849.954845725));
#3157=CARTESIAN_POINT('',(-849.706896859,-4.68978161804,920.3839385));
#3158=CARTESIAN_POINT('',(-849.710542812,-4.09136439727,920.316553267));
#3159=CARTESIAN_POINT('',(-849.714189453,-3.49294675512,920.249171789));
#3160=CARTESIAN_POINT('',(-849.706896859,-4.68978161805,920.3839385));
#3161=CARTESIAN_POINT('',(-849.714189401972,-3.49305310239657,920.249183727435));
#3162=CARTESIAN_POINT('',(-849.714189401972,-3.49305310239657,920.249183727435));
#3163=CARTESIAN_POINT('',(-848.906787975454,-3.49178479346984,920.297554159268));
#3164=CARTESIAN_POINT('',(-848.099172801996,-3.49057824428113,920.342479607565));
#3165=CARTESIAN_POINT('',(-847.291389158276,-3.48944361693666,920.383984648059));
#3166=CARTESIAN_POINT('',(-845.675779915459,-3.48717430331643,920.466996884773));
#3167=CARTESIAN_POINT('',(-844.059415156244,-3.48519385213284,920.536347216861));
#3168=CARTESIAN_POINT('',(-842.44265217468,-3.48355563057046,920.592598300225));
#3169=CARTESIAN_POINT('',(-841.030771148949,-3.4821250102716,920.64172104622));
#3170=CARTESIAN_POINT('',(-839.618508977532,-3.48095482727338,920.680859506433));
#3171=CARTESIAN_POINT('',(-838.206079485215,-3.48006760579366,920.710274872127));
#3172=CARTESIAN_POINT('',(-836.793380168729,-3.47918021482315,920.739695857201));
#3173=CARTESIAN_POINT('',(-835.38044669081,-3.47857732874325,920.759343321828));
#3174=CARTESIAN_POINT('',(-833.967478878056,-3.47825893217425,920.769716333378));
#3175=CARTESIAN_POINT('',(-849.608413873,-4.6897237238,920.389935713));
#3176=CARTESIAN_POINT('',(-846.498149967,-4.68461228859,920.578418401));
#3177=CARTESIAN_POINT('',(-843.383830706,-4.68030542005,920.723727919));
#3178=CARTESIAN_POINT('',(-840.212411789,-4.6770381149,920.828474815));
#3179=CARTESIAN_POINT('',(-837.092961139,-4.67509858764,920.890004643));
#3180=CARTESIAN_POINT('',(-833.96656879,-4.67435925134,920.91335742));
#3181=CARTESIAN_POINT('',(-849.608413873,-4.6897237238,920.389935713));
#3182=CARTESIAN_POINT('',(-849.706897398309,-4.68988589685303,920.383950170576));
#3183=CARTESIAN_POINT('',(-849.674069908772,-4.68983173191398,920.385951135535));
#3184=CARTESIAN_POINT('',(-849.641242065982,-4.6897776739639,920.387946316385));
#3185=CARTESIAN_POINT('',(-849.608413873,-4.6897237238,920.389935713));
#3186=CARTESIAN_POINT('',(-833.809268321062,-4.6947425802332,920.916984942524));
#3187=CARTESIAN_POINT('',(-833.809272558531,-4.6887196575566,920.916261542312));
#3188=CARTESIAN_POINT('',(-833.809276796,-4.68269673488,920.9155381421));
#3189=CARTESIAN_POINT('',(-833.8097005429,-4.08040446722,920.8431981209));
#3190=CARTESIAN_POINT('',(-833.8101242916,-3.478112193473,920.7708581501));
#3191=CARTESIAN_POINT('',(-833.840725311886,-4.69474664189288,920.916749497503));
#3192=CARTESIAN_POINT('',(-833.840729609143,-4.68872371683844,920.916026117092));
#3193=CARTESIAN_POINT('',(-833.8407339064,-4.682700791784,920.91530273668));
#3194=CARTESIAN_POINT('',(-833.84116363212,-4.08040828634,920.84296469552));
#3195=CARTESIAN_POINT('',(-833.84159335968,-3.4781157746244,920.77062670628));
#3196=CARTESIAN_POINT('',(-833.872182302709,-4.69475070355256,920.916514052483));
#3197=CARTESIAN_POINT('',(-833.872186659755,-4.68872777612028,920.915790691871));
#3198=CARTESIAN_POINT('',(-833.8721910168,-4.682704848688,920.91506733126));
#3199=CARTESIAN_POINT('',(-833.87262672134,-4.08041210546,920.84273127014));
#3200=CARTESIAN_POINT('',(-833.87306242776,-3.4781193557758,920.77039526246));
#3201=CARTESIAN_POINT('',(-833.903639293533,-4.69475476521224,920.916278607462));
#3202=CARTESIAN_POINT('',(-833.903643710367,-4.68873183540212,920.915555266651));
#3203=CARTESIAN_POINT('',(-833.9036481272,-4.682708905592,920.91483192584));
#3204=CARTESIAN_POINT('',(-833.90408981056,-4.08041592458,920.84249784476));
#3205=CARTESIAN_POINT('',(-833.90453149584,-3.4781229369272,920.77016381864));
#3206=CARTESIAN_POINT('',(-833.935096284356,-4.69475882687192,920.916043162441));
#3207=CARTESIAN_POINT('',(-833.935100760978,-4.68873589468396,920.91531984143));
#3208=CARTESIAN_POINT('',(-833.9351052376,-4.682712962496,920.91459652042));
#3209=CARTESIAN_POINT('',(-833.93555289978,-4.0804197437,920.84226441938));
#3210=CARTESIAN_POINT('',(-833.93600056392,-3.4781265180786,920.76993237482));
#3211=CARTESIAN_POINT('',(-833.96655327518,-4.6947628885316,920.91580771742));
#3212=CARTESIAN_POINT('',(-833.96655781159,-4.6887399539658,920.91508441621));
#3213=CARTESIAN_POINT('',(-833.966562348,-4.6827170194,920.914361115));
#3214=CARTESIAN_POINT('',(-833.967015989,-4.08042356282,920.842030994));
#3215=CARTESIAN_POINT('',(-833.967469632,-3.47813009923,920.769700931));
#3216=CARTESIAN_POINT('',(-835.53940281636,-4.6949659715156,920.90403546638));
#3217=CARTESIAN_POINT('',(-835.53941034218,-4.6889429180578,920.90331315519));
#3218=CARTESIAN_POINT('',(-835.539417868,-4.6829198646,920.902590844));
#3219=CARTESIAN_POINT('',(-835.54017045,-4.08061451882,920.830359725));
#3220=CARTESIAN_POINT('',(-835.540923036,-3.4783091568,920.75812874));
#3221=CARTESIAN_POINT('',(-837.11055940206,-4.6953324531912,920.8825759352));
#3222=CARTESIAN_POINT('',(-837.11057005603,-4.6893091833306,920.8818554276));
#3223=CARTESIAN_POINT('',(-837.11058071,-4.68328591347,920.88113492));
#3224=CARTESIAN_POINT('',(-837.111646107,-4.08095892741,920.80908416));
#3225=CARTESIAN_POINT('',(-837.112711515,-3.47863190787,920.73703368));
#3226=CARTESIAN_POINT('',(-838.68785228632,-4.6958638880528,920.85079328954));
#3227=CARTESIAN_POINT('',(-838.68786610066,-4.6898402987214,920.85007545127));
#3228=CARTESIAN_POINT('',(-838.687879915,-4.68381670939,920.849357613));
#3229=CARTESIAN_POINT('',(-838.689261349,-4.08145777625,920.777573786));
#3230=CARTESIAN_POINT('',(-838.690642811,-3.47909878354,920.705790458));
#3231=CARTESIAN_POINT('',(-841.84761681688,-4.6972173228532,920.76624414032));
#3232=CARTESIAN_POINT('',(-841.84763701994,-4.6911928885866,920.76553340316));
#3233=CARTESIAN_POINT('',(-841.847657223,-4.68516845432,920.764822666));
#3234=CARTESIAN_POINT('',(-841.849677529,-4.08272502766,920.69374895));
#3235=CARTESIAN_POINT('',(-841.851697928,-3.48028147265,920.622676317));
#3236=CARTESIAN_POINT('',(-845.00349494274,-4.6989948022148,920.6394780352));
#3237=CARTESIAN_POINT('',(-845.00352168237,-4.6929691226824,920.6387779361));
#3238=CARTESIAN_POINT('',(-845.003548422,-4.68694344315,920.638077837));
#3239=CARTESIAN_POINT('',(-845.006222385,-4.08437548991,920.568067927));
#3240=CARTESIAN_POINT('',(-845.008896598,-3.48180730648,920.498059997));
#3241=CARTESIAN_POINT('',(-846.57688883854,-4.6999512525988,920.5654693105));
#3242=CARTESIAN_POINT('',(-846.57691888777,-4.6939248530994,920.56477541925));
#3243=CARTESIAN_POINT('',(-846.576948937,-4.6878984536,920.564081528));
#3244=CARTESIAN_POINT('',(-846.57995386,-4.08525850366,920.494692403));
#3245=CARTESIAN_POINT('',(-846.582959142,-3.48261826465,920.425305786));
#3246=CARTESIAN_POINT('',(-848.14210093104,-4.700917321601,920.48087502458));
#3247=CARTESIAN_POINT('',(-848.14213434002,-4.6948901104155,920.48018822129));
#3248=CARTESIAN_POINT('',(-848.142167749,-4.68886289923,920.479501418));
#3249=CARTESIAN_POINT('',(-848.145508647,-4.08614178068,920.410821089));
#3250=CARTESIAN_POINT('',(-848.148850051,-3.48342030608,920.342143883));
#3251=CARTESIAN_POINT('',(-849.70682340452,-4.701837843119,920.38529610052));
#3252=CARTESIAN_POINT('',(-849.70686013176,-4.6958097305945,920.38461730026));
#3253=CARTESIAN_POINT('',(-849.706896859,-4.68978161807,920.3839385));
#3254=CARTESIAN_POINT('',(-849.710569583,-4.08697036562,920.316058474));
#3255=CARTESIAN_POINT('',(-849.714243006,-3.48415868558,920.248182257));
#3256=CARTESIAN_POINT('',(-849.73811785399,-4.70185625354936,920.383384522039));
#3257=CARTESIAN_POINT('',(-849.738154647595,-4.69582812299808,920.382705881839));
#3258=CARTESIAN_POINT('',(-849.7381914412,-4.6897999924468,920.38202724164));
#3259=CARTESIAN_POINT('',(-849.74187080172,-4.0869869373188,920.3141632217));
#3260=CARTESIAN_POINT('',(-849.7455508651,-3.48417345317,920.24630302448));
#3261=CARTESIAN_POINT('',(-849.769412303459,-4.70187466397972,920.381472943558));
#3262=CARTESIAN_POINT('',(-849.76944916343,-4.69584651540166,920.380794463419));
#3263=CARTESIAN_POINT('',(-849.7694860234,-4.6898183668236,920.38011598328));
#3264=CARTESIAN_POINT('',(-849.77317202044,-4.0870035090176,920.3122679694));
#3265=CARTESIAN_POINT('',(-849.7768587242,-3.48418822076,920.24442379196));
#3266=CARTESIAN_POINT('',(-849.800706752929,-4.70189307441008,920.379561365076));
#3267=CARTESIAN_POINT('',(-849.800743679264,-4.69586490780524,920.378883044998));
#3268=CARTESIAN_POINT('',(-849.8007806056,-4.6898367412004,920.37820472492));
#3269=CARTESIAN_POINT('',(-849.80447323916,-4.0870200807164,920.3103727171));
#3270=CARTESIAN_POINT('',(-849.8081665833,-3.48420298835,920.24254455944));
#3271=CARTESIAN_POINT('',(-849.832001202398,-4.70191148484044,920.377649786595));
#3272=CARTESIAN_POINT('',(-849.832038195099,-4.69588330020882,920.376971626578));
#3273=CARTESIAN_POINT('',(-849.8320751878,-4.6898551155772,920.37629346656));
#3274=CARTESIAN_POINT('',(-849.83577445788,-4.0870366524152,920.3084774648));
#3275=CARTESIAN_POINT('',(-849.8394744424,-3.48421775594,920.24066532692));
#3276=CARTESIAN_POINT('',(-849.863295651868,-4.7019298952708,920.375738208114));
#3277=CARTESIAN_POINT('',(-849.863332710934,-4.6959016926124,920.375060208157));
#3278=CARTESIAN_POINT('',(-849.86336977,-4.689873489954,920.3743822082));
#3279=CARTESIAN_POINT('',(-849.8670756766,-4.087053224114,920.3065822125));
#3280=CARTESIAN_POINT('',(-849.8707823015,-3.48423252353,920.2387860944));
#3281=CARTESIAN_POINT('',(-833.973638366,-5.3100589801,849.964063033));
#3282=CARTESIAN_POINT('',(-833.973639791,-4.11009437032,849.954845732));
#3283=CARTESIAN_POINT('',(-833.973637866,-5.31005898014,849.964063028));
#3284=CARTESIAN_POINT('',(-833.973639545502,-4.1101989589645,849.954846532723));
#3285=CARTESIAN_POINT('',(-831.642533009,-5.31025375142252,849.952177532843));
#3286=CARTESIAN_POINT('',(-831.842533232805,-5.31025375140564,849.952177535005));
#3287=CARTESIAN_POINT('',(-832.042533640759,-5.31025137268175,849.952482172358));
#3288=CARTESIAN_POINT('',(-832.242533033101,-5.31024686969812,849.953058856751));
#3289=CARTESIAN_POINT('',(-832.442532380192,-5.31024236671551,849.953635541014));
#3290=CARTESIAN_POINT('',(-832.642531085329,-5.31023573968662,849.954484244896));
#3291=CARTESIAN_POINT('',(-832.84252830361,-5.31022724306972,849.955572376252));
#3292=CARTESIAN_POINT('',(-833.21956986858,-5.31021122495825,849.957623758529));
#3293=CARTESIAN_POINT('',(-833.596607323979,-5.31018856677764,849.960525496737));
#3294=CARTESIAN_POINT('',(-833.973637866119,-5.31016093748529,849.964063811476));
#3295=CARTESIAN_POINT('',(-831.64253317,-4.11029177184493,849.942960505356));
#3296=CARTESIAN_POINT('',(-831.842533340463,-4.11029177182805,849.942960507518));
#3297=CARTESIAN_POINT('',(-832.042533695065,-4.11028939312752,849.943265138906));
#3298=CARTESIAN_POINT('',(-832.242533034101,-4.11028489019925,849.943841810581));
#3299=CARTESIAN_POINT('',(-832.442532381221,-4.1102803872708,849.944418482279));
#3300=CARTESIAN_POINT('',(-832.642531086414,-4.11027376032534,849.945267167193));
#3301=CARTESIAN_POINT('',(-832.842528304821,-4.11026526381821,849.94635527387));
#3302=CARTESIAN_POINT('',(-833.219570428969,-4.11024924588995,849.948406612663));
#3303=CARTESIAN_POINT('',(-833.596608443724,-4.11022658796111,849.951308290388));
#3304=CARTESIAN_POINT('',(-833.973639545502,-4.1101989589645,849.954846532723));
#3305=CARTESIAN_POINT('',(-833.97363835175,-5.3220586266426,849.96415520602));
#3306=CARTESIAN_POINT('',(-833.973638366,-5.31005898016,849.964063033));
#3307=CARTESIAN_POINT('',(-833.973639791,-4.1100943319,849.954845731));
#3308=CARTESIAN_POINT('',(-833.50411806058,-5.3220930424593,849.95974890207));
#3309=CARTESIAN_POINT('',(-833.504118073,-5.31009339597,849.95965673));
#3310=CARTESIAN_POINT('',(-833.504119315,-4.11012874704,849.950439523));
#3311=CARTESIAN_POINT('',(-833.03622367794,-5.3221209300036,849.95618163529));
#3312=CARTESIAN_POINT('',(-833.036223688,-5.31012128351,849.956089464));
#3313=CARTESIAN_POINT('',(-833.036224694,-4.11015663415,849.946872335));
#3314=CARTESIAN_POINT('',(-832.56999278019,-5.3221408762299,849.95362882873));
#3315=CARTESIAN_POINT('',(-832.569992787,-5.31014122973,849.953536658));
#3316=CARTESIAN_POINT('',(-832.569993468,-4.11017657974,849.944319585));
#3317=CARTESIAN_POINT('',(-832.10544709693,-5.3221514792117,849.95226892548));
#3318=CARTESIAN_POINT('',(-832.1054471,-5.31015183271,849.952176755));
#3319=CARTESIAN_POINT('',(-832.105447407,-4.11018718254,849.942959707));
#3320=CARTESIAN_POINT('',(-831.64253300899,-5.322151479862,849.95226892048));
#3321=CARTESIAN_POINT('',(-831.642533009,-5.31015183336,849.95217675));
#3322=CARTESIAN_POINT('',(-831.64253301,-4.11018718316,849.942959702));
#3323=CARTESIAN_POINT('',(-863.376826031751,-3.55214930119639,916.295729020701));
#3324=CARTESIAN_POINT('',(-864.054339298077,-3.5588579307985,915.551568541906));
#3325=CARTESIAN_POINT('',(-864.558980303888,-3.56661999331768,914.688834455606));
#3326=CARTESIAN_POINT('',(-864.923947039641,-3.57501450312005,913.752865449655));
#3327=CARTESIAN_POINT('',(-863.376812521,-3.55209339722,916.295716216));
#3328=CARTESIAN_POINT('',(-864.92394703798,-3.57501450307997,913.752865453908));
#3329=CARTESIAN_POINT('',(-863.376825365993,-3.55209329179475,916.295727909657));
#3330=CARTESIAN_POINT('',(-861.722249105348,-3.53570995875656,918.113063084477));
#3331=CARTESIAN_POINT('',(-859.324599413542,-3.52143507015396,918.96239713933));
#3332=CARTESIAN_POINT('',(-854.559063147897,-3.50140911695846,919.949717968836));
#3333=CARTESIAN_POINT('',(-852.137155137698,-3.49685922594534,920.104026790032));
#3334=CARTESIAN_POINT('',(-849.714189999033,-3.49305310333053,920.249183691929));
#3335=CARTESIAN_POINT('',(-863.401966681823,-4.75204459252862,916.306538826063));
#3336=CARTESIAN_POINT('',(-861.765985272894,-4.73533592277159,918.159962296364));
#3337=CARTESIAN_POINT('',(-859.367652344208,-4.72004452290905,919.056901748889));
#3338=CARTESIAN_POINT('',(-854.579848885266,-4.6987234510021,920.078058886361));
#3339=CARTESIAN_POINT('',(-852.143897930587,-4.69390691733043,920.235405351437));
#3340=CARTESIAN_POINT('',(-849.706897398317,-4.68988589684982,920.383950170695));
#3341=CARTESIAN_POINT('',(-863.401961002,-4.75204463772,916.306533813));
#3342=CARTESIAN_POINT('',(-863.401967317519,-4.75210060232785,916.306539892103));
#3343=CARTESIAN_POINT('',(-864.040590109907,-4.75862301757737,915.583035398754));
#3344=CARTESIAN_POINT('',(-864.521720353302,-4.76599341412995,914.763871686343));
#3345=CARTESIAN_POINT('',(-864.881430252412,-4.77400350518595,913.870958483519));
#3346=CARTESIAN_POINT('',(-864.881430252412,-4.77400350518595,913.870958483518));
#3347=CARTESIAN_POINT('',(-864.881430252412,-4.77400350518595,913.870958483518));
#3348=CARTESIAN_POINT('',(-864.895796626364,-4.77432341843768,913.835296620971));
#3349=CARTESIAN_POINT('',(-864.909960573906,-4.77464403407295,913.799552593651));
#3350=CARTESIAN_POINT('',(-864.923927751331,-4.77496529681738,913.763732512266));
#3351=CARTESIAN_POINT('',(-864.923927749,-4.77480470017,913.763731071));
#3352=CARTESIAN_POINT('',(-864.923927749,-4.77480470016,913.763731071));
#3353=CARTESIAN_POINT('',(-864.923947038,-3.57490991663,913.752864511));
#3354=CARTESIAN_POINT('',(-849.70486348676,-5.023525485124,920.42152028312));
#3355=CARTESIAN_POINT('',(-849.70488656832,-5.0197368727355,920.42109365709));
#3356=CARTESIAN_POINT('',(-849.70490964988,-5.015948260347,920.42066703106));
#3357=CARTESIAN_POINT('',(-849.70493273144,-5.0121596479585,920.42024040503));
#3358=CARTESIAN_POINT('',(-849.704955813,-5.00837103557,920.419813779));
#3359=CARTESIAN_POINT('',(-849.707263969,-4.62950979672,920.377151176));
#3360=CARTESIAN_POINT('',(-849.709572312,-4.25064844533,920.334489577));
#3361=CARTESIAN_POINT('',(-849.711880839,-3.87178698135,920.29182898));
#3362=CARTESIAN_POINT('',(-849.714189548,-3.49292540475,920.249169387));
#3363=CARTESIAN_POINT('',(-850.7496255088,-5.0241516252792,920.35740772356));
#3364=CARTESIAN_POINT('',(-850.7496501666,-5.0203626359344,920.35698444442));
#3365=CARTESIAN_POINT('',(-850.7496748244,-5.0165736465896,920.35656116528));
#3366=CARTESIAN_POINT('',(-850.7496994822,-5.0127846572448,920.35613788614));
#3367=CARTESIAN_POINT('',(-850.74972414,-5.0089956679,920.355714607));
#3368=CARTESIAN_POINT('',(-850.75218992,-4.63009673342,920.313386693));
#3369=CARTESIAN_POINT('',(-850.754655925,-4.25119767205,920.271059918));
#3370=CARTESIAN_POINT('',(-850.757122151,-3.87229848373,920.228734283));
#3371=CARTESIAN_POINT('',(-850.759588598,-3.49339916842,920.186409787));
#3372=CARTESIAN_POINT('',(-851.766673382,-5.0245745003948,920.2894120266));
#3373=CARTESIAN_POINT('',(-851.76670101525,-5.0207851254286,920.2889922047));
#3374=CARTESIAN_POINT('',(-851.7667286485,-5.0169957504624,920.2885723828));
#3375=CARTESIAN_POINT('',(-851.76675628175,-5.0132063754962,920.2881525609));
#3376=CARTESIAN_POINT('',(-851.766783915,-5.00941700053,920.287732739));
#3377=CARTESIAN_POINT('',(-851.76954724,-4.63047950391,920.245750549));
#3378=CARTESIAN_POINT('',(-851.772310868,-4.25154185116,920.20376977));
#3379=CARTESIAN_POINT('',(-851.775074797,-3.8726040422,920.161790403));
#3380=CARTESIAN_POINT('',(-851.777839024,-3.49366607696,920.119812449));
#3381=CARTESIAN_POINT('',(-852.74201140328,-5.0247758729464,920.21177664244));
#3382=CARTESIAN_POINT('',(-852.74204378171,-5.0209860757498,920.21136064083));
#3383=CARTESIAN_POINT('',(-852.74207616014,-5.0171962785532,920.21094463922));
#3384=CARTESIAN_POINT('',(-852.74210853857,-5.0134064813566,920.21052863761));
#3385=CARTESIAN_POINT('',(-852.742140917,-5.00961668416,920.210112636));
#3386=CARTESIAN_POINT('',(-852.74537876,-4.6306369645,920.168512475));
#3387=CARTESIAN_POINT('',(-852.748617064,-4.2516570403,920.126914181));
#3388=CARTESIAN_POINT('',(-852.751855825,-3.87267691144,920.085317754));
#3389=CARTESIAN_POINT('',(-852.755095037,-3.49369657778,920.043723196));
#3390=CARTESIAN_POINT('',(-854.14086840156,-5.0244150036608,920.0710875112));
#3391=CARTESIAN_POINT('',(-854.14091079842,-5.0206244839356,920.07067811915));
#3392=CARTESIAN_POINT('',(-854.14095319528,-5.0168339642104,920.0702687271));
#3393=CARTESIAN_POINT('',(-854.14099559214,-5.0130434444852,920.06985933505));
#3394=CARTESIAN_POINT('',(-854.141037989,-5.00925292476,920.069449943));
#3395=CARTESIAN_POINT('',(-854.145277675,-4.63020095224,920.028510738));
#3396=CARTESIAN_POINT('',(-854.14951828,-4.25114863734,919.987574697));
#3397=CARTESIAN_POINT('',(-854.153759795,-3.87209597981,919.946641821));
#3398=CARTESIAN_POINT('',(-854.15800221,-3.49304297941,919.905712112));
#3399=CARTESIAN_POINT('',(-855.44781233112,-5.0219010905104,919.8824902356));
#3400=CARTESIAN_POINT('',(-855.44786826084,-5.0181096960228,919.88208898845));
#3401=CARTESIAN_POINT('',(-855.44792419056,-5.0143183015352,919.8816877413));
#3402=CARTESIAN_POINT('',(-855.44798012028,-5.0105269070476,919.88128649415));
#3403=CARTESIAN_POINT('',(-855.44803605,-5.00673551256,919.880885247));
#3404=CARTESIAN_POINT('',(-855.453629022,-4.6275960638,919.840760532));
#3405=CARTESIAN_POINT('',(-855.459224676,-4.24845602657,919.800641485));
#3406=CARTESIAN_POINT('',(-855.464822986,-3.86931539956,919.760528117));
#3407=CARTESIAN_POINT('',(-855.470423927,-3.49017418153,919.720420441));
#3408=CARTESIAN_POINT('',(-855.8734108928,-5.02076158061,919.81365468272));
#3409=CARTESIAN_POINT('',(-855.8734716811,-5.0169698762575,919.81325633529));
#3410=CARTESIAN_POINT('',(-855.8735324694,-5.013178171905,919.81285798786));
#3411=CARTESIAN_POINT('',(-855.8735932577,-5.0093864675525,919.81245964043));
#3412=CARTESIAN_POINT('',(-855.873654046,-5.0055947632,919.812061293));
#3413=CARTESIAN_POINT('',(-855.879732876,-4.62642432795,919.77222655));
#3414=CARTESIAN_POINT('',(-855.885815175,-4.24725320997,919.732398455));
#3415=CARTESIAN_POINT('',(-855.891900908,-3.86808140749,919.692577025));
#3416=CARTESIAN_POINT('',(-855.897990043,-3.48890891875,919.652762278));
#3417=CARTESIAN_POINT('',(-856.7051317338,-5.0177232212376,919.6628849652));
#3418=CARTESIAN_POINT('',(-856.70520278635,-5.0139308589707,919.66249280465));
#3419=CARTESIAN_POINT('',(-856.7052738389,-5.0101384967038,919.6621006441));
#3420=CARTESIAN_POINT('',(-856.70534489145,-5.0063461344369,919.66170848355));
#3421=CARTESIAN_POINT('',(-856.705415944,-5.00255377217,919.661316323));
#3422=CARTESIAN_POINT('',(-856.712521199,-4.62331754548,919.622100268));
#3423=CARTESIAN_POINT('',(-856.719632041,-4.24408042614,919.58289312));
#3424=CARTESIAN_POINT('',(-856.72674842,-3.86484241091,919.543694909));
#3425=CARTESIAN_POINT('',(-856.733870286,-3.48560349662,919.504505668));
#3426=CARTESIAN_POINT('',(-857.496225544,-5.0127988779668,919.48440790464));
#3427=CARTESIAN_POINT('',(-857.496307603,-5.0090057768451,919.48402273123));
#3428=CARTESIAN_POINT('',(-857.496389662,-5.0052126757234,919.48363755782));
#3429=CARTESIAN_POINT('',(-857.496471721,-5.0014195746017,919.48325238441));
#3430=CARTESIAN_POINT('',(-857.49655378,-4.99762647348,919.482867211));
#3431=CARTESIAN_POINT('',(-857.50475968,-4.61831636131,919.44434987));
#3432=CARTESIAN_POINT('',(-857.512974763,-4.23900512677,919.405844134));
#3433=CARTESIAN_POINT('',(-857.521198956,-3.85969276378,919.367350066));
#3434=CARTESIAN_POINT('',(-857.529432186,-3.48037926639,919.328867726));
#3435=CARTESIAN_POINT('',(-857.883629483,-5.0098395432024,919.38714957104));
#3436=CARTESIAN_POINT('',(-857.8837170355,-5.0060460448818,919.38676816828));
#3437=CARTESIAN_POINT('',(-857.883804588,-5.0022525465612,919.38638676552));
#3438=CARTESIAN_POINT('',(-857.8838921405,-4.9984590482406,919.38600536276));
#3439=CARTESIAN_POINT('',(-857.883979693,-4.99466554992,919.38562396));
#3440=CARTESIAN_POINT('',(-857.892734943,-4.61531571786,919.347483684));
#3441=CARTESIAN_POINT('',(-857.901501575,-4.23596465159,919.309356408));
#3442=CARTESIAN_POINT('',(-857.910279505,-3.85661234328,919.271242213));
#3443=CARTESIAN_POINT('',(-857.919068644,-3.47725878518,919.233141181));
#3444=CARTESIAN_POINT('',(-858.60279968808,-5.002535039412,919.18696739896));
#3445=CARTESIAN_POINT('',(-858.60289829256,-4.9987407525515,919.18659343147));
#3446=CARTESIAN_POINT('',(-858.60299689704,-4.994946465691,919.18621946398));
#3447=CARTESIAN_POINT('',(-858.60309550152,-4.9911521788305,919.18584549649));
#3448=CARTESIAN_POINT('',(-858.603194106,-4.98735789197,919.185471529));
#3449=CARTESIAN_POINT('',(-858.613054554,-4.60792920592,919.14807478));
#3450=CARTESIAN_POINT('',(-858.622932018,-4.22849907952,919.110693835));
#3451=CARTESIAN_POINT('',(-858.632826387,-3.84906750013,919.073328829));
#3452=CARTESIAN_POINT('',(-858.642737547,-3.46963445523,919.035979899));
#3453=CARTESIAN_POINT('',(-859.2765212356,-4.9924125459196,918.9584993256));
#3454=CARTESIAN_POINT('',(-859.2766299947,-4.9886173609872,918.95813376645));
#3455=CARTESIAN_POINT('',(-859.2767387538,-4.9848221760548,918.9577682073));
#3456=CARTESIAN_POINT('',(-859.2768475129,-4.9810269911224,918.95740264815));
#3457=CARTESIAN_POINT('',(-859.276956272,-4.97723180619,918.957037089));
#3458=CARTESIAN_POINT('',(-859.287832182,-4.59771331295,918.920481174));
#3459=CARTESIAN_POINT('',(-859.298733152,-4.21819327292,918.88394317));
#3460=CARTESIAN_POINT('',(-859.309659063,-3.83867166664,918.847423303));
#3461=CARTESIAN_POINT('',(-859.320609786,-3.45914847466,918.810921795));
#3462=CARTESIAN_POINT('',(-859.59345232836,-4.9869077552396,918.84077058172));
#3463=CARTESIAN_POINT('',(-859.59356549077,-4.9831120989397,918.84040943604));
#3464=CARTESIAN_POINT('',(-859.59367865318,-4.9793164426398,918.84004829036));
#3465=CARTESIAN_POINT('',(-859.59379181559,-4.9755207863399,918.83968714468));
#3466=CARTESIAN_POINT('',(-859.593904978,-4.97172513004,918.839325999));
#3467=CARTESIAN_POINT('',(-859.605221219,-4.59215950005,918.803211431));
#3468=CARTESIAN_POINT('',(-859.616566894,-4.21259230912,918.76711547));
#3469=CARTESIAN_POINT('',(-859.627941884,-3.83302353417,918.731038386));
#3470=CARTESIAN_POINT('',(-859.639346063,-3.45345315206,918.694980455));
#3471=CARTESIAN_POINT('',(-860.1966856006,-4.9742299815948,918.59558669916));
#3472=CARTESIAN_POINT('',(-860.1968066332,-4.9704333294536,918.59523482112));
#3473=CARTESIAN_POINT('',(-860.1969276658,-4.9666366773124,918.59488294308));
#3474=CARTESIAN_POINT('',(-860.1970486984,-4.9628400251712,918.59453106504));
#3475=CARTESIAN_POINT('',(-860.197169731,-4.95904337303,918.594179187));
#3476=CARTESIAN_POINT('',(-860.209272991,-4.57937815891,918.558991383));
#3477=CARTESIAN_POINT('',(-860.221415681,-4.19971144886,918.523822619));
#3478=CARTESIAN_POINT('',(-860.233597708,-3.820043212,918.488673281));
#3479=CARTESIAN_POINT('',(-860.245818968,-3.44037341726,918.453543759));
#3480=CARTESIAN_POINT('',(-860.75170281312,-4.9585761561628,918.32695486696));
#3481=CARTESIAN_POINT('',(-860.75182869234,-4.9547783403346,918.32661397622));
#3482=CARTESIAN_POINT('',(-860.75195457156,-4.9509805245064,918.32627308548));
#3483=CARTESIAN_POINT('',(-860.75208045078,-4.9471827086782,918.32593219474));
#3484=CARTESIAN_POINT('',(-860.75220633,-4.94338489285,918.325591304));
#3485=CARTESIAN_POINT('',(-860.764794252,-4.56360331003,918.29150223));
#3486=CARTESIAN_POINT('',(-860.777432936,-4.18382050299,918.257429993));
#3487=CARTESIAN_POINT('',(-860.790122381,-3.80403643432,918.223375101));
#3488=CARTESIAN_POINT('',(-860.802862567,-3.42425106602,918.189338071));
#3489=CARTESIAN_POINT('',(-861.01959265456,-4.9500807090196,918.18578884728));
#3490=CARTESIAN_POINT('',(-861.01971997817,-4.9462822567397,918.18545407271));
#3491=CARTESIAN_POINT('',(-861.01984730178,-4.9424838044598,918.18511929814));
#3492=CARTESIAN_POINT('',(-861.01997462539,-4.9386853521799,918.18478452357));
#3493=CARTESIAN_POINT('',(-861.020101949,-4.9348868999,918.184449749));
#3494=CARTESIAN_POINT('',(-861.03283431,-4.55504167191,918.150972292));
#3495=CARTESIAN_POINT('',(-861.045623148,-4.1751954095,918.117509774));
#3496=CARTESIAN_POINT('',(-861.058468522,-3.79534807279,918.084062759));
#3497=CARTESIAN_POINT('',(-861.071370476,-3.41549962111,918.050631826));
#3498=CARTESIAN_POINT('',(-861.519348159,-4.9320487367488,917.89949221668));
#3499=CARTESIAN_POINT('',(-861.5194762135,-4.9282489352291,917.89917070451));
#3500=CARTESIAN_POINT('',(-861.519604268,-4.9244491337094,917.89884919234));
#3501=CARTESIAN_POINT('',(-861.5197323225,-4.9206493321897,917.89852768017));
#3502=CARTESIAN_POINT('',(-861.519860377,-4.91684953067,917.898206168));
#3503=CARTESIAN_POINT('',(-861.532665827,-4.5368693787,917.866054951));
#3504=CARTESIAN_POINT('',(-861.545538595,-4.15688865538,917.833913127));
#3505=CARTESIAN_POINT('',(-861.558478908,-3.77690731875,917.80178135));
#3506=CARTESIAN_POINT('',(-861.571486973,-3.39692532554,917.769660295));
#3507=CARTESIAN_POINT('',(-861.97265315848,-4.911805906042,917.59384120572));
#3508=CARTESIAN_POINT('',(-861.97277723711,-4.9080045496365,917.59353633804));
#3509=CARTESIAN_POINT('',(-861.97290131574,-4.904203193231,917.59323147036));
#3510=CARTESIAN_POINT('',(-861.97302539437,-4.9004018368255,917.59292660268));
#3511=CARTESIAN_POINT('',(-861.973149473,-4.89660048042,917.592621735));
#3512=CARTESIAN_POINT('',(-861.985557336,-4.51646483987,917.562134967));
#3513=CARTESIAN_POINT('',(-861.998040554,-4.13632917652,917.531648977));
#3514=CARTESIAN_POINT('',(-862.010599574,-3.75619345248,917.501164426));
#3515=CARTESIAN_POINT('',(-862.023234822,-3.37605762824,917.470682004));
#3516=CARTESIAN_POINT('',(-862.18836745244,-4.9016779788124,917.43678699124));
#3517=CARTESIAN_POINT('',(-862.18848836808,-4.8978758058543,917.43649138243));
#3518=CARTESIAN_POINT('',(-862.18860928372,-4.8940736328962,917.43619577362));
#3519=CARTESIAN_POINT('',(-862.18873019936,-4.8902714599381,917.43590016481));
#3520=CARTESIAN_POINT('',(-862.188851115,-4.88646928698,917.435604556));
#3521=CARTESIAN_POINT('',(-862.200942679,-4.50625199117,917.406043675));
#3522=CARTESIAN_POINT('',(-862.213112253,-4.12603493343,917.376478856));
#3523=CARTESIAN_POINT('',(-862.225360391,-3.74581807958,917.346910737));
#3524=CARTESIAN_POINT('',(-862.237687631,-3.36560139375,917.317339987));
#3525=CARTESIAN_POINT('',(-862.49589783152,-4.8861269602116,917.19432950784));
#3526=CARTESIAN_POINT('',(-862.49601225939,-4.8823235114962,917.19404943063));
#3527=CARTESIAN_POINT('',(-862.49612668726,-4.8785200627808,917.19376935342));
#3528=CARTESIAN_POINT('',(-862.49624111513,-4.8747166140654,917.19348927621));
#3529=CARTESIAN_POINT('',(-862.496355543,-4.87091316535,917.193209199));
#3530=CARTESIAN_POINT('',(-862.50779833,-4.49056829381,917.165201478));
#3531=CARTESIAN_POINT('',(-862.519320863,-4.11022400104,917.137182394));
#3532=CARTESIAN_POINT('',(-862.530923844,-3.72988026018,917.109152503));
#3533=CARTESIAN_POINT('',(-862.542607968,-3.34953704269,917.0811124));
#3534=CARTESIAN_POINT('',(-862.7819509104,-4.8706451978328,916.9407600752));
#3535=CARTESIAN_POINT('',(-862.7820564833,-4.8668404404796,916.94049819715));
#3536=CARTESIAN_POINT('',(-862.7821620562,-4.8630356831264,916.9402363191));
#3537=CARTESIAN_POINT('',(-862.7822676291,-4.8592309257732,916.93997444105));
#3538=CARTESIAN_POINT('',(-862.782373202,-4.85542616842,916.939712563));
#3539=CARTESIAN_POINT('',(-862.792930492,-4.4749504331,916.913524758));
#3540=CARTESIAN_POINT('',(-862.803565418,-4.09447549741,916.887318795));
#3541=CARTESIAN_POINT('',(-862.814278773,-3.71400134261,916.861095106));
#3542=CARTESIAN_POINT('',(-862.825071352,-3.33352794855,916.834854155));
#3543=CARTESIAN_POINT('',(-862.8749008642,-4.865519823064,916.85503819644));
#3544=CARTESIAN_POINT('',(-862.8750032389,-4.861714628623,916.85478268583));
#3545=CARTESIAN_POINT('',(-862.8751056136,-4.857909434182,916.85452717522));
#3546=CARTESIAN_POINT('',(-862.8752079883,-4.854104239741,916.85427166461));
#3547=CARTESIAN_POINT('',(-862.875310363,-4.8502990453,916.854016154));
#3548=CARTESIAN_POINT('',(-862.885547833,-4.4697796012,916.828465093));
#3549=CARTESIAN_POINT('',(-862.89586179,-4.08926101477,916.802893741));
#3550=CARTESIAN_POINT('',(-862.906253049,-3.70874327001,916.777302481));
#3551=CARTESIAN_POINT('',(-862.916722432,-3.32822634956,916.751691731));
#3552=CARTESIAN_POINT('',(-863.05613024544,-4.8554041368928,916.6811816516));
#3553=CARTESIAN_POINT('',(-863.05622577858,-4.8515980730471,916.6809394802));
#3554=CARTESIAN_POINT('',(-863.05632131172,-4.8477920092014,916.6806973088));
#3555=CARTESIAN_POINT('',(-863.05641684486,-4.8439859453557,916.6804551374));
#3556=CARTESIAN_POINT('',(-863.056512378,-4.84017988151,916.680212966));
#3557=CARTESIAN_POINT('',(-863.066065692,-4.45957349694,916.655995826));
#3558=CARTESIAN_POINT('',(-863.075692299,-4.07896805229,916.631754525));
#3559=CARTESIAN_POINT('',(-863.085393044,-3.69836353673,916.60748935));
#3560=CARTESIAN_POINT('',(-863.095168777,-3.31775993833,916.583200615));
#3561=CARTESIAN_POINT('',(-863.2289483688,-4.8457017842852,916.50166431692));
#3562=CARTESIAN_POINT('',(-863.22903631485,-4.8418948745164,916.50143665219));
#3563=CARTESIAN_POINT('',(-863.2291242609,-4.8380879647476,916.50120898746));
#3564=CARTESIAN_POINT('',(-863.22921220695,-4.8342810549788,916.50098132273));
#3565=CARTESIAN_POINT('',(-863.229300153,-4.83047414521,916.500753658));
#3566=CARTESIAN_POINT('',(-863.238094758,-4.44978316833,916.477987185));
#3567=CARTESIAN_POINT('',(-863.24695779,-4.0690931464,916.455193724));
#3568=CARTESIAN_POINT('',(-863.25589008,-3.68840407301,916.432373462));
#3569=CARTESIAN_POINT('',(-863.264892471,-3.3077159409,916.40952661));
#3570=CARTESIAN_POINT('',(-863.3123480218,-4.8409492539248,916.41161055628));
#3571=CARTESIAN_POINT('',(-863.3124319816,-4.8371419303961,916.41139043071));
#3572=CARTESIAN_POINT('',(-863.3125159414,-4.8333346068674,916.41117030514));
#3573=CARTESIAN_POINT('',(-863.3125999012,-4.8295272833387,916.41095017957));
#3574=CARTESIAN_POINT('',(-863.312683861,-4.82571995981,916.410730054));
#3575=CARTESIAN_POINT('',(-863.321079841,-4.44498760694,916.388717497));
#3576=CARTESIAN_POINT('',(-863.329541406,-4.06425620049,916.366676841));
#3577=CARTESIAN_POINT('',(-863.338069368,-3.683525736,916.34460822));
#3578=CARTESIAN_POINT('',(-863.346664556,-3.30279620827,916.322511793));
#3579=CARTESIAN_POINT('',(-863.4880316636,-4.8315728915312,916.2139367998));
#3580=CARTESIAN_POINT('',(-863.48810726645,-4.8277647324059,916.21373292935));
#3581=CARTESIAN_POINT('',(-863.4881828693,-4.8239565732806,916.2135290589));
#3582=CARTESIAN_POINT('',(-863.48825847215,-4.8201484141553,916.21332518845));
#3583=CARTESIAN_POINT('',(-863.488334075,-4.81634025503,916.213121318));
#3584=CARTESIAN_POINT('',(-863.49589436,-4.4355243425,916.192734273));
#3585=CARTESIAN_POINT('',(-863.503513685,-4.05470932446,916.172317674));
#3586=CARTESIAN_POINT('',(-863.511192807,-3.67389519973,916.151871565));
#3587=CARTESIAN_POINT('',(-863.5189325,-3.29308196666,916.131396008));
#3588=CARTESIAN_POINT('',(-863.65494245836,-4.8229598618432,916.00994329168));
#3589=CARTESIAN_POINT('',(-863.65500931152,-4.8191509371949,916.00975664401));
#3590=CARTESIAN_POINT('',(-863.65507616468,-4.8153420125466,916.00956999634));
#3591=CARTESIAN_POINT('',(-863.65514301784,-4.8115330878983,916.00938334867));
#3592=CARTESIAN_POINT('',(-863.655209871,-4.80772416325,916.009196701));
#3593=CARTESIAN_POINT('',(-863.661895187,-4.42683169842,915.990531934));
#3594=CARTESIAN_POINT('',(-863.668631842,-4.04594002609,915.97183776));
#3595=CARTESIAN_POINT('',(-863.6754205,-3.66504914707,915.953114154));
#3596=CARTESIAN_POINT('',(-863.682261844,-3.28415906187,915.9343611));
#3597=CARTESIAN_POINT('',(-863.7367342162,-4.8186066568868,915.90529180548));
#3598=CARTESIAN_POINT('',(-863.7367963494,-4.8147973560076,915.90511437361));
#3599=CARTESIAN_POINT('',(-863.7368584826,-4.8109880551284,915.90493694174));
#3600=CARTESIAN_POINT('',(-863.7369206158,-4.8071787542492,915.90475950987));
#3601=CARTESIAN_POINT('',(-863.736982749,-4.80336945337,915.904582078));
#3602=CARTESIAN_POINT('',(-863.743196069,-4.42243936545,915.886838891));
#3603=CARTESIAN_POINT('',(-863.749456448,-4.04151000806,915.86906678));
#3604=CARTESIAN_POINT('',(-863.755764495,-3.66058138269,915.851265688));
#3605=CARTESIAN_POINT('',(-863.762120834,-3.27965349063,915.833435568));
#3606=CARTESIAN_POINT('',(-863.89917170944,-4.8105457142096,915.6881597306));
#3607=CARTESIAN_POINT('',(-863.89922452058,-4.8067357135647,915.68800106045));
#3608=CARTESIAN_POINT('',(-863.89927733172,-4.8029257129198,915.6878423903));
#3609=CARTESIAN_POINT('',(-863.89933014286,-4.7991157122749,915.68768372015));
#3610=CARTESIAN_POINT('',(-863.899382954,-4.79530571163,915.68752505));
#3611=CARTESIAN_POINT('',(-863.904664068,-4.41430564714,915.671658035));
#3612=CARTESIAN_POINT('',(-863.909983549,-4.03330617631,915.655763995));
#3613=CARTESIAN_POINT('',(-863.915341884,-3.65230730141,915.639842832));
#3614=CARTESIAN_POINT('',(-863.920739575,-3.27130902457,915.623894452));
#3615=CARTESIAN_POINT('',(-864.05465606488,-4.8037312998344,915.46028003836));
#3616=CARTESIAN_POINT('',(-864.05469980941,-4.7999207114583,915.46014049152));
#3617=CARTESIAN_POINT('',(-864.05474355394,-4.7961101230822,915.46000094468));
#3618=CARTESIAN_POINT('',(-864.05478729847,-4.7922995347061,915.45986139784));
#3619=CARTESIAN_POINT('',(-864.054831043,-4.78848894633,915.459721851));
#3620=CARTESIAN_POINT('',(-864.059205496,-4.40743010872,915.445767167));
#3621=CARTESIAN_POINT('',(-864.063609743,-4.02637172138,915.431788888));
#3622=CARTESIAN_POINT('',(-864.068044146,-3.64531378642,915.417786905));
#3623=CARTESIAN_POINT('',(-864.072509074,-3.26425630588,915.403761112));
#3624=CARTESIAN_POINT('',(-864.13083909208,-4.8006718568912,915.34330291576));
#3625=CARTESIAN_POINT('',(-864.13087842281,-4.7968610045059,915.34317293957));
#3626=CARTESIAN_POINT('',(-864.13091775354,-4.7930501521206,915.34304296338));
#3627=CARTESIAN_POINT('',(-864.13095708427,-4.7892392997353,915.34291298719));
#3628=CARTESIAN_POINT('',(-864.130996415,-4.78542844735,915.342783011));
#3629=CARTESIAN_POINT('',(-864.134929488,-4.40434320882,915.329785392));
#3630=CARTESIAN_POINT('',(-864.138888218,-4.02325835132,915.316766215));
#3631=CARTESIAN_POINT('',(-864.142872905,-3.64217387672,915.303725372));
#3632=CARTESIAN_POINT('',(-864.146883857,-3.26108978688,915.290662759));
#3633=CARTESIAN_POINT('',(-864.35420416804,-4.7926175614116,914.98352509052));
#3634=CARTESIAN_POINT('',(-864.35423072603,-4.7888060076137,914.98342358214));
#3635=CARTESIAN_POINT('',(-864.35425728402,-4.7849944538158,914.98332207376));
#3636=CARTESIAN_POINT('',(-864.35428384201,-4.7811829000179,914.98322056538));
#3637=CARTESIAN_POINT('',(-864.3543104,-4.77737134622,914.983119057));
#3638=CARTESIAN_POINT('',(-864.356966199,-4.39621596643,914.972968219));
#3639=CARTESIAN_POINT('',(-864.359636008,-4.01506077741,914.962802604));
#3640=CARTESIAN_POINT('',(-864.36231996,-3.63390578024,914.952622132));
#3641=CARTESIAN_POINT('',(-864.365018192,-3.25275097599,914.942426721));
#3642=CARTESIAN_POINT('',(-864.56086322152,-4.7881225255032,914.59849626728));
#3643=CARTESIAN_POINT('',(-864.56087872014,-4.7843105292249,914.59842155546));
#3644=CARTESIAN_POINT('',(-864.56089421876,-4.7804985329466,914.59834684364));
#3645=CARTESIAN_POINT('',(-864.56090971738,-4.7766865366683,914.59827213182));
#3646=CARTESIAN_POINT('',(-864.560925216,-4.77287454039,914.59819742));
#3647=CARTESIAN_POINT('',(-864.562475078,-4.39167491256,914.590726238));
#3648=CARTESIAN_POINT('',(-864.56403031,-4.01047534949,914.583247949));
#3649=CARTESIAN_POINT('',(-864.565590937,-3.62927585137,914.575762525));
#3650=CARTESIAN_POINT('',(-864.567156988,-3.24807641839,914.568269938));
#3651=CARTESIAN_POINT('',(-864.68986975216,-4.78689309811,914.33176792328));
#3652=CARTESIAN_POINT('',(-864.68987888112,-4.783080912415,914.33170954571));
#3653=CARTESIAN_POINT('',(-864.68988801008,-4.77926872672,914.33165116814));
#3654=CARTESIAN_POINT('',(-864.68989713904,-4.775456541025,914.33159279057));
#3655=CARTESIAN_POINT('',(-864.689906268,-4.77164435533,914.331534413));
#3656=CARTESIAN_POINT('',(-864.690819164,-4.39042578583,914.325696656));
#3657=CARTESIAN_POINT('',(-864.691733657,-4.00920723898,914.319856365));
#3658=CARTESIAN_POINT('',(-864.692649746,-3.6279887148,914.314013539));
#3659=CARTESIAN_POINT('',(-864.69356743,-3.2467702133,914.308168179));
#3660=CARTESIAN_POINT('',(-864.80962689476,-4.787490912698,914.05700403112));
#3661=CARTESIAN_POINT('',(-864.80963089832,-4.7836786032685,914.05695937384));
#3662=CARTESIAN_POINT('',(-864.80963490188,-4.779866293839,914.05691471656));
#3663=CARTESIAN_POINT('',(-864.80963890544,-4.7760539844095,914.05687005928));
#3664=CARTESIAN_POINT('',(-864.809642909,-4.77224167498,914.056825402));
#3665=CARTESIAN_POINT('',(-864.810043265,-4.39101073203,914.052359674));
#3666=CARTESIAN_POINT('',(-864.810443641,-4.00977978937,914.047893915));
#3667=CARTESIAN_POINT('',(-864.810844037,-3.62854884699,914.043428123));
#3668=CARTESIAN_POINT('',(-864.811244453,-3.2473179049,914.0389623));
#3669=CARTESIAN_POINT('',(-864.92392750288,-4.7901103178456,913.76386968236));
#3670=CARTESIAN_POINT('',(-864.92392756416,-4.7862979170817,913.76383515627));
#3671=CARTESIAN_POINT('',(-864.92392762544,-4.7824855163178,913.76380063018));
#3672=CARTESIAN_POINT('',(-864.92392768672,-4.7786731155539,913.76376610409));
#3673=CARTESIAN_POINT('',(-864.923927748,-4.77486071479,913.763731578));
#3674=CARTESIAN_POINT('',(-864.923933876,-4.3936206384,913.760278969));
#3675=CARTESIAN_POINT('',(-864.923940005,-4.012380562,913.756826359));
#3676=CARTESIAN_POINT('',(-864.923946134,-3.63114048561,913.75337375));
#3677=CARTESIAN_POINT('',(-864.923952263,-3.24990040922,913.74992114));
#3678=CARTESIAN_POINT('',(-843.837781357,-5.30813496104,850.210387441));
#3679=CARTESIAN_POINT('',(-843.837787961,-4.10817039149,850.201164902));
#3680=CARTESIAN_POINT('',(-843.837781681,-5.30813496093,850.210387456));
#3681=CARTESIAN_POINT('',(-843.837788121004,-4.10827498005663,850.201165712779));
#3682=CARTESIAN_POINT('',(-833.973637866121,-5.31016093748747,849.964063811197));
#3683=CARTESIAN_POINT('',(-834.773607490487,-5.31010231421968,849.971571335089));
#3684=CARTESIAN_POINT('',(-835.573558816255,-5.31002415950239,849.981579968781));
#3685=CARTESIAN_POINT('',(-836.373459744942,-5.30992346668946,849.994474169256));
#3686=CARTESIAN_POINT('',(-837.617792600447,-5.30976682807217,850.014532499881));
#3687=CARTESIAN_POINT('',(-838.862041311099,-5.30955565310838,850.041573356417));
#3688=CARTESIAN_POINT('',(-840.1060296701,-5.30927845705177,850.077062823597));
#3689=CARTESIAN_POINT('',(-841.350234443787,-5.30900121277179,850.112558464823));
#3690=CARTESIAN_POINT('',(-842.594237354849,-5.30865789154313,850.156509982848));
#3691=CARTESIAN_POINT('',(-843.837781681603,-5.30823693633953,850.210388238837));
#3692=CARTESIAN_POINT('',(-833.973639545502,-4.1101989589645,849.954846532723));
#3693=CARTESIAN_POINT('',(-834.773609089424,-4.11014033640872,849.962353892168));
#3694=CARTESIAN_POINT('',(-835.573560335521,-4.11006218262596,849.97236230844));
#3695=CARTESIAN_POINT('',(-836.373461186781,-4.10996149104302,849.985256225624));
#3696=CARTESIAN_POINT('',(-837.617794889951,-4.10980485421726,850.005314131167));
#3697=CARTESIAN_POINT('',(-838.862044451883,-4.10959368166751,850.032354414862));
#3698=CARTESIAN_POINT('',(-840.106033673405,-4.10931648878878,850.067843129355));
#3699=CARTESIAN_POINT('',(-841.350239246747,-4.10903924770128,850.103338015966));
#3700=CARTESIAN_POINT('',(-842.594242966271,-4.10869593043978,850.147288597838));
#3701=CARTESIAN_POINT('',(-843.837788121004,-4.10827498005663,850.201165712779));
#3702=CARTESIAN_POINT('',(-843.935799424084,-5.32010141760081,850.214726436701));
#3703=CARTESIAN_POINT('',(-843.93579949075,-5.3081017641375,850.21463421035));
#3704=CARTESIAN_POINT('',(-843.9358061574,-4.1081364178065,850.2054115753));
#3705=CARTESIAN_POINT('',(-843.916195797459,-5.32010805699467,850.21387708265));
#3706=CARTESIAN_POINT('',(-843.916195864,-5.30810840353,850.21378485648));
#3707=CARTESIAN_POINT('',(-843.91620251812,-4.1081430570632,850.20456223944));
#3708=CARTESIAN_POINT('',(-843.896592170834,-5.32011469638853,850.2130277286));
#3709=CARTESIAN_POINT('',(-843.89659223725,-5.3081150429225,850.21293550261));
#3710=CARTESIAN_POINT('',(-843.89659887884,-4.1081496963199,850.20371290358));
#3711=CARTESIAN_POINT('',(-843.876988544209,-5.32012133578238,850.21217837455));
#3712=CARTESIAN_POINT('',(-843.8769886105,-5.308121682315,850.21208614874));
#3713=CARTESIAN_POINT('',(-843.87699523956,-4.1081563355766,850.20286356772));
#3714=CARTESIAN_POINT('',(-843.857384917585,-5.32012797517624,850.2113290205));
#3715=CARTESIAN_POINT('',(-843.85738498375,-5.3081283217075,850.21123679487));
#3716=CARTESIAN_POINT('',(-843.85739160028,-4.1081629748333,850.20201423186));
#3717=CARTESIAN_POINT('',(-843.83778129096,-5.3201346145701,850.21047966645));
#3718=CARTESIAN_POINT('',(-843.837781357,-5.3081349611,850.210387441));
#3719=CARTESIAN_POINT('',(-843.837787961,-4.10816961409,850.201164896));
#3720=CARTESIAN_POINT('',(-841.87741862849,-5.3207985539559,850.12554426144));
#3721=CARTESIAN_POINT('',(-841.877418682,-5.30879890035,850.125452054));
#3722=CARTESIAN_POINT('',(-841.877424033,-4.10883353976,850.11623131));
#3723=CARTESIAN_POINT('',(-839.91064517816,-5.3213035090096,850.06092546464));
#3724=CARTESIAN_POINT('',(-839.91064522,-5.30930385518,850.060833271));
#3725=CARTESIAN_POINT('',(-839.910649404,-4.10933847222,850.051613907));
#3726=CARTESIAN_POINT('',(-837.93716738679,-5.321668738622,850.01418271066));
#3727=CARTESIAN_POINT('',(-837.937167418,-5.30966908486,850.014090527));
#3728=CARTESIAN_POINT('',(-837.937170539,-4.10970370866,850.004872161));
#3729=CARTESIAN_POINT('',(-835.9582719741,-5.3219139288052,849.98278052806));
#3730=CARTESIAN_POINT('',(-835.958271996,-5.30991427496,849.982688351));
#3731=CARTESIAN_POINT('',(-835.958274186,-4.10994889044,849.973470645));
#3732=CARTESIAN_POINT('',(-833.97363785166,-5.3220594114226,849.96415520707));
#3733=CARTESIAN_POINT('',(-833.973637866,-5.31005975755,849.964063034));
#3734=CARTESIAN_POINT('',(-833.9736393,-4.11009437029,849.954845727));
#3735=CARTESIAN_POINT('',(-865.610113370075,-4.87972000572399,901.942135327319));
#3736=CARTESIAN_POINT('',(-865.760093358366,-4.86232490236842,903.929281906091));
#3737=CARTESIAN_POINT('',(-865.903180322821,-4.84480030923929,905.918912843329));
#3738=CARTESIAN_POINT('',(-865.840865818662,-4.80950503253418,909.901526189967));
#3739=CARTESIAN_POINT('',(-865.65435119961,-4.79176596089737,911.89049583861));
#3740=CARTESIAN_POINT('',(-864.923927580139,-4.77496529741602,913.76373244552));
#3741=CARTESIAN_POINT('',(-865.61011337,-4.87961555699,901.942134413));
#3742=CARTESIAN_POINT('',(-865.61011337,-4.87961555699,901.942134413));
#3743=CARTESIAN_POINT('',(-865.610114232,-3.67966133119,901.931653167));
#3744=CARTESIAN_POINT('',(-865.610114231955,-3.67976591809333,901.931654081537));
#3745=CARTESIAN_POINT('',(-865.610114231986,-3.67976591808459,901.931654082537));
#3746=CARTESIAN_POINT('',(-865.760092635559,-3.66237133967096,903.918736299152));
#3747=CARTESIAN_POINT('',(-865.903178455786,-3.6448472828203,905.908302953056));
#3748=CARTESIAN_POINT('',(-865.840868854571,-3.60955310461843,909.890787601676));
#3749=CARTESIAN_POINT('',(-865.654360848952,-3.59181458625752,911.879693878427));
#3750=CARTESIAN_POINT('',(-864.923946868956,-3.57501450371694,913.752865383103));
#3751=CARTESIAN_POINT('',(-864.891219394203,-4.78616742578638,913.847723297533));
#3752=CARTESIAN_POINT('',(-864.891219476623,-4.78016738956077,913.847668986505));
#3753=CARTESIAN_POINT('',(-864.891219559044,-4.77416735333515,913.847614675477));
#3754=CARTESIAN_POINT('',(-864.891227801059,-4.17416373077375,913.84218357266));
#3755=CARTESIAN_POINT('',(-864.891236040387,-3.57416010816317,913.836752474761));
#3756=CARTESIAN_POINT('',(-864.897761029399,-4.78631737857111,913.830946681567));
#3757=CARTESIAN_POINT('',(-864.897761114117,-4.78031734238261,913.830892366474));
#3758=CARTESIAN_POINT('',(-864.897761198835,-4.77431730619412,913.830838051382));
#3759=CARTESIAN_POINT('',(-864.897769670647,-4.174313687345,913.825406542128));
#3760=CARTESIAN_POINT('',(-864.897778139909,-3.57431006844854,913.819975037609));
#3761=CARTESIAN_POINT('',(-864.904302664594,-4.78646733135583,913.8141700656));
#3762=CARTESIAN_POINT('',(-864.90430275161,-4.78046729520446,913.814115746443));
#3763=CARTESIAN_POINT('',(-864.904302838626,-4.77446725905309,913.814061427286));
#3764=CARTESIAN_POINT('',(-864.904311540236,-4.17446364391625,913.808629511596));
#3765=CARTESIAN_POINT('',(-864.904320239432,-3.5744600287339,913.803197600456));
#3766=CARTESIAN_POINT('',(-864.910844299789,-4.78661728414055,913.797393449633));
#3767=CARTESIAN_POINT('',(-864.910844389103,-4.78061724802631,913.797339126412));
#3768=CARTESIAN_POINT('',(-864.910844478417,-4.77461721191206,913.797284803191));
#3769=CARTESIAN_POINT('',(-864.910853409824,-4.1746136004875,913.791852481064));
#3770=CARTESIAN_POINT('',(-864.910862338955,-3.57460998901927,913.786420163304));
#3771=CARTESIAN_POINT('',(-864.917385934985,-4.78676723692528,913.780616833667));
#3772=CARTESIAN_POINT('',(-864.917386026597,-4.78076720084815,913.780562506381));
#3773=CARTESIAN_POINT('',(-864.917386118209,-4.77476716477103,913.780508179095));
#3774=CARTESIAN_POINT('',(-864.917395279412,-4.17476355705875,913.775075450532));
#3775=CARTESIAN_POINT('',(-864.917404438477,-3.57475994930464,913.769642726152));
#3776=CARTESIAN_POINT('',(-864.92392757018,-4.78691718971,913.7638402177));
#3777=CARTESIAN_POINT('',(-864.92392766409,-4.78091715367,913.76378588635));
#3778=CARTESIAN_POINT('',(-864.923927758,-4.77491711763,913.763731555));
#3779=CARTESIAN_POINT('',(-864.923937149,-4.17491351363,913.75829842));
#3780=CARTESIAN_POINT('',(-864.923946538,-3.57490990959,913.752865289));
#3781=CARTESIAN_POINT('',(-865.06643354306,-4.7901838297526,913.39837074278));
#3782=CARTESIAN_POINT('',(-865.06643368703,-4.7841837945213,913.39831632289));
#3783=CARTESIAN_POINT('',(-865.066433831,-4.77818375929,913.398261903));
#3784=CARTESIAN_POINT('',(-865.066448228,-4.17818023616,913.392819914));
#3785=CARTESIAN_POINT('',(-865.066462626,-3.57817671303,913.387377925));
#3786=CARTESIAN_POINT('',(-865.19182179152,-4.7935001346184,913.02701696292));
#3787=CARTESIAN_POINT('',(-865.19182199326,-4.7875001007692,913.02696239046));
#3788=CARTESIAN_POINT('',(-865.191822195,-4.78150006692,913.026907818));
#3789=CARTESIAN_POINT('',(-865.191842369,-4.181496682,913.021450572));
#3790=CARTESIAN_POINT('',(-865.191862543,-3.58149329707,913.015993328));
#3791=CARTESIAN_POINT('',(-865.3076722637,-4.7970383126752,912.62871624044));
#3792=CARTESIAN_POINT('',(-865.30767243785,-4.7910382781376,912.62866174522));
#3793=CARTESIAN_POINT('',(-865.307672612,-4.7850382436,912.62860725));
#3794=CARTESIAN_POINT('',(-865.307690027,-4.18503478984,912.623157728));
#3795=CARTESIAN_POINT('',(-865.307707443,-3.58503133608,912.617708205));
#3796=CARTESIAN_POINT('',(-865.46180560964,-4.8026716264654,911.99664288528));
#3797=CARTESIAN_POINT('',(-865.46180572332,-4.7966715893827,911.99658867214));
#3798=CARTESIAN_POINT('',(-865.461805837,-4.7906715523,911.996534459));
#3799=CARTESIAN_POINT('',(-865.461817205,-4.19066784403,911.991113145));
#3800=CARTESIAN_POINT('',(-865.461828573,-3.59066413577,911.985691831));
#3801=CARTESIAN_POINT('',(-865.58553663038,-4.8086848913358,911.32308485226));
#3802=CARTESIAN_POINT('',(-865.58553668519,-4.8026848513479,911.32303096163));
#3803=CARTESIAN_POINT('',(-865.58553674,-4.79668481136,911.322977071));
#3804=CARTESIAN_POINT('',(-865.585542221,-4.19668081257,911.317588008));
#3805=CARTESIAN_POINT('',(-865.585547702,-3.59667681377,911.312198945));
#3806=CARTESIAN_POINT('',(-865.62326144766,-4.8107265202384,911.09452707716));
#3807=CARTESIAN_POINT('',(-865.62326148633,-4.8047264793492,911.09447328658));
#3808=CARTESIAN_POINT('',(-865.623261525,-4.79872643846,911.094419496));
#3809=CARTESIAN_POINT('',(-865.623265392,-4.19872234954,911.089040438));
#3810=CARTESIAN_POINT('',(-865.623269259,-3.59871826061,911.083661379));
#3811=CARTESIAN_POINT('',(-865.6916780948,-4.8148696253608,910.63057910152));
#3812=CARTESIAN_POINT('',(-865.6916781094,-4.8088695830004,910.63052547426));
#3813=CARTESIAN_POINT('',(-865.691678124,-4.80286954064,910.630471847));
#3814=CARTESIAN_POINT('',(-865.691679584,-4.2028653046,910.625109121));
#3815=CARTESIAN_POINT('',(-865.691681045,-3.60286106857,910.619746394));
#3816=CARTESIAN_POINT('',(-865.74632665046,-4.8191278860892,910.1530197457));
#3817=CARTESIAN_POINT('',(-865.74632665623,-4.8131278429146,910.15296620885));
#3818=CARTESIAN_POINT('',(-865.746326662,-4.80712779974,910.152912672));
#3819=CARTESIAN_POINT('',(-865.746327239,-4.20712348228,910.147558987));
#3820=CARTESIAN_POINT('',(-865.746327815,-3.60711916481,910.142205302));
#3821=CARTESIAN_POINT('',(-865.77018616298,-4.8212713655474,909.91233783708));
#3822=CARTESIAN_POINT('',(-865.77018616849,-4.8152713222337,909.91228431554));
#3823=CARTESIAN_POINT('',(-865.770186174,-4.80927127892,909.912230794));
#3824=CARTESIAN_POINT('',(-865.770186725,-4.20926694755,909.90687864));
#3825=CARTESIAN_POINT('',(-865.770187275,-3.60926261618,909.901526486));
#3826=CARTESIAN_POINT('',(-865.81814086558,-4.8263245153656,909.34406897152));
#3827=CARTESIAN_POINT('',(-865.81814086979,-4.8203244713978,909.34401552326));
#3828=CARTESIAN_POINT('',(-865.818140874,-4.81432442743,909.343962075));
#3829=CARTESIAN_POINT('',(-865.818141295,-4.21432003065,909.338617249));
#3830=CARTESIAN_POINT('',(-865.818141717,-3.61431563388,909.333272423));
#3831=CARTESIAN_POINT('',(-865.8501252391,-4.831562708319,908.75422413262));
#3832=CARTESIAN_POINT('',(-865.85012523905,-4.8255626631645,908.75417081781));
#3833=CARTESIAN_POINT('',(-865.850125239,-4.81956261801,908.754117503));
#3834=CARTESIAN_POINT('',(-865.850125234,-4.21955810256,908.748786022));
#3835=CARTESIAN_POINT('',(-865.850125229,-3.61955358711,908.743454542));
#3836=CARTESIAN_POINT('',(-865.86284402374,-4.8345311092176,908.4196931836));
#3837=CARTESIAN_POINT('',(-865.86284402437,-4.8285310637438,908.4196399048));
#3838=CARTESIAN_POINT('',(-865.862844025,-4.82253101827,908.419586626));
#3839=CARTESIAN_POINT('',(-865.862844088,-4.22252647089,908.414258746));
#3840=CARTESIAN_POINT('',(-865.86284415,-3.62252192351,908.408930866));
#3841=CARTESIAN_POINT('',(-865.8789730603,-4.8406344683888,907.73129716064));
#3842=CARTESIAN_POINT('',(-865.87897306015,-4.8346344219394,907.73124399182));
#3843=CARTESIAN_POINT('',(-865.87897306,-4.82863437549,907.731190823));
#3844=CARTESIAN_POINT('',(-865.878973045,-4.22862973055,907.725873941));
#3845=CARTESIAN_POINT('',(-865.87897303,-3.62862508561,907.72055706));
#3846=CARTESIAN_POINT('',(-865.87681451302,-4.8469789146894,907.0144745958));
#3847=CARTESIAN_POINT('',(-865.87681451301,-4.8409788672847,907.0144215349));
#3848=CARTESIAN_POINT('',(-865.876814513,-4.83497881988,907.014368474));
#3849=CARTESIAN_POINT('',(-865.876814512,-4.23497407941,907.009062384));
#3850=CARTESIAN_POINT('',(-865.87681451,-3.63496933894,907.003756294));
#3851=CARTESIAN_POINT('',(-865.8714070446,-4.8502103599536,906.64904904502));
#3852=CARTESIAN_POINT('',(-865.8714070448,-4.8442103120768,906.64899603751));
#3853=CARTESIAN_POINT('',(-865.871407045,-4.8382102642,906.64894303));
#3854=CARTESIAN_POINT('',(-865.871407065,-4.23820547652,906.643642279));
#3855=CARTESIAN_POINT('',(-865.871407085,-3.63820068883,906.638341528));
#3856=CARTESIAN_POINT('',(-865.84321358066,-4.8600611932612,905.53404777532));
#3857=CARTESIAN_POINT('',(-865.84321358183,-4.8540611439856,905.53399492616));
#3858=CARTESIAN_POINT('',(-865.843213583,-4.84806109471,905.533942077));
#3859=CARTESIAN_POINT('',(-865.8432137,-4.24805616715,905.528657161));
#3860=CARTESIAN_POINT('',(-865.843213817,-3.64805123958,905.523372245));
#3861=CARTESIAN_POINT('',(-865.78268360472,-4.8703273281758,904.36879196326));
#3862=CARTESIAN_POINT('',(-865.78268360736,-4.8643272775579,904.36873926663));
#3863=CARTESIAN_POINT('',(-865.78268361,-4.85832722694,904.36868657));
#3864=CARTESIAN_POINT('',(-865.782683874,-4.25832216515,904.363416907));
#3865=CARTESIAN_POINT('',(-865.782684138,-3.65831710336,904.358147244));
#3866=CARTESIAN_POINT('',(-865.73118252802,-4.8773028742898,903.57544313956));
#3867=CARTESIAN_POINT('',(-865.73118253151,-4.8713028228049,903.57539054178));
#3868=CARTESIAN_POINT('',(-865.731182535,-4.86530277132,903.575337944));
#3869=CARTESIAN_POINT('',(-865.731182884,-4.26529762283,903.570078166));
#3870=CARTESIAN_POINT('',(-865.731183234,-3.66529247434,903.564818387));
#3871=CARTESIAN_POINT('',(-865.67253298186,-4.8843759164618,902.76926264424));
#3872=CARTESIAN_POINT('',(-865.67253298593,-4.8783758641409,902.76921014212));
#3873=CARTESIAN_POINT('',(-865.67253299,-4.87237581182,902.76915764));
#3874=CARTESIAN_POINT('',(-865.672533397,-4.27237057973,902.763907428));
#3875=CARTESIAN_POINT('',(-865.672533804,-3.67236534763,902.758657217));
#3876=CARTESIAN_POINT('',(-865.61011336138,-4.8916156633248,901.94223923038));
#3877=CARTESIAN_POINT('',(-865.61011336569,-4.8856156101874,901.94218682169));
#3878=CARTESIAN_POINT('',(-865.61011337,-4.87961555705,901.942134413));
#3879=CARTESIAN_POINT('',(-865.610113801,-4.27961024331,901.936893544));
#3880=CARTESIAN_POINT('',(-865.610114232,-3.67960492957,901.931652675));
#3881=CARTESIAN_POINT('',(-861.543652359,-5.17961840941,866.355794662));
#3882=CARTESIAN_POINT('',(-861.543655914,-3.97965746281,866.346113299));
#3883=CARTESIAN_POINT('',(-861.543652369,-5.17961840891,866.355794724));
#3884=CARTESIAN_POINT('',(-861.543655919204,-3.97976205060477,866.34611417579));
#3885=CARTESIAN_POINT('',(-843.83778168159,-5.30823693633736,850.210388239116));
#3886=CARTESIAN_POINT('',(-846.128022134826,-5.30746166231735,850.30961592832));
#3887=CARTESIAN_POINT('',(-848.42419728601,-5.30656267918649,850.424862657156));
#3888=CARTESIAN_POINT('',(-852.903922899982,-5.29947038964978,851.331199810399));
#3889=CARTESIAN_POINT('',(-855.144743806778,-5.29265452007721,852.202965315911));
#3890=CARTESIAN_POINT('',(-858.470314887442,-5.26823089131487,855.303392321759));
#3891=CARTESIAN_POINT('',(-859.498637196683,-5.25133968620239,857.43751967439));
#3892=CARTESIAN_POINT('',(-860.835173453148,-5.21628498209885,861.82790750713));
#3893=CARTESIAN_POINT('',(-861.192180452153,-5.19806548894413,864.092964664008));
#3894=CARTESIAN_POINT('',(-861.543652369375,-5.17972144995865,866.355795559262));
#3895=CARTESIAN_POINT('',(-843.837788281546,-4.10827497999759,850.201165720563));
#3896=CARTESIAN_POINT('',(-846.127998408522,-4.10749972563347,850.300389928819));
#3897=CARTESIAN_POINT('',(-848.424142652637,-4.10660075975259,850.415633298999));
#3898=CARTESIAN_POINT('',(-852.903817458982,-4.09950882624075,851.321916259711));
#3899=CARTESIAN_POINT('',(-855.144625291744,-4.09269343151733,852.193612730041));
#3900=CARTESIAN_POINT('',(-858.470251023336,-4.06827074026957,855.293892917869));
#3901=CARTESIAN_POINT('',(-859.498609600307,-4.05137977133822,857.427972251179));
#3902=CARTESIAN_POINT('',(-860.835171386417,-4.01632538628303,861.818284485313));
#3903=CARTESIAN_POINT('',(-861.192181146884,-3.99810597270948,864.083314273451));
#3904=CARTESIAN_POINT('',(-861.543655924719,-3.97976205033881,866.346114208756));
#3905=CARTESIAN_POINT('',(-861.543652211,-5.22972137015,866.356198896));
#3906=CARTESIAN_POINT('',(-861.543656064,-3.9293300758,866.345707255));
#3907=CARTESIAN_POINT('',(-861.4105701,-5.23666762462,865.499394781));
#3908=CARTESIAN_POINT('',(-861.410574105,-3.93627615888,865.488924379));
#3909=CARTESIAN_POINT('',(-861.2773668,-5.24342629811,864.663722375));
#3910=CARTESIAN_POINT('',(-861.277371108,-3.94303465803,864.653273651));
#3911=CARTESIAN_POINT('',(-861.140768213,-5.24995091001,863.855145158));
#3912=CARTESIAN_POINT('',(-861.140773016,-3.94955909198,863.844718608));
#3913=CARTESIAN_POINT('',(-860.852400546,-5.26249223072,862.29770428));
#3914=CARTESIAN_POINT('',(-860.852406869,-3.96210004949,862.287323087));
#3915=CARTESIAN_POINT('',(-860.520556928,-5.27400145731,860.862895007));
#3916=CARTESIAN_POINT('',(-860.520566184,-3.97360890252,860.852560701));
#3917=CARTESIAN_POINT('',(-860.340760409,-5.27948643522,860.177900481));
#3918=CARTESIAN_POINT('',(-860.34077158,-3.97909369197,860.167589895));
#3919=CARTESIAN_POINT('',(-859.859879042,-5.29227978258,858.577792891));
#3920=CARTESIAN_POINT('',(-859.85989613,-3.99188658148,858.567540118));
#3921=CARTESIAN_POINT('',(-859.275336579,-5.30350228898,857.16957193));
#3922=CARTESIAN_POINT('',(-859.275362785,-4.00310864889,857.159374962));
#3923=CARTESIAN_POINT('',(-858.894654642,-5.30948008573,856.418481504));
#3924=CARTESIAN_POINT('',(-858.894687547,-4.00908620085,856.408315792));
#3925=CARTESIAN_POINT('',(-858.271552839,-5.31758619028,855.399517316));
#3926=CARTESIAN_POINT('',(-858.271596767,-4.01719198093,855.389393197));
#3927=CARTESIAN_POINT('',(-857.561499919,-5.32454438987,854.524356708));
#3928=CARTESIAN_POINT('',(-857.561553394,-4.02414992943,854.514264941));
#3929=CARTESIAN_POINT('',(-857.314654055,-5.32674470088,854.247574093));
#3930=CARTESIAN_POINT('',(-857.314710399,-4.02635016544,854.237492008));
#3931=CARTESIAN_POINT('',(-856.798676126,-5.33092802281,853.721227634));
#3932=CARTESIAN_POINT('',(-856.798737234,-4.03053335447,853.711162731));
#3933=CARTESIAN_POINT('',(-856.234557522,-5.33469804186,853.246584684));
#3934=CARTESIAN_POINT('',(-856.234621062,-4.03430327206,853.236532938));
#3935=CARTESIAN_POINT('',(-855.938698733,-5.33648977128,853.020896596));
#3936=CARTESIAN_POINT('',(-855.938762808,-4.03609495782,853.010850517));
#3937=CARTESIAN_POINT('',(-855.260583324,-5.34020617875,852.552576715));
#3938=CARTESIAN_POINT('',(-855.260647,-4.0398112829,852.542541343));
#3939=CARTESIAN_POINT('',(-854.51401426,-5.34345639377,852.142411532));
#3940=CARTESIAN_POINT('',(-854.514074335,-4.04306143953,852.132383757));
#3941=CARTESIAN_POINT('',(-854.080455756,-5.34511511957,851.932838438));
#3942=CARTESIAN_POINT('',(-854.080513041,-4.04472013794,851.922814227));
#3943=CARTESIAN_POINT('',(-853.167113832,-5.34816044917,851.547687083));
#3944=CARTESIAN_POINT('',(-853.167164375,-4.04776541948,851.53766912));
#3945=CARTESIAN_POINT('',(-852.155226483,-5.35068596539,851.227550964));
#3946=CARTESIAN_POINT('',(-852.155268915,-4.0502908973,851.217537988));
#3947=CARTESIAN_POINT('',(-851.624327877,-5.35181871497,851.083785852));
#3948=CARTESIAN_POINT('',(-851.624366149,-4.05142362926,851.073775166));
#3949=CARTESIAN_POINT('',(-849.958870206,-5.35483004245,850.701193779));
#3950=CARTESIAN_POINT('',(-849.958896289,-4.05443490835,850.691189378));
#3951=CARTESIAN_POINT('',(-848.082615196,-5.35674783944,850.456607955));
#3952=CARTESIAN_POINT('',(-848.082631116,-4.05635266992,850.446608164));
#3953=CARTESIAN_POINT('',(-846.746109322,-5.35759403888,850.348496924));
#3954=CARTESIAN_POINT('',(-846.746120388,-4.05719885173,850.338499436));
#3955=CARTESIAN_POINT('',(-845.331493158,-5.35816525655,850.27549295));
#3956=CARTESIAN_POINT('',(-845.33150134,-4.05777005732,850.265497047));
#3957=CARTESIAN_POINT('',(-843.837781403,-5.35867113973,850.21077586));
#3958=CARTESIAN_POINT('',(-843.837788555,-4.05827592904,850.200781444));
#3959=CARTESIAN_POINT('',(-861.543652369314,-5.17972144995857,866.355795559272));
#3960=CARTESIAN_POINT('',(-861.666436712099,-5.17331308407031,867.146300220296));
#3961=CARTESIAN_POINT('',(-861.786402332023,-5.16688408939449,867.937246814622));
#3962=CARTESIAN_POINT('',(-861.903788665326,-5.16043493806065,868.728570729519));
#3963=CARTESIAN_POINT('',(-862.37336306607,-5.13463673576849,871.894062338938));
#3964=CARTESIAN_POINT('',(-862.802667211655,-5.10851525266173,875.065665648041));
#3965=CARTESIAN_POINT('',(-863.201751566423,-5.08208916200651,878.24080913045));
#3966=CARTESIAN_POINT('',(-863.600826799215,-5.05566367537949,881.415880037758));
#3967=CARTESIAN_POINT('',(-863.969196859135,-5.02892993051731,884.594941795764));
#3968=CARTESIAN_POINT('',(-864.308516508657,-5.00189491750234,887.776948379309));
#3969=CARTESIAN_POINT('',(-864.811298707364,-4.96183616079649,892.491842634993));
#3970=CARTESIAN_POINT('',(-865.253254774022,-4.92110947902236,897.213968521935));
#3971=CARTESIAN_POINT('',(-865.610113369475,-4.87972000572359,901.942135327364));
#3972=CARTESIAN_POINT('',(-861.543655919204,-3.97976205060477,866.34611417579));
#3973=CARTESIAN_POINT('',(-861.666442879844,-3.97335364097999,867.136618441525));
#3974=CARTESIAN_POINT('',(-861.786410998167,-3.96692460286821,867.927564669025));
#3975=CARTESIAN_POINT('',(-861.903799725215,-3.96047540845839,868.718888240149));
#3976=CARTESIAN_POINT('',(-862.373383697253,-3.93467703408651,871.884378445575));
#3977=CARTESIAN_POINT('',(-862.802695832363,-3.90855538467458,875.055980720419));
#3978=CARTESIAN_POINT('',(-863.201787036025,-3.88212913618777,878.231123357862));
#3979=CARTESIAN_POINT('',(-863.600869116877,-3.85570349177746,881.406193414854));
#3980=CARTESIAN_POINT('',(-863.969244858911,-3.82896959728166,884.585254548528));
#3981=CARTESIAN_POINT('',(-864.308568888521,-3.80193444445334,887.767260675516));
#3982=CARTESIAN_POINT('',(-864.811329478359,-3.76187771932852,892.481890756717));
#3983=CARTESIAN_POINT('',(-865.253267835875,-3.72115316485311,897.203752083832));
#3984=CARTESIAN_POINT('',(-865.610114231955,-3.67976591809333,901.931654081537));
#3985=CARTESIAN_POINT('',(-865.61011335737,-4.8916151653174,901.94223918102));
#3986=CARTESIAN_POINT('',(-865.610113366,-4.87961555744,901.942134368));
#3987=CARTESIAN_POINT('',(-865.610114229,-3.6796547697,901.931653066));
#3988=CARTESIAN_POINT('',(-865.47683391034,-4.9070736008329,900.17636440403));
#3989=CARTESIAN_POINT('',(-865.47683392,-4.89507398947,900.17625999));
#3990=CARTESIAN_POINT('',(-865.476834886,-3.69511285318,900.165818587));
#3991=CARTESIAN_POINT('',(-865.33349447825,-4.922459676847,898.41066072438));
#3992=CARTESIAN_POINT('',(-865.333494489,-4.91046006201,898.410556709));
#3993=CARTESIAN_POINT('',(-865.333495564,-3.71049857831,898.400155171));
#3994=CARTESIAN_POINT('',(-865.17864639317,-4.9379634496294,896.62295739506));
#3995=CARTESIAN_POINT('',(-865.178646405,-4.92596383131,896.622853782));
#3996=CARTESIAN_POINT('',(-865.178647588,-3.72600199937,896.612492476));
#3997=CARTESIAN_POINT('',(-864.84923397306,-4.9690174503306,893.0253669811));
#3998=CARTESIAN_POINT('',(-864.849233987,-4.95701782506,893.025264176));
#3999=CARTESIAN_POINT('',(-864.849235381,-3.757055298,893.014983666));
#4000=CARTESIAN_POINT('',(-864.48646778795,-4.9997949491464,889.42640587383));
#4001=CARTESIAN_POINT('',(-864.486467804,-4.98779531701,889.426303875));
#4002=CARTESIAN_POINT('',(-864.486469409,-3.78783210337,889.416103992));
#4003=CARTESIAN_POINT('',(-864.29833742684,-5.0150156196849,887.63810379102));
#4004=CARTESIAN_POINT('',(-864.298337444,-5.00301598415,887.638002193));
#4005=CARTESIAN_POINT('',(-864.29833916,-3.80305243066,887.627842391));
#4006=CARTESIAN_POINT('',(-863.90988826562,-5.0450463362657,884.09245015112));
#4007=CARTESIAN_POINT('',(-863.909888285,-5.03304669402,884.092349347));
#4008=CARTESIAN_POINT('',(-863.909890223,-3.83308246945,884.082268935));
#4009=CARTESIAN_POINT('',(-863.49131377922,-5.0747603340371,880.55051254401));
#4010=CARTESIAN_POINT('',(-863.491313801,-5.06276068517,880.550412533));
#4011=CARTESIAN_POINT('',(-863.491315979,-3.86279579846,880.540411432));
#4012=CARTESIAN_POINT('',(-863.27278448089,-5.0896334891692,878.7689242994));
#4013=CARTESIAN_POINT('',(-863.272784504,-5.07763383698,878.768824688));
#4014=CARTESIAN_POINT('',(-863.272786815,-3.87766861806,878.758863548));
#4015=CARTESIAN_POINT('',(-862.81840248712,-5.119291607837,875.19903190567));
#4016=CARTESIAN_POINT('',(-862.818402513,-5.10729194902,875.198933095));
#4017=CARTESIAN_POINT('',(-862.818405101,-3.90732606732,875.189052028));
#4018=CARTESIAN_POINT('',(-862.32998268379,-5.1485762184834,871.63972223375));
#4019=CARTESIAN_POINT('',(-862.329982713,-5.1365765531,871.639624224));
#4020=CARTESIAN_POINT('',(-862.329985634,-3.93661001476,871.629823249));
#4021=CARTESIAN_POINT('',(-862.07732068294,-5.1630822789329,869.86794868911));
#4022=CARTESIAN_POINT('',(-862.077320714,-5.15108261029,869.867851079));
#4023=CARTESIAN_POINT('',(-862.07732382,-3.951115746,869.858090068));
#4024=CARTESIAN_POINT('',(-861.81605112183,-5.1774068800394,868.10963765415));
#4025=CARTESIAN_POINT('',(-861.816051155,-5.16540720817,868.109540442));
#4026=CARTESIAN_POINT('',(-861.816054472,-3.96544002123,868.099819227));
#4027=CARTESIAN_POINT('',(-861.54365233345,-5.1916246453806,866.35589159116));
#4028=CARTESIAN_POINT('',(-861.543652369,-5.1796249703,866.355794777));
#4029=CARTESIAN_POINT('',(-861.543655924,-3.97965746224,866.346113361));
#4030=CARTESIAN_POINT('',(-950.000938435,15.,-45.8));
#4031=CARTESIAN_POINT('',(-674.000938435,15.,-45.8));
#4032=CARTESIAN_POINT('',(-1226.00093843,15.,-45.8));
#4033=CARTESIAN_POINT('',(-1226.00093843,7.47895195538,-45.8));
#4034=CARTESIAN_POINT('',(-1226.00093843,-0.0420973903716,-45.8));
#4035=CARTESIAN_POINT('',(-950.000938435,-0.0420973903716,-45.8));
#4036=CARTESIAN_POINT('',(-674.000938435,-0.0420973903716,-45.8));
#4037=CARTESIAN_POINT('',(-674.000938435,7.47895195538,-45.8));
#4038=CARTESIAN_POINT('',(0.,0.,-45.8));
#4039=CARTESIAN_POINT('',(-1229.80093843,15.,440.150031576));
#4040=CARTESIAN_POINT('',(-1229.80093843,15.,922.300063152));
#4041=CARTESIAN_POINT('',(-1229.80093843,15.,-42.));
#4042=CARTESIAN_POINT('',(-1226.00093843,15.,-42.));
#4043=CARTESIAN_POINT('',(-672.37613073,15.,-45.8));
#4044=CARTESIAN_POINT('',(-670.751323025,14.9999999878,-45.7999999586));
#4045=CARTESIAN_POINT('',(-674.000938435,15.,-42.));
#4046=CARTESIAN_POINT('',(-674.000938435,15.,-47.));
#4047=CARTESIAN_POINT('',(-950.000938435,15.,-47.));
#4048=CARTESIAN_POINT('',(-1226.00093843,15.,-47.));
#4049=CARTESIAN_POINT('',(-1226.00093843,15.,-42.));
#4050=CARTESIAN_POINT('',(-1231.00093843,15.,-42.));
#4051=CARTESIAN_POINT('',(-1231.00093843,15.,440.150031576));
#4052=CARTESIAN_POINT('',(-1231.00093843,15.,922.300063152));
#4053=CARTESIAN_POINT('',(-1230.40093843,15.,922.300063152));
#4054=CARTESIAN_POINT('',(-1231.00093843,15.,-47.));
#4055=CARTESIAN_POINT('',(-1229.80093843,31.7745832433,-42.));
#4056=CARTESIAN_POINT('',(-1229.80093843,-0.0420960892354,-42.));
#4057=CARTESIAN_POINT('',(-1226.00093843,-0.0420960892354,-42.));
#4058=CARTESIAN_POINT('',(-1226.00093843,31.7745832433,-42.));
#4059=CARTESIAN_POINT('',(-910.896930111,-3.84196300923,-42.0319574504));
#4060=CARTESIAN_POINT('',(-1226.00093843,-3.84196300923,-42.0319574504));
#4061=CARTESIAN_POINT('',(-674.000938435,-3.84196300923,-42.0319574504));
#4062=CARTESIAN_POINT('',(-674.000938435,-0.0420973903716,-42.));
#4063=CARTESIAN_POINT('',(-1226.00093843,-0.0420973903716,-42.));
#4064=CARTESIAN_POINT('',(-910.896930111,-0.0420973903716,-42.));
#4065=CARTESIAN_POINT('',(-674.000938435,15.,-42.));
#4066=CARTESIAN_POINT('',(-670.200938435,14.999999991,-41.9999999998));
#4067=CARTESIAN_POINT('',(-674.000938435,-0.0420960892341,-42.));
#4068=CARTESIAN_POINT('',(-670.200938435,-0.0420960892342,-42.));
#4069=CARTESIAN_POINT('',(-670.200938435,31.7745832434,-42.));
#4070=CARTESIAN_POINT('',(-674.000938435,31.7745832434,-42.));
#4071=CARTESIAN_POINT('',(-1229.80093843,36.3356937471,997.713414179));
#4072=CARTESIAN_POINT('',(-1229.80093843,57.4791941433,1071.75381392));
#4073=CARTESIAN_POINT('',(-1229.80093843,15.1921933508,923.673014435));
#4074=CARTESIAN_POINT('',(-1229.80093843,62.2870007925,1070.38086264));
#4075=CARTESIAN_POINT('',(-1229.80093843,58.7514668865,1073.91639655));
#4076=CARTESIAN_POINT('',(-1229.80093843,61.5610310286,1076.72596069));
#4077=CARTESIAN_POINT('',(-1229.80093843,64.3705951707,1079.53552483));
#4078=CARTESIAN_POINT('',(-1229.80093843,60.8350612647,1083.07105874));
#4079=CARTESIAN_POINT('',(-1229.80093843,65.8350612647,1083.07105874));
#4080=CARTESIAN_POINT('',(-1229.80093843,65.8350612647,1085.53552937));
#4081=CARTESIAN_POINT('',(-1229.80093843,65.8350612647,1088.));
#4082=CARTESIAN_POINT('',(-1229.80093843,62.8070365838,1088.));
#4083=CARTESIAN_POINT('',(-1229.80093843,59.7790119028,1088.));
#4084=CARTESIAN_POINT('',(-1229.80093843,59.7790119028,1088.00003052));
#4085=CARTESIAN_POINT('',(-1229.80093843,59.712829418,1088.00003052));
#4086=CARTESIAN_POINT('',(-1229.80093843,59.6466317038,1088.00003052));
#4087=CARTESIAN_POINT('',(-1229.80093843,59.5393310954,1088.00001802));
#4088=CARTESIAN_POINT('',(-1229.80093843,59.3987332114,1087.99997167));
#4089=CARTESIAN_POINT('',(-1229.80093843,59.2581367529,1087.99984616));
#4090=CARTESIAN_POINT('',(-1229.80093843,59.1837214355,1087.99975011));
#4091=CARTESIAN_POINT('',(-1229.80093843,58.6628338318,1087.9988179));
#4092=CARTESIAN_POINT('',(-1229.80093843,58.1419714994,1087.99569673));
#4093=CARTESIAN_POINT('',(-1229.80093843,57.6954199986,1087.98977692));
#4094=CARTESIAN_POINT('',(-1229.80093843,56.7176558134,1087.96596311));
#4095=CARTESIAN_POINT('',(-1229.80093843,55.7413088891,1087.9092207));
#4096=CARTESIAN_POINT('',(-1229.80093843,55.2100198349,1087.86529925));
#4097=CARTESIAN_POINT('',(-1229.80093843,54.2354177963,1087.75382128));
#4098=CARTESIAN_POINT('',(-1229.80093843,53.2720751697,1087.57104615));
#4099=CARTESIAN_POINT('',(-1229.80093843,52.8332493628,1087.46953962));
#4100=CARTESIAN_POINT('',(-1229.80093843,52.078377695,1087.25688147));
#4101=CARTESIAN_POINT('',(-1229.80093843,51.3477912779,1086.97371374));
#4102=CARTESIAN_POINT('',(-1229.80093843,51.0411218861,1086.83877139));
#4103=CARTESIAN_POINT('',(-1229.80093843,50.4893877647,1086.56312169));
#4104=CARTESIAN_POINT('',(-1229.80093843,49.9660463466,1086.23732911));
#4105=CARTESIAN_POINT('',(-1229.80093843,49.7338109372,1086.07808497));
#4106=CARTESIAN_POINT('',(-1229.80093843,49.1877741726,1085.66688097));
#4107=CARTESIAN_POINT('',(-1229.80093843,48.6870998399,1085.20044638));
#4108=CARTESIAN_POINT('',(-1229.80093843,48.4091640848,1084.90898189));
#4109=CARTESIAN_POINT('',(-1229.80093843,47.869904801,1084.27986387));
#4110=CARTESIAN_POINT('',(-1229.80093843,47.3940053761,1083.60114644));
#4111=CARTESIAN_POINT('',(-1229.80093843,47.1639407599,1083.24064533));
#4112=CARTESIAN_POINT('',(-1229.80093843,46.6906860432,1082.43479216));
#4113=CARTESIAN_POINT('',(-1229.80093843,46.2741793218,1081.59777666));
#4114=CARTESIAN_POINT('',(-1229.80093843,46.0611051512,1081.13521099));
#4115=CARTESIAN_POINT('',(-1229.80093843,45.6273936235,1080.13147168));
#4116=CARTESIAN_POINT('',(-1229.80093843,45.2334294853,1079.11126675));
#4117=CARTESIAN_POINT('',(-1229.80093843,45.0299557071,1078.56194566));
#4118=CARTESIAN_POINT('',(-1229.80093843,44.8204328246,1077.98298802));
#4119=CARTESIAN_POINT('',(-1229.80093843,44.6117978245,1077.40368376));
#4120=CARTESIAN_POINT('',(-1229.80093843,44.6015840914,1077.3753191));
#4121=CARTESIAN_POINT('',(-1229.80093843,44.5913715196,1077.34695397));
#4122=CARTESIAN_POINT('',(-1229.80093843,44.5811599148,1077.31858846));
#4123=CARTESIAN_POINT('',(-1229.80093843,44.5811599148,1077.31858846));
#4124=CARTESIAN_POINT('',(-1229.80093843,44.5812013957,1077.31856554));
#4125=CARTESIAN_POINT('',(-1229.80093843,44.2951896311,1076.52408584));
#4126=CARTESIAN_POINT('',(-1229.80093843,44.0098037385,1075.72938084));
#4127=CARTESIAN_POINT('',(-1229.80093843,43.7233978307,1074.92985102));
#4128=CARTESIAN_POINT('',(-1229.80093843,34.2186005884,1048.33013324));
#4129=CARTESIAN_POINT('',(-1229.80093843,25.4152804543,1021.4803837));
#4130=CARTESIAN_POINT('',(-1229.80093843,17.5463773741,995.219398829));
#4131=CARTESIAN_POINT('',(-1229.80093843,10.1704738984,968.07534159));
#4132=CARTESIAN_POINT('',(-1229.80093843,3.5200741501,940.754167532));
#4133=CARTESIAN_POINT('',(-1229.80093843,3.35109933467,940.057920249));
#4134=CARTESIAN_POINT('',(-1229.80093843,3.18259882311,939.361557779));
#4135=CARTESIAN_POINT('',(-1229.80093843,3.01456244088,938.665083523));
#4136=CARTESIAN_POINT('',(-1229.80093843,3.01456244088,938.665083523));
#4137=CARTESIAN_POINT('',(-1229.80093843,3.01452854546,938.665041255));
#4138=CARTESIAN_POINT('',(-1229.80093843,2.99439252962,938.581581386));
#4139=CARTESIAN_POINT('',(-1229.80093843,2.97426333503,938.498119899));
#4140=CARTESIAN_POINT('',(-1229.80093843,2.95414377376,938.414656587));
#4141=CARTESIAN_POINT('',(-1229.80093843,2.91392907733,938.24772414));
#4142=CARTESIAN_POINT('',(-1229.80093843,2.87377400521,938.080778083));
#4143=CARTESIAN_POINT('',(-1229.80093843,2.85371403421,937.997300999));
#4144=CARTESIAN_POINT('',(-1229.80093843,2.55313839845,936.745161492));
#4145=CARTESIAN_POINT('',(-1229.80093843,2.25769618708,935.491832608));
#4146=CARTESIAN_POINT('',(-1229.80093843,1.9934492342,934.318727433));
#4147=CARTESIAN_POINT('',(-1229.80093843,1.52381305406,932.074165153));
#4148=CARTESIAN_POINT('',(-1229.80093843,1.13502639972,929.814353244));
#4149=CARTESIAN_POINT('',(-1229.80093843,0.971315027104,928.733943473));
#4150=CARTESIAN_POINT('',(-1229.80093843,0.682802732835,926.508968946));
#4151=CARTESIAN_POINT('',(-1229.80093843,0.489942002818,924.2735986));
#4152=CARTESIAN_POINT('',(-1229.80093843,0.41544518004,923.122077377));
#4153=CARTESIAN_POINT('',(-1229.80093843,0.320535341538,921.064205104));
#4154=CARTESIAN_POINT('',(-1229.80093843,0.276512686665,919.004596595));
#4155=CARTESIAN_POINT('',(-1229.80093843,0.264369564557,918.096840629));
#4156=CARTESIAN_POINT('',(-1229.80093843,0.256080383137,917.185217921));
#4157=CARTESIAN_POINT('',(-1229.80093843,0.247861376826,916.273571111));
#4158=CARTESIAN_POINT('',(-1229.80093843,0.247825665755,916.269609901));
#4159=CARTESIAN_POINT('',(-1229.80093843,0.24778935356,916.265581839));
#4160=CARTESIAN_POINT('',(-1229.80093843,0.247752203609,916.261460666));
#4161=CARTESIAN_POINT('',(-1229.80093843,0.247752203609,916.261460666));
#4162=CARTESIAN_POINT('',(-1229.80093843,0.247696184424,916.261461171));
#4163=CARTESIAN_POINT('',(-1229.80093843,0.00486973294639,889.325728939));
#4164=CARTESIAN_POINT('',(-1229.80093843,-0.221465147834,862.389848036));
#4165=CARTESIAN_POINT('',(-1229.80093843,-0.431318020174,835.452548487));
#4166=CARTESIAN_POINT('',(-1229.80093843,-1.7847942064,646.896679032));
#4167=CARTESIAN_POINT('',(-1229.80093843,-2.33014310624,458.335503508));
#4168=CARTESIAN_POINT('',(-1229.80093843,-2.20382154116,296.702962974));
#4169=CARTESIAN_POINT('',(-1229.80093843,-1.46998712905,131.990716053));
#4170=CARTESIAN_POINT('',(-1229.80093843,-0.119519380161,-32.7165182554));
#4171=CARTESIAN_POINT('',(-1229.80093843,-0.0939600189418,-35.8072347871));
#4172=CARTESIAN_POINT('',(-1229.80093843,-0.0681549356674,-38.9013543994));
#4173=CARTESIAN_POINT('',(-1229.80093843,-0.0420960892354,-42.));
#4174=CARTESIAN_POINT('',(-1229.80093843,20.,922.300063152));
#4175=CARTESIAN_POINT('',(-1229.80093843,0.,0.));
#4176=CARTESIAN_POINT('',(-669.000938435,15.0000000031,440.150031591));
#4177=CARTESIAN_POINT('',(-669.000938435,14.999999998,-41.9999999998));
#4178=CARTESIAN_POINT('',(-669.000938435,15.0000000083,922.300063182));
#4179=CARTESIAN_POINT('',(-674.000938435,14.9999999691,-42.));
#4180=CARTESIAN_POINT('',(-670.200938435,14.9999999962,440.150031579));
#4181=CARTESIAN_POINT('',(-670.200938435,15.0000000014,922.300063157));
#4182=CARTESIAN_POINT('',(-669.600938435,15.0000000048,922.300063169));
#4183=CARTESIAN_POINT('',(-669.000938435,15.0000000083,922.999990985));
#4184=CARTESIAN_POINT('',(-669.000938435,31.8246139511,-42.));
#4185=CARTESIAN_POINT('',(-669.000938435,-0.04208955621,-42.));
#4186=CARTESIAN_POINT('',(-674.000938435,-0.04208955621,-42.));
#4187=CARTESIAN_POINT('',(-674.000938435,-0.0420973903711,-47.));
#4188=CARTESIAN_POINT('',(-674.000938435,31.8246139511,-47.));
#4189=CARTESIAN_POINT('',(-674.000938435,31.8246139511,-42.));
#4190=CARTESIAN_POINT('',(-950.000938435,-0.0420973903711,-47.));
#4191=CARTESIAN_POINT('',(-1226.00093843,-0.0420973911184,-47.));
#4192=CARTESIAN_POINT('',(-1226.00093843,7.47895130444,-47.));
#4193=CARTESIAN_POINT('',(-1231.00093843,-4.99999996,-47.));
#4194=CARTESIAN_POINT('',(-1226.00093843,-0.0420973911184,-42.));
#4195=CARTESIAN_POINT('',(-1231.00093843,-0.0420973911184,-42.));
#4196=CARTESIAN_POINT('',(-1231.00093843,31.8349075438,-42.));
#4197=CARTESIAN_POINT('',(-1226.00093843,31.8349075438,-42.));
#4198=CARTESIAN_POINT('',(-1231.00093843,20.,922.300063152));
#4199=CARTESIAN_POINT('',(-1231.00093843,15.1921933508,923.673014435));
#4200=CARTESIAN_POINT('',(-1231.00093843,-0.0420973911184,-42.));
#4201=CARTESIAN_POINT('',(-1231.00093843,-0.0431869169677,-41.8704510685));
#4202=CARTESIAN_POINT('',(-1231.00093843,-0.0442760562317,-41.7409027697));
#4203=CARTESIAN_POINT('',(-1231.00093843,-0.0453648105637,-41.6113548969));
#4204=CARTESIAN_POINT('',(-1231.00093843,-1.52135738643,134.074476718));
#4205=CARTESIAN_POINT('',(-1231.00093843,-2.29577251318,309.76620047));
#4206=CARTESIAN_POINT('',(-1231.00093843,-2.36903114272,485.339847174));
#4207=CARTESIAN_POINT('',(-1231.00093843,-1.68466555507,676.862536383));
#4208=CARTESIAN_POINT('',(-1231.00093843,-0.166592915303,868.378919591));
#4209=CARTESIAN_POINT('',(-1231.00093843,-0.0342609827971,884.342879277));
#4210=CARTESIAN_POINT('',(-1231.00093843,0.103822874848,900.302190641));
#4211=CARTESIAN_POINT('',(-1231.00093843,0.247696082026,916.261449812));
#4212=CARTESIAN_POINT('',(-1231.00093843,0.247750292091,916.261449323));
#4213=CARTESIAN_POINT('',(-1231.00093843,0.247750292091,916.261449323));
#4214=CARTESIAN_POINT('',(-1231.00093843,0.248540874996,916.349152043));
#4215=CARTESIAN_POINT('',(-1231.00093843,0.249332850228,916.43685464));
#4216=CARTESIAN_POINT('',(-1231.00093843,0.250128006781,916.524557018));
#4217=CARTESIAN_POINT('',(-1231.00093843,0.262509987801,917.879451087));
#4218=CARTESIAN_POINT('',(-1231.00093843,0.277374403957,919.234270891));
#4219=CARTESIAN_POINT('',(-1231.00093843,0.303616889151,920.50192494));
#4220=CARTESIAN_POINT('',(-1231.00093843,0.396299520985,923.003828966));
#4221=CARTESIAN_POINT('',(-1231.00093843,0.588981361274,925.49989683));
#4222=CARTESIAN_POINT('',(-1231.00093843,0.712934777768,926.728294432));
#4223=CARTESIAN_POINT('',(-1231.00093843,1.10951777627,929.878625431));
#4224=CARTESIAN_POINT('',(-1231.00093843,1.69189734418,933.001278315));
#4225=CARTESIAN_POINT('',(-1231.00093843,2.10862119794,934.894986856));
#4226=CARTESIAN_POINT('',(-1231.00093843,2.55982618514,936.780388419));
#4227=CARTESIAN_POINT('',(-1231.00093843,3.01452854546,938.665041255));
#4228=CARTESIAN_POINT('',(-1231.00093843,3.01455633362,938.665076717));
#4229=CARTESIAN_POINT('',(-1231.00093843,3.01455633362,938.665076717));
#4230=CARTESIAN_POINT('',(-1231.00093843,3.14667461702,939.212679609));
#4231=CARTESIAN_POINT('',(-1231.00093843,3.27908065702,939.760213156));
#4232=CARTESIAN_POINT('',(-1231.00093843,3.41177949091,940.307675676));
#4233=CARTESIAN_POINT('',(-1231.00093843,10.2499019413,968.453201377));
#4234=CARTESIAN_POINT('',(-1231.00093843,17.8579578514,996.411235691));
#4235=CARTESIAN_POINT('',(-1231.00093843,26.0493597639,1023.61936131));
#4236=CARTESIAN_POINT('',(-1231.00093843,34.9612522658,1050.59639628));
#4237=CARTESIAN_POINT('',(-1231.00093843,44.5811911681,1077.31853713));
#4238=CARTESIAN_POINT('',(-1231.00093843,44.5811475937,1077.31855281));
#4239=CARTESIAN_POINT('',(-1231.00093843,44.5811475937,1077.31855281));
#4240=CARTESIAN_POINT('',(-1231.00093843,44.6066493327,1077.38939072));
#4241=CARTESIAN_POINT('',(-1231.00093843,44.6332908822,1077.46337375));
#4242=CARTESIAN_POINT('',(-1231.00093843,44.6688214584,1077.5619853));
#4243=CARTESIAN_POINT('',(-1231.00093843,44.7518980897,1077.79231057));
#4244=CARTESIAN_POINT('',(-1231.00093843,44.8352689713,1078.02252519));
#4245=CARTESIAN_POINT('',(-1231.00093843,44.8933295031,1078.18214996));
#4246=CARTESIAN_POINT('',(-1231.00093843,45.0684273781,1078.66067787));
#4247=CARTESIAN_POINT('',(-1231.00093843,45.2470384728,1079.1378886));
#4248=CARTESIAN_POINT('',(-1231.00093843,45.3683767246,1079.45525443));
#4249=CARTESIAN_POINT('',(-1231.00093843,45.6801769691,1080.2486565));
#4250=CARTESIAN_POINT('',(-1231.00093843,46.0151247541,1081.03256132));
#4251=CARTESIAN_POINT('',(-1231.00093843,46.2280437895,1081.50050318));
#4252=CARTESIAN_POINT('',(-1231.00093843,46.6433110457,1082.34605535));
#4253=CARTESIAN_POINT('',(-1231.00093843,47.1150257612,1083.16103115));
#4254=CARTESIAN_POINT('',(-1231.00093843,47.3438312947,1083.52507808));
#4255=CARTESIAN_POINT('',(-1231.00093843,47.8157541298,1084.20900741));
#4256=CARTESIAN_POINT('',(-1231.00093843,48.3507140919,1084.84440335));
#4257=CARTESIAN_POINT('',(-1231.00093843,48.6258116137,1085.13851304));
#4258=CARTESIAN_POINT('',(-1231.00093843,49.1197473089,1085.60827614));
#4259=CARTESIAN_POINT('',(-1231.00093843,49.6590216525,1086.02401299));
#4260=CARTESIAN_POINT('',(-1231.00093843,49.8873791848,1086.18458373));
#4261=CARTESIAN_POINT('',(-1231.00093843,50.3947590731,1086.50898385));
#4262=CARTESIAN_POINT('',(-1231.00093843,50.9299939511,1086.78553844));
#4263=CARTESIAN_POINT('',(-1231.00093843,51.2237732453,1086.91999473));
#4264=CARTESIAN_POINT('',(-1231.00093843,51.87055691,1087.18216328));
#4265=CARTESIAN_POINT('',(-1231.00093843,52.538051092,1087.38711728));
#4266=CARTESIAN_POINT('',(-1231.00093843,52.9017652982,1087.48233424));
#4267=CARTESIAN_POINT('',(-1231.00093843,53.6925792225,1087.65879014));
#4268=CARTESIAN_POINT('',(-1231.00093843,54.4939667299,1087.78040429));
#4269=CARTESIAN_POINT('',(-1231.00093843,54.9272848074,1087.83252302));
#4270=CARTESIAN_POINT('',(-1231.00093843,56.1543836475,1087.94831606));
#4271=CARTESIAN_POINT('',(-1231.00093843,57.3870540538,1087.99096423));
#4272=CARTESIAN_POINT('',(-1231.00093843,58.1840484597,1088.00003026));
#4273=CARTESIAN_POINT('',(-1231.00093843,58.9815091582,1088.00003052));
#4274=CARTESIAN_POINT('',(-1231.00093843,59.7790119028,1088.00003052));
#4275=CARTESIAN_POINT('',(-1231.00093843,59.7790119028,1088.));
#4276=CARTESIAN_POINT('',(-1231.00093843,62.8070365838,1088.));
#4277=CARTESIAN_POINT('',(-1231.00093843,65.8350612647,1088.));
#4278=CARTESIAN_POINT('',(-1231.00093843,65.8350612647,1085.53552937));
#4279=CARTESIAN_POINT('',(-1231.00093843,65.8350612647,1083.07105874));
#4280=CARTESIAN_POINT('',(-1231.00093843,60.8350612647,1083.07105874));
#4281=CARTESIAN_POINT('',(-1231.00093843,64.3705951707,1079.53552483));
#4282=CARTESIAN_POINT('',(-1231.00093843,61.5610310286,1076.72596069));
#4283=CARTESIAN_POINT('',(-1231.00093843,58.7514668865,1073.91639655));
#4284=CARTESIAN_POINT('',(-1231.00093843,62.2870007925,1070.38086264));
#4285=CARTESIAN_POINT('',(-1231.00093843,57.4791941433,1071.75381392));
#4286=CARTESIAN_POINT('',(-1231.00093843,36.3356937471,997.713414179));
#4287=CARTESIAN_POINT('',(-1231.00093843,0.,0.));
#4288=CARTESIAN_POINT('',(-950.87613073,15.1921933508,923.673014435));
#4289=CARTESIAN_POINT('',(-950.87613073,20.,922.300063152));
#4290=CARTESIAN_POINT('',(-1229.80093843111,-0.0420960892354004,-42.));
#4291=CARTESIAN_POINT('',(-1229.80093843192,-0.698332459356791,-42.0055187855947));
#4292=CARTESIAN_POINT('',(-1229.63243761866,-1.26665587756893,-42.0101612378627));
#4293=CARTESIAN_POINT('',(-1229.30426456566,-1.93673208722014,-42.0158103959895));
#4294=CARTESIAN_POINT('',(-1229.18192715364,-2.13128001940308,-42.0174743630601));
#4295=CARTESIAN_POINT('',(-1228.99568604363,-2.38346790611493,-42.0196416886519));
#4296=CARTESIAN_POINT('',(-1228.93310201018,-2.46096960723379,-42.0203093597021));
#4297=CARTESIAN_POINT('',(-1228.80913685335,-2.60383430388426,-42.0215351608978));
#4298=CARTESIAN_POINT('',(-1228.78064563407,-2.63631194377826,-42.0218167046618));
#4299=CARTESIAN_POINT('',(-1227.94590887286,-3.47098992942479,-42.0288362226377));
#4300=CARTESIAN_POINT('',(-1226.94126948556,-3.84196172666137,-42.0319559304));
#4301=CARTESIAN_POINT('',(-1226.00093843,-3.84196172666137,-42.0319559304));
#4302=CARTESIAN_POINT('',(-1226.00093843,-0.0420960939122,-42.));
#4303=CARTESIAN_POINT('',(-674.000938435,-3.84196172657087,-42.0319559303999));
#4304=CARTESIAN_POINT('',(-673.530785248303,-3.84196172644715,-42.0319559303999));
#4305=CARTESIAN_POINT('',(-673.046196429998,-3.75355251513952,-42.0311759996204));
#4306=CARTESIAN_POINT('',(-672.353846622334,-3.4754778509011,-42.0288361899944));
#4307=CARTESIAN_POINT('',(-672.128976058921,-3.35876160721925,-42.0278612675046));
#4308=CARTESIAN_POINT('',(-671.808581930358,-3.14841446032163,-42.0261064002776));
#4309=CARTESIAN_POINT('',(-671.704607390157,-3.07243857332052,-42.0254726972751));
#4310=CARTESIAN_POINT('',(-671.503681333384,-2.9091305287468,-42.0241077959173));
#4311=CARTESIAN_POINT('',(-671.37383419878,-2.78890416542134,-42.0230999707591));
#4312=CARTESIAN_POINT('',(-670.835144275929,-2.25025217271696,-42.0185700940017));
#4313=CARTESIAN_POINT('',(-670.200938433365,-1.35460728035139,-42.011037894552));
#4314=CARTESIAN_POINT('',(-670.20093843498,-0.0420960892341988,-42.));
#4315=CARTESIAN_POINT('',(-674.000938436,-0.0420960939117,-42.));
#4316=CARTESIAN_POINT('',(-799.908256199,-3.55214935596,916.295722946));
#4317=CARTESIAN_POINT('',(-674.000938435,-3.55214935596,916.295722946));
#4318=CARTESIAN_POINT('',(-674.000938435,-3.55209339723,916.295716216));
#4319=CARTESIAN_POINT('',(-674.000938438216,-3.55214935596,916.295722946));
#4320=CARTESIAN_POINT('',(-674.000938438216,-5.27994765257,724.638218519));
#4321=CARTESIAN_POINT('',(-674.000938412216,-6.17289594013,532.969424413));
#4322=CARTESIAN_POINT('',(-674.000938438216,-6.23086307094,341.296613603));
#4323=CARTESIAN_POINT('',(-674.000938438216,-5.45384464384,149.627061926));
#4324=CARTESIAN_POINT('',(-674.000938438216,-3.84196300923,-42.0319574504));
#4325=CARTESIAN_POINT('',(-1226.00093843,-3.55214935596,916.295722946));
#4326=CARTESIAN_POINT('',(-1226.00093843,-4.41603745852,820.468195992));
#4327=CARTESIAN_POINT('',(-1226.00093843,-5.07123679159,724.634995037));
#4328=CARTESIAN_POINT('',(-1226.00093843,-5.51766192408,628.80771489));
#4329=CARTESIAN_POINT('',(-1226.00093843,-5.87425234668,485.05769661));
#4330=CARTESIAN_POINT('',(-1226.00093843,-5.76119567295,341.30853793));
#4331=CARTESIAN_POINT('',(-1226.00093843,-5.67133082456,293.391870076));
#4332=CARTESIAN_POINT('',(-1226.00093843,-5.45825945188,221.517541736));
#4333=CARTESIAN_POINT('',(-1226.00093843,-5.12778075275,149.644074281));
#4334=CARTESIAN_POINT('',(-1226.00093843,-5.00457598551,125.686361716));
#4335=CARTESIAN_POINT('',(-1226.00093843,-4.80020113752,89.7499721154));
#4336=CARTESIAN_POINT('',(-1226.00093843,-4.56647492117,53.8138553619));
#4337=CARTESIAN_POINT('',(-1226.00093843,-4.48530492908,41.8351803147));
#4338=CARTESIAN_POINT('',(-1226.00093843,-4.338215543,20.9669375682));
#4339=CARTESIAN_POINT('',(-1226.00093843,-4.18122837065,0.0987841021956));
#4340=CARTESIAN_POINT('',(-1226.00093843,-4.11255779658,-8.79075998203));
#4341=CARTESIAN_POINT('',(-1226.00093843,-4.01760466672,-20.7693114975));
#4342=CARTESIAN_POINT('',(-1226.00093843,-3.91939033014,-32.7478365022));
#4343=CARTESIAN_POINT('',(-1226.00093843,-3.89382920041,-35.8387669526));
#4344=CARTESIAN_POINT('',(-1226.00093843,-3.86802234466,-38.9330992913));
#4345=CARTESIAN_POINT('',(-1226.00093843,-3.84196172644,-42.0319559468));
#4346=CARTESIAN_POINT('',(-1226.00093843,-3.55209339723,916.295716216));
#4347=CARTESIAN_POINT('',(-1226.00093844,-3.55214935596,916.295722946));
#4348=CARTESIAN_POINT('',(-863.376812521,-3.55214935596,916.295722946));
#4349=CARTESIAN_POINT('',(-800.341419558934,-5.32926272794748,196.134263883755));
#4350=CARTESIAN_POINT('',(-798.504100997587,-5.33065351850244,196.475185710015));
#4351=CARTESIAN_POINT('',(-796.836865880953,-5.33465623485683,197.455678667522));
#4352=CARTESIAN_POINT('',(-794.456499034348,-5.34620491483906,200.32177108995));
#4353=CARTESIAN_POINT('',(-793.800938435,-5.35343255178576,202.131333786118));
#4354=CARTESIAN_POINT('',(-793.800938435,-5.36078851886178,204.000000000001));
#4355=CARTESIAN_POINT('',(-800.341419558918,-5.32926272794714,196.13426388367));
#4356=CARTESIAN_POINT('',(-793.800938435,-5.36078851903089,204.000000000001));
#4357=CARTESIAN_POINT('',(-793.800938435,-5.3607885192,204.));
#4358=CARTESIAN_POINT('',(-793.800938435,-5.45985635356,229.166604596));
#4359=CARTESIAN_POINT('',(-793.800938435,-5.54165029275,254.33328312));
#4360=CARTESIAN_POINT('',(-793.800938435,-5.60617022119,279.5));
#4361=CARTESIAN_POINT('',(-793.800938435,-5.60617022092157,279.500000000001));
#4362=CARTESIAN_POINT('',(-801.358931001983,-5.62606843718282,287.487780006307));
#4363=CARTESIAN_POINT('',(-799.323579187999,-5.62579605258249,287.375152889652));
#4364=CARTESIAN_POINT('',(-797.378231408887,-5.62360428442428,286.464758142264));
#4365=CARTESIAN_POINT('',(-794.604848281119,-5.61638724450723,283.535403315195));
#4366=CARTESIAN_POINT('',(-793.800938435,-5.61139621856375,281.538458708143));
#4367=CARTESIAN_POINT('',(-793.800938435,-5.60617022065314,279.500000000001));
#4368=CARTESIAN_POINT('',(-801.358931001991,-5.62606843718248,287.487780006165));
#4369=CARTESIAN_POINT('',(-803.51224187638,-5.62756999124872,288.110106882337));
#4370=CARTESIAN_POINT('',(-802.84873767733,-5.62668203784641,287.741225010123));
#4371=CARTESIAN_POINT('',(-802.116923856919,-5.62616987693272,287.529723884674));
#4372=CARTESIAN_POINT('',(-801.358931001999,-5.62606843718213,287.487780006023));
#4373=CARTESIAN_POINT('',(-803.512241876298,-5.62756999124908,288.110106882484));
#4374=CARTESIAN_POINT('',(-803.512241876217,-5.62756999124943,288.11010688263));
#4375=CARTESIAN_POINT('',(-807.980590556627,-5.63354988620658,290.594330538618));
#4376=CARTESIAN_POINT('',(-813.589357448728,-5.63356303299542,290.600071371035));
#4377=CARTESIAN_POINT('',(-818.06278220903,-5.62760583917621,288.12500000006));
#4378=CARTESIAN_POINT('',(-818.062782208969,-5.62760583917595,288.12499999995));
#4379=CARTESIAN_POINT('',(-820.4833968,-5.6260979894368,287.5));
#4380=CARTESIAN_POINT('',(-819.635074201247,-5.62609798943682,287.5));
#4381=CARTESIAN_POINT('',(-818.805063969843,-5.62661735349532,287.714307871577));
#4382=CARTESIAN_POINT('',(-818.062782208909,-5.62760583917569,288.12499999984));
#4383=CARTESIAN_POINT('',(-820.4833968,-5.6260979897134,287.5));
#4384=CARTESIAN_POINT('',(-933.800938435,-5.62609798999,287.5));
#4385=CARTESIAN_POINT('',(-820.4833968,-5.62609798999,287.5));
#4386=CARTESIAN_POINT('',(-933.800938435,-5.62609798971227,287.5));
#4387=CARTESIAN_POINT('',(-933.800938435,-5.62609798943454,287.5));
#4388=CARTESIAN_POINT('',(-935.913809905587,-5.6260979894345,287.5));
#4389=CARTESIAN_POINT('',(-937.979917000856,-5.6240159611773,286.633676722651));
#4390=CARTESIAN_POINT('',(-940.931632089494,-5.61675753451279,283.6840666155));
#4391=CARTESIAN_POINT('',(-941.800938435,-5.61158697233177,281.612864341717));
#4392=CARTESIAN_POINT('',(-941.800938435,-5.60617022065016,279.500000000001));
#4393=CARTESIAN_POINT('',(-941.800938435,-5.60617022092008,279.500000000001));
#4394=CARTESIAN_POINT('',(-941.800938435,-5.60617022119,279.5));
#4395=CARTESIAN_POINT('',(-941.800938435,-5.54165029275,254.33328312));
#4396=CARTESIAN_POINT('',(-941.800938435,-5.45985635356,229.166604596));
#4397=CARTESIAN_POINT('',(-941.800938435,-5.3607885192,204.));
#4398=CARTESIAN_POINT('',(-941.800938435,-5.36078851902961,204.000000000001));
#4399=CARTESIAN_POINT('',(-933.800938435,-5.32871483455781,196.));
#4400=CARTESIAN_POINT('',(-935.913815107818,-5.32871483455777,196.));
#4401=CARTESIAN_POINT('',(-937.979925811989,-5.3322640879777,196.866328645022));
#4402=CARTESIAN_POINT('',(-940.931636466932,-5.34417867357489,199.815941196009));
#4403=CARTESIAN_POINT('',(-941.800938435001,-5.35247128853065,201.887140175112));
#4404=CARTESIAN_POINT('',(-941.800938435,-5.36078851885921,204.000000000001));
#4405=CARTESIAN_POINT('',(-933.800938435,-5.3287148347139,196.));
#4406=CARTESIAN_POINT('',(-821.981278322,-5.32871483487,196.));
#4407=CARTESIAN_POINT('',(-933.800938435,-5.32871483487,196.));
#4408=CARTESIAN_POINT('',(-821.981278322,-5.32871483471483,196.));
#4409=CARTESIAN_POINT('',(-818.254498359588,-5.32188634556261,194.333333333431));
#4410=CARTESIAN_POINT('',(-819.196636245293,-5.32621794732853,195.386675511682));
#4411=CARTESIAN_POINT('',(-820.568064673252,-5.32871483455969,196.));
#4412=CARTESIAN_POINT('',(-821.981278322,-5.32871483455967,196.));
#4413=CARTESIAN_POINT('',(-818.254498359727,-5.3218863455621,194.333333333307));
#4414=CARTESIAN_POINT('',(-818.254498359865,-5.32188634556159,194.333333333183));
#4415=CARTESIAN_POINT('',(-816.345489450793,-5.31310942820449,192.198996488101));
#4416=CARTESIAN_POINT('',(-813.525875116509,-5.30796453282848,190.972845289549));
#4417=CARTESIAN_POINT('',(-807.880222673631,-5.3081951563384,191.02811296961));
#4418=CARTESIAN_POINT('',(-805.087151051306,-5.31356287732294,192.307915108677));
#4419=CARTESIAN_POINT('',(-803.219792985824,-5.32248428979593,194.4787858739));
#4420=CARTESIAN_POINT('',(-803.219792985793,-5.32248428979582,194.478785873874));
#4421=CARTESIAN_POINT('',(-800.341419558903,-5.3292627279468,196.134263883586));
#4422=CARTESIAN_POINT('',(-801.461449662947,-5.32841490148742,195.926437806646));
#4423=CARTESIAN_POINT('',(-802.476933409122,-5.3260333449105,195.342386790874));
#4424=CARTESIAN_POINT('',(-803.219792985762,-5.32248428979571,194.478785873847));
#4425=CARTESIAN_POINT('',(-952.050938435,-5.31845316077482,193.500000000001));
#4426=CARTESIAN_POINT('',(-952.050938435,-5.31300016845488,192.178830462368));
#4427=CARTESIAN_POINT('',(-951.508936830916,-5.30761352697005,190.886902693227));
#4428=CARTESIAN_POINT('',(-949.663900954337,-5.2998799528134,189.041922599911));
#4429=CARTESIAN_POINT('',(-948.35850586355,-5.2975926109863,188.5008826001));
#4430=CARTESIAN_POINT('',(-945.750129678091,-5.29758517445696,188.499119683882));
#4431=CARTESIAN_POINT('',(-944.451928248024,-5.29982703568725,189.02930853676));
#4432=CARTESIAN_POINT('',(-942.584051087034,-5.3076452357162,190.894457152132));
#4433=CARTESIAN_POINT('',(-942.050938435,-5.31300016844719,192.178830460466));
#4434=CARTESIAN_POINT('',(-942.050938435,-5.31845316077499,193.500000000001));
#4435=CARTESIAN_POINT('',(-952.050938435,-5.31845316077482,193.500000000001));
#4436=CARTESIAN_POINT('',(-942.050938435,-5.31845316077499,193.500000000001));
#4437=CARTESIAN_POINT('',(-942.050938435,-5.31845316077499,193.500000000001));
#4438=CARTESIAN_POINT('',(-942.050938435,-5.32390615221736,194.821169325014));
#4439=CARTESIAN_POINT('',(-942.592940045571,-5.32918411174952,196.113097382944));
#4440=CARTESIAN_POINT('',(-944.437976176255,-5.33668047192004,197.958077590989));
#4441=CARTESIAN_POINT('',(-945.74337121283,-5.33885930408866,198.499117408165));
#4442=CARTESIAN_POINT('',(-948.351747047834,-5.33886642000611,198.500880307895));
#4443=CARTESIAN_POINT('',(-949.649948372897,-5.33673168124961,197.970691639571));
#4444=CARTESIAN_POINT('',(-951.517825757424,-5.32915346006823,196.105542945757));
#4445=CARTESIAN_POINT('',(-952.050938434999,-5.32390615223628,194.821169329637));
#4446=CARTESIAN_POINT('',(-952.050938434999,-5.31845316077482,193.500000000001));
#4447=CARTESIAN_POINT('',(-952.050938435,-5.63208677345698,290.000000000001));
#4448=CARTESIAN_POINT('',(-952.050938435,-5.62895191223656,288.678826624923));
#4449=CARTESIAN_POINT('',(-951.508932818799,-5.62583209668489,287.386895950137));
#4450=CARTESIAN_POINT('',(-949.663894499068,-5.62133575636252,285.541918875946));
#4451=CARTESIAN_POINT('',(-948.35850199571,-5.61999773974469,285.000882483784));
#4452=CARTESIAN_POINT('',(-945.750132674107,-5.61999339702415,284.999119799609));
#4453=CARTESIAN_POINT('',(-944.451934401862,-5.62130497255646,285.529305023276));
#4454=CARTESIAN_POINT('',(-942.584054916368,-5.6258505509744,287.394450697042));
#4455=CARTESIAN_POINT('',(-942.050938435,-5.62895191223606,288.678826624631));
#4456=CARTESIAN_POINT('',(-942.050938435,-5.63208677345718,290.000000000001));
#4457=CARTESIAN_POINT('',(-952.050938435,-5.63208677345698,290.000000000001));
#4458=CARTESIAN_POINT('',(-942.050938435,-5.63208677345718,290.000000000001));
#4459=CARTESIAN_POINT('',(-942.050938435,-5.63208677345718,290.000000000001));
#4460=CARTESIAN_POINT('',(-942.050938435,-5.63522163438758,291.321173252847));
#4461=CARTESIAN_POINT('',(-942.592944054932,-5.63823276835767,292.613104093654));
#4462=CARTESIAN_POINT('',(-944.437982520744,-5.64249189847732,294.458081233799));
#4463=CARTESIAN_POINT('',(-945.743374992932,-5.64372140842512,294.999117520967));
#4464=CARTESIAN_POINT('',(-948.351744113069,-5.64372543062637,295.000880195664));
#4465=CARTESIAN_POINT('',(-949.649942324946,-5.64252097458919,294.470695078093));
#4466=CARTESIAN_POINT('',(-951.517821938947,-5.6382153710854,292.605549359235));
#4467=CARTESIAN_POINT('',(-952.050938435,-5.63522163439178,291.321173254704));
#4468=CARTESIAN_POINT('',(-952.050938435,-5.63208677345698,290.000000000001));
#4469=CARTESIAN_POINT('',(-796.000938435,-5.63208677346008,290.000000000001));
#4470=CARTESIAN_POINT('',(-796.000938435,-5.62895191223966,288.678826624923));
#4471=CARTESIAN_POINT('',(-795.458932818799,-5.62583209668801,287.386895950137));
#4472=CARTESIAN_POINT('',(-793.613894499068,-5.62133575636564,285.541918875946));
#4473=CARTESIAN_POINT('',(-792.30850199571,-5.61999773974781,285.000882483784));
#4474=CARTESIAN_POINT('',(-789.700132674107,-5.61999339702727,284.999119799609));
#4475=CARTESIAN_POINT('',(-788.401934401862,-5.62130497255958,285.529305023276));
#4476=CARTESIAN_POINT('',(-786.534054916368,-5.62585055097751,287.394450697042));
#4477=CARTESIAN_POINT('',(-786.000938435,-5.62895191223917,288.678826624631));
#4478=CARTESIAN_POINT('',(-786.000938435,-5.63208677346028,290.000000000001));
#4479=CARTESIAN_POINT('',(-796.000938435,-5.63208677346008,290.000000000001));
#4480=CARTESIAN_POINT('',(-786.000938435,-5.63208677346028,290.000000000001));
#4481=CARTESIAN_POINT('',(-786.000938435,-5.63208677346028,290.000000000001));
#4482=CARTESIAN_POINT('',(-786.000938435001,-5.63522163439067,291.321173252847));
#4483=CARTESIAN_POINT('',(-786.542944054932,-5.63823276836075,292.613104093654));
#4484=CARTESIAN_POINT('',(-788.387982520744,-5.64249189848039,294.458081233799));
#4485=CARTESIAN_POINT('',(-789.693374992932,-5.64372140842819,294.999117520967));
#4486=CARTESIAN_POINT('',(-792.301744113068,-5.64372543062944,295.000880195664));
#4487=CARTESIAN_POINT('',(-793.599942324946,-5.64252097459226,294.470695078094));
#4488=CARTESIAN_POINT('',(-795.467821938947,-5.63821537108848,292.605549359236));
#4489=CARTESIAN_POINT('',(-796.000938435,-5.63522163439487,291.321173254704));
#4490=CARTESIAN_POINT('',(-796.000938435,-5.63208677346008,290.000000000001));
#4491=CARTESIAN_POINT('',(-796.000938435,-5.31845316077738,193.500000000001));
#4492=CARTESIAN_POINT('',(-796.000938435,-5.31300016845742,192.178830462369));
#4493=CARTESIAN_POINT('',(-795.458936830916,-5.30761352697258,190.886902693227));
#4494=CARTESIAN_POINT('',(-793.613900954338,-5.29987995281589,189.041922599911));
#4495=CARTESIAN_POINT('',(-792.30850586355,-5.29759261098879,188.5008826001));
#4496=CARTESIAN_POINT('',(-789.700129678091,-5.29758517445945,188.499119683882));
#4497=CARTESIAN_POINT('',(-788.401928248024,-5.29982703568974,189.02930853676));
#4498=CARTESIAN_POINT('',(-786.534051087035,-5.30764523571872,190.894457152132));
#4499=CARTESIAN_POINT('',(-786.000938435,-5.31300016844973,192.178830460465));
#4500=CARTESIAN_POINT('',(-786.000938435,-5.31845316077755,193.500000000001));
#4501=CARTESIAN_POINT('',(-796.000938435,-5.31845316077738,193.500000000001));
#4502=CARTESIAN_POINT('',(-786.000938435,-5.31845316077755,193.500000000001));
#4503=CARTESIAN_POINT('',(-786.000938435,-5.31845316077755,193.500000000001));
#4504=CARTESIAN_POINT('',(-786.000938435,-5.32390615221994,194.821169325014));
#4505=CARTESIAN_POINT('',(-786.542940045571,-5.32918411175212,196.113097382944));
#4506=CARTESIAN_POINT('',(-788.387976176255,-5.33668047192266,197.958077590988));
#4507=CARTESIAN_POINT('',(-789.69337121283,-5.3388593040913,198.499117408165));
#4508=CARTESIAN_POINT('',(-792.301747047833,-5.33886642000874,198.500880307895));
#4509=CARTESIAN_POINT('',(-793.599948372897,-5.33673168125224,197.970691639571));
#4510=CARTESIAN_POINT('',(-795.467825757424,-5.32915346007083,196.105542945757));
#4511=CARTESIAN_POINT('',(-796.000938435,-5.32390615223886,194.821169329637));
#4512=CARTESIAN_POINT('',(-796.000938435,-5.31845316077738,193.500000000001));
#4513=CARTESIAN_POINT('',(-674.000938435,-3.55214935596,916.295722946));
#4514=CARTESIAN_POINT('',(-1226.00093844,-3.55214935596,916.295722946));
#4515=CARTESIAN_POINT('',(-674.000938435,-5.27994765257,724.638218519));
#4516=CARTESIAN_POINT('',(-1226.00093844,-5.27994765257,724.638218519));
#4517=CARTESIAN_POINT('',(-674.000938409,-6.17289594013,532.969424413));
#4518=CARTESIAN_POINT('',(-1226.00093844,-6.17289594013,532.969424439));
#4519=CARTESIAN_POINT('',(-674.000938435,-6.23086307094,341.296613603));
#4520=CARTESIAN_POINT('',(-1226.00093838,-6.23086307094,341.296613603));
#4521=CARTESIAN_POINT('',(-674.000938435,-5.45384464384,149.627061926));
#4522=CARTESIAN_POINT('',(-1226.00093844,-5.45384464384,149.627061926));
#4523=CARTESIAN_POINT('',(-674.000938435,-3.84196300923,-42.0319574504));
#4524=CARTESIAN_POINT('',(-1226.00093844,-3.84196300923,-42.0319574504));
#4525=CARTESIAN_POINT('',(-670.200938435,0.247696184433,916.261461172));
#4526=CARTESIAN_POINT('',(-670.200938435,0.00486973289036,889.325728933));
#4527=CARTESIAN_POINT('',(-670.200938435,-0.221465147947,862.389848023));
#4528=CARTESIAN_POINT('',(-670.200938435,-0.431318020062,835.452548502));
#4529=CARTESIAN_POINT('',(-670.200938435,-1.78479420643,646.896679033));
#4530=CARTESIAN_POINT('',(-670.200938435,-2.33014310596,458.335503545));
#4531=CARTESIAN_POINT('',(-670.200938435,-2.20382154116,296.702963011));
#4532=CARTESIAN_POINT('',(-670.200938435,-1.46998712905,131.990716052));
#4533=CARTESIAN_POINT('',(-670.200938435,-0.11951938016,-32.7165182554));
#4534=CARTESIAN_POINT('',(-670.200938435,-0.0939600189415,-35.807234787));
#4535=CARTESIAN_POINT('',(-670.200938435,-0.0681549356668,-38.9013543994));
#4536=CARTESIAN_POINT('',(-670.200938435,-0.0420960892342,-42.));
#4537=CARTESIAN_POINT('',(-670.200938435,0.247752203578,916.261460667));
#4538=CARTESIAN_POINT('',(-670.200938435,3.01452854546,938.665041255));
#4539=CARTESIAN_POINT('',(-670.200938435,2.99439252957,938.581581386));
#4540=CARTESIAN_POINT('',(-670.200938435,2.97426333494,938.498119898));
#4541=CARTESIAN_POINT('',(-670.200938435,2.95414377363,938.414656586));
#4542=CARTESIAN_POINT('',(-670.200938435,2.91392907711,938.247724139));
#4543=CARTESIAN_POINT('',(-670.200938435,2.8737740049,938.080778082));
#4544=CARTESIAN_POINT('',(-670.200938435,2.85371403386,937.997300998));
#4545=CARTESIAN_POINT('',(-670.200938435,2.55313839745,936.745161488));
#4546=CARTESIAN_POINT('',(-670.200938435,2.25769618545,935.491832601));
#4547=CARTESIAN_POINT('',(-670.200938435,1.99344923207,934.318727424));
#4548=CARTESIAN_POINT('',(-670.200938435,1.52381305184,932.074165142));
#4549=CARTESIAN_POINT('',(-670.200938435,1.13502639764,929.814353231));
#4550=CARTESIAN_POINT('',(-670.200938435,0.971315025374,928.733943461));
#4551=CARTESIAN_POINT('',(-670.200938435,0.682802731661,926.508968935));
#4552=CARTESIAN_POINT('',(-670.200938435,0.489942002089,924.27359859));
#4553=CARTESIAN_POINT('',(-670.200938435,0.415445179488,923.122077368));
#4554=CARTESIAN_POINT('',(-670.200938435,0.320535341219,921.064205094));
#4555=CARTESIAN_POINT('',(-670.200938435,0.276512686499,919.004596585));
#4556=CARTESIAN_POINT('',(-670.200938435,0.264369564436,918.096840619));
#4557=CARTESIAN_POINT('',(-670.200938435,0.256080370739,917.185216558));
#4558=CARTESIAN_POINT('',(-670.200938435,0.247861352329,916.273568394));
#4559=CARTESIAN_POINT('',(-670.200938435,0.247825635734,916.269606571));
#4560=CARTESIAN_POINT('',(-670.200938435,0.247789330201,916.265579249));
#4561=CARTESIAN_POINT('',(-670.200938435,0.247752203578,916.261460667));
#4562=CARTESIAN_POINT('',(-670.200938435,3.01456244088,938.665083523));
#4563=CARTESIAN_POINT('',(-670.200938435,44.5812013957,1077.31856554));
#4564=CARTESIAN_POINT('',(-670.200938435,44.2951896214,1076.52408582));
#4565=CARTESIAN_POINT('',(-670.200938435,44.009803719,1075.72938079));
#4566=CARTESIAN_POINT('',(-670.200938435,43.7233978415,1074.92985105));
#4567=CARTESIAN_POINT('',(-670.200938435,34.2186005849,1048.33013324));
#4568=CARTESIAN_POINT('',(-670.200938435,25.4152804362,1021.48038365));
#4569=CARTESIAN_POINT('',(-670.200938435,17.5463773518,995.219398755));
#4570=CARTESIAN_POINT('',(-670.200938435,10.1704738809,968.075341525));
#4571=CARTESIAN_POINT('',(-670.200938435,3.52007413577,940.754167473));
#4572=CARTESIAN_POINT('',(-670.200938435,3.35109932515,940.05792021));
#4573=CARTESIAN_POINT('',(-670.200938435,3.18259881836,939.36155776));
#4574=CARTESIAN_POINT('',(-670.200938435,3.01456244088,938.665083523));
#4575=CARTESIAN_POINT('',(-670.200938435,44.5811599148,1077.31858846));
#4576=CARTESIAN_POINT('',(-670.200938435,59.7790119028,1088.00003052));
#4577=CARTESIAN_POINT('',(-670.200938435,59.712829444,1088.00003052));
#4578=CARTESIAN_POINT('',(-670.200938435,59.6466317558,1088.00003052));
#4579=CARTESIAN_POINT('',(-670.200938435,59.5393310435,1088.00001802));
#4580=CARTESIAN_POINT('',(-670.200938435,59.3987331855,1087.99997167));
#4581=CARTESIAN_POINT('',(-670.200938435,59.2581367529,1087.99984616));
#4582=CARTESIAN_POINT('',(-670.200938435,59.1837214355,1087.99975011));
#4583=CARTESIAN_POINT('',(-670.200938435,58.6628338318,1087.9988179));
#4584=CARTESIAN_POINT('',(-670.200938435,58.1419714994,1087.99569673));
#4585=CARTESIAN_POINT('',(-670.200938435,57.6954199986,1087.98977692));
#4586=CARTESIAN_POINT('',(-670.200938435,56.7176558135,1087.96596311));
#4587=CARTESIAN_POINT('',(-670.200938435,55.7413088892,1087.9092207));
#4588=CARTESIAN_POINT('',(-670.200938435,55.210019835,1087.86529925));
#4589=CARTESIAN_POINT('',(-670.200938435,54.2354177965,1087.75382128));
#4590=CARTESIAN_POINT('',(-670.200938435,53.27207517,1087.57104615));
#4591=CARTESIAN_POINT('',(-670.200938435,52.8332493632,1087.46953962));
#4592=CARTESIAN_POINT('',(-670.200938435,52.0783776955,1087.25688147));
#4593=CARTESIAN_POINT('',(-670.200938435,51.3477912785,1086.97371374));
#4594=CARTESIAN_POINT('',(-670.200938435,51.0411218869,1086.83877139));
#4595=CARTESIAN_POINT('',(-670.200938435,50.4893877655,1086.56312169));
#4596=CARTESIAN_POINT('',(-670.200938435,49.9660463475,1086.23732911));
#4597=CARTESIAN_POINT('',(-670.200938435,49.7338109382,1086.07808497));
#4598=CARTESIAN_POINT('',(-670.200938435,49.1877741735,1085.66688097));
#4599=CARTESIAN_POINT('',(-670.200938435,48.6870998407,1085.20044638));
#4600=CARTESIAN_POINT('',(-670.200938435,48.4091640857,1084.90898189));
#4601=CARTESIAN_POINT('',(-670.200938435,47.8699048017,1084.27986387));
#4602=CARTESIAN_POINT('',(-670.200938435,47.3940053765,1083.60114644));
#4603=CARTESIAN_POINT('',(-670.200938435,47.1639407602,1083.24064533));
#4604=CARTESIAN_POINT('',(-670.200938435,46.6906860434,1082.43479216));
#4605=CARTESIAN_POINT('',(-670.200938435,46.2741793218,1081.59777666));
#4606=CARTESIAN_POINT('',(-670.200938435,46.0611051511,1081.13521099));
#4607=CARTESIAN_POINT('',(-670.200938435,45.6273936233,1080.13147168));
#4608=CARTESIAN_POINT('',(-670.200938435,45.2334294851,1079.11126675));
#4609=CARTESIAN_POINT('',(-670.200938435,45.0299557069,1078.56194566));
#4610=CARTESIAN_POINT('',(-670.200938435,44.8204328244,1077.98298802));
#4611=CARTESIAN_POINT('',(-670.200938435,44.6117978244,1077.40368376));
#4612=CARTESIAN_POINT('',(-670.200938435,44.6015840914,1077.3753191));
#4613=CARTESIAN_POINT('',(-670.200938435,44.5913715196,1077.34695397));
#4614=CARTESIAN_POINT('',(-670.200938435,44.5811599148,1077.31858846));
#4615=CARTESIAN_POINT('',(-670.200938435,59.7790119028,1088.));
#4616=CARTESIAN_POINT('',(-670.200938435,62.8070365838,1088.));
#4617=CARTESIAN_POINT('',(-670.200938435,65.8350612647,1088.));
#4618=CARTESIAN_POINT('',(-670.200938435,65.8350612647,1085.53552937));
#4619=CARTESIAN_POINT('',(-670.200938435,65.8350612647,1083.07105874));
#4620=CARTESIAN_POINT('',(-670.200938435,60.8350612647,1083.07105874));
#4621=CARTESIAN_POINT('',(-670.200938435,64.3705951707,1079.53552483));
#4622=CARTESIAN_POINT('',(-670.200938435,61.5610310286156,1076.72596068844));
#4623=CARTESIAN_POINT('',(-670.200938435,58.7514668865,1073.91639655));
#4624=CARTESIAN_POINT('',(-670.200938435,62.2870007925,1070.38086264));
#4625=CARTESIAN_POINT('',(-670.200938435,57.4791941433,1071.75381392));
#4626=CARTESIAN_POINT('',(-670.200938435,36.3356937487219,997.713414184375));
#4627=CARTESIAN_POINT('',(-670.200938435,15.1921933522,923.67301444));
#4628=CARTESIAN_POINT('',(-670.200938435,20.0000000014,922.300063157));
#4629=CARTESIAN_POINT('',(-670.200938435,0.,0.));
#4630=CARTESIAN_POINT('',(-1226.00093843,-3.55209336495781,916.295719318019));
#4631=CARTESIAN_POINT('',(-1226.59784104,-3.55209336495781,916.295719318019));
#4632=CARTESIAN_POINT('',(-1227.1947531,-3.4349228728779,916.29466302801));
#4633=CARTESIAN_POINT('',(-1227.76094103,-3.20040576609808,916.29254886099));
#4634=CARTESIAN_POINT('',(-1228.77079014211,-2.522002773754,916.286433072332));
#4635=CARTESIAN_POINT('',(-1229.44922381522,-1.51219780414082,916.277329701727));
#4636=CARTESIAN_POINT('',(-1229.68374997319,-0.946045807666484,916.272225853215));
#4637=CARTESIAN_POINT('',(-1229.8009296319,-0.349170934798225,916.266845037766));
#4638=CARTESIAN_POINT('',(-1229.80093842959,0.247696212582122,916.261464293712));
#4639=CARTESIAN_POINT('',(-1229.80093843,0.24769623897,916.261467221));
#4640=CARTESIAN_POINT('',(-1229.80093843,-0.34918211132,916.266848098));
#4641=CARTESIAN_POINT('',(-1229.68376318,-0.946069917993,916.27222906));
#4642=CARTESIAN_POINT('',(-1229.44923655,-1.51223484114,916.277333054));
#4643=CARTESIAN_POINT('',(-1228.77079962,-2.52205239813,916.28643659));
#4644=CARTESIAN_POINT('',(-1227.76094103,-3.20046175727,916.292552472));
#4645=CARTESIAN_POINT('',(-1227.1947531,-3.43497886394,916.29466665));
#4646=CARTESIAN_POINT('',(-1226.59784104,-3.55214935596,916.295722946));
#4647=CARTESIAN_POINT('',(-1226.00093843,-3.55214935596,916.295722946));
#4648=CARTESIAN_POINT('',(-1229.80093843,-0.616132175469,820.440561222));
#4649=CARTESIAN_POINT('',(-1229.80093843,-1.21301990155,820.444902082));
#4650=CARTESIAN_POINT('',(-1229.68376318,-1.80991708416,820.44924301));
#4651=CARTESIAN_POINT('',(-1229.44923655,-2.37609090064,820.453360503));
#4652=CARTESIAN_POINT('',(-1228.77079962,-3.38592431988,820.460704505));
#4653=CARTESIAN_POINT('',(-1227.76094103,-4.0643443355,820.465638307));
#4654=CARTESIAN_POINT('',(-1227.1947531,-4.29886512597,820.467343857));
#4655=CARTESIAN_POINT('',(-1226.59784104,-4.41603745852,820.468195992));
#4656=CARTESIAN_POINT('',(-1226.00093843,-4.41603745852,820.468195992));
#4657=CARTESIAN_POINT('',(-1229.80093843,-1.27128658176,724.613943633));
#4658=CARTESIAN_POINT('',(-1229.80093843,-1.86818136492,724.61725038));
#4659=CARTESIAN_POINT('',(-1229.68376318,-2.46508560472,724.620557179));
#4660=CARTESIAN_POINT('',(-1229.44923655,-3.03126611515,724.623693772));
#4661=CARTESIAN_POINT('',(-1228.77079962,-4.04111147379,724.62928823));
#4662=CARTESIAN_POINT('',(-1227.76094103,-4.71953951046,724.633046664));
#4663=CARTESIAN_POINT('',(-1227.1947531,-4.9540630737,724.634345905));
#4664=CARTESIAN_POINT('',(-1226.59784104,-5.07123679159,724.634995037));
#4665=CARTESIAN_POINT('',(-1226.00093843,-5.07123679159,724.634995037));
#4666=CARTESIAN_POINT('',(-1229.80093843,-1.71768039564,628.793336982));
#4667=CARTESIAN_POINT('',(-1229.80093843,-2.31458009832,628.795595458));
#4668=CARTESIAN_POINT('',(-1229.68376318,-2.91148925772,628.797853971));
#4669=CARTESIAN_POINT('',(-1229.44923655,-3.47767443452,628.799996233));
#4670=CARTESIAN_POINT('',(-1228.77079962,-4.48752811615,628.803817195));
#4671=CARTESIAN_POINT('',(-1227.76094103,-5.16596174432,628.80638417));
#4672=CARTESIAN_POINT('',(-1227.1947531,-5.40048724047,628.807271539));
#4673=CARTESIAN_POINT('',(-1226.59784104,-5.51766192408,628.80771489));
#4674=CARTESIAN_POINT('',(-1226.00093843,-5.51766192408,628.80771489));
#4675=CARTESIAN_POINT('',(-1229.80093843,-2.07424637844,485.053228768));
#4676=CARTESIAN_POINT('',(-1229.80093843,-2.67114992011,485.053930575));
#4677=CARTESIAN_POINT('',(-1229.68376318,-3.26806291856,485.054632393));
#4678=CARTESIAN_POINT('',(-1229.44923655,-3.83425173682,485.055298087));
#4679=CARTESIAN_POINT('',(-1228.77079962,-4.84411191339,485.056485426));
#4680=CARTESIAN_POINT('',(-1227.76094103,-5.52254990494,485.057283097));
#4681=CARTESIAN_POINT('',(-1227.1947531,-5.75707690945,485.057558841));
#4682=CARTESIAN_POINT('',(-1226.59784104,-5.87425234668,485.05769661));
#4683=CARTESIAN_POINT('',(-1226.00093843,-5.87425234668,485.05769661));
#4684=CARTESIAN_POINT('',(-1229.80093843,-1.96119741706,341.314013041));
#4685=CARTESIAN_POINT('',(-1229.80093843,-2.55809974728,341.313153012));
#4686=CARTESIAN_POINT('',(-1229.68376318,-3.15501153426,341.31229297));
#4687=CARTESIAN_POINT('',(-1229.44923655,-3.7211992034,341.311477196));
#4688=CARTESIAN_POINT('',(-1228.77079962,-4.73105733039,341.310022173));
#4689=CARTESIAN_POINT('',(-1227.76094103,-5.40949394501,341.309044669));
#4690=CARTESIAN_POINT('',(-1227.1947531,-5.64402047353,341.308706758));
#4691=CARTESIAN_POINT('',(-1226.59784104,-5.76119567295,341.30853793));
#4692=CARTESIAN_POINT('',(-1226.00093843,-5.76119567295,341.30853793));
#4693=CARTESIAN_POINT('',(-1229.80093843,-1.87133881053,293.400652219));
#4694=CARTESIAN_POINT('',(-1229.80093843,-2.46824016028,293.399272723));
#4695=CARTESIAN_POINT('',(-1229.68376318,-3.06515096677,293.397893206));
#4696=CARTESIAN_POINT('',(-1229.44923655,-3.6313377059,293.396584694));
#4697=CARTESIAN_POINT('',(-1228.77079962,-4.6411941741,293.39425082));
#4698=CARTESIAN_POINT('',(-1227.76094103,-5.31962967432,293.392682891));
#4699=CARTESIAN_POINT('',(-1227.1947531,-5.55415581762,293.392140878));
#4700=CARTESIAN_POINT('',(-1226.59784104,-5.67133082456,293.391870076));
#4701=CARTESIAN_POINT('',(-1226.00093843,-5.67133082456,293.391870076));
#4702=CARTESIAN_POINT('',(-1229.80093843,-1.65828215936,221.531289869));
#4703=CARTESIAN_POINT('',(-1229.80093843,-2.25518119666,221.529130317));
#4704=CARTESIAN_POINT('',(-1229.68376318,-2.85208969067,221.526970731));
#4705=CARTESIAN_POINT('',(-1229.44923655,-3.41827423634,221.524922303));
#4706=CARTESIAN_POINT('',(-1228.77079962,-4.42812679226,221.521268706));
#4707=CARTESIAN_POINT('',(-1227.76094103,-5.10655966417,221.518814169));
#4708=CARTESIAN_POINT('',(-1227.1947531,-5.34108489889,221.517965668));
#4709=CARTESIAN_POINT('',(-1226.59784104,-5.45825945188,221.517541736));
#4710=CARTESIAN_POINT('',(-1226.00093843,-5.45825945188,221.517541736));
#4711=CARTESIAN_POINT('',(-1229.80093843,-1.32782629372,149.662788344));
#4712=CARTESIAN_POINT('',(-1229.80093843,-1.92472174434,149.659848746));
#4713=CARTESIAN_POINT('',(-1229.68376318,-2.52162665162,149.656909101));
#4714=CARTESIAN_POINT('',(-1229.44923655,-3.08780779517,149.654120765));
#4715=CARTESIAN_POINT('',(-1228.77079962,-4.09765428304,149.64914746));
#4716=CARTESIAN_POINT('',(-1227.76094103,-4.77608307835,149.645806326));
#4717=CARTESIAN_POINT('',(-1227.1947531,-5.01060690384,149.64465134));
#4718=CARTESIAN_POINT('',(-1226.59784104,-5.12778075275,149.644074281));
#4719=CARTESIAN_POINT('',(-1226.00093843,-5.12778075275,149.644074281));
#4720=CARTESIAN_POINT('',(-1229.80093843,-1.20463003897,125.706731082));
#4721=CARTESIAN_POINT('',(-1229.80093843,-1.80152415245,125.703531469));
#4722=CARTESIAN_POINT('',(-1229.68376318,-2.39842772257,125.700331806));
#4723=CARTESIAN_POINT('',(-1229.44923655,-2.96460759779,125.697296835));
#4724=CARTESIAN_POINT('',(-1228.77079962,-3.97445182345,125.69188363));
#4725=CARTESIAN_POINT('',(-1227.76094103,-4.65287909897,125.688246964));
#4726=CARTESIAN_POINT('',(-1227.1947531,-4.88740239909,125.686989817));
#4727=CARTESIAN_POINT('',(-1226.59784104,-5.00457598551,125.686361716));
#4728=CARTESIAN_POINT('',(-1226.00093843,-5.00457598551,125.686361716));
#4729=CARTESIAN_POINT('',(-1229.80093843,-1.00026931171,89.7728244214));
#4730=CARTESIAN_POINT('',(-1229.80093843,-1.59716120711,89.7692347896));
#4731=CARTESIAN_POINT('',(-1229.68376318,-2.19406255912,89.7656451009));
#4732=CARTESIAN_POINT('',(-1229.44923655,-2.76024033039,89.7622401799));
#4733=CARTESIAN_POINT('',(-1228.77079962,-3.77008080344,89.7561671279));
#4734=CARTESIAN_POINT('',(-1227.76094103,-4.4485055579,89.7520871678));
#4735=CARTESIAN_POINT('',(-1227.1947531,-4.68302798652,89.7506767798));
#4736=CARTESIAN_POINT('',(-1226.59784104,-4.80020113752,89.7499721154));
#4737=CARTESIAN_POINT('',(-1226.00093843,-4.80020113752,89.7499721154));
#4738=CARTESIAN_POINT('',(-1229.80093843,-0.766559244043,53.8391905871));
#4739=CARTESIAN_POINT('',(-1229.80093843,-1.36344860282,53.8352109393));
#4740=CARTESIAN_POINT('',(-1229.68376318,-1.96034741815,53.8312312283));
#4741=CARTESIAN_POINT('',(-1229.44923655,-2.52652278332,53.8274563603));
#4742=CARTESIAN_POINT('',(-1228.77079962,-3.53635896481,53.8207234669));
#4743=CARTESIAN_POINT('',(-1227.76094103,-4.21478083615,53.8162002163));
#4744=CARTESIAN_POINT('',(-1227.1947531,-4.44930226812,53.8146365886));
#4745=CARTESIAN_POINT('',(-1226.59784104,-4.56647492117,53.8138553619));
#4746=CARTESIAN_POINT('',(-1226.00093843,-4.56647492117,53.8138553619));
#4747=CARTESIAN_POINT('',(-1229.80093843,-0.685394860183,41.8613431772));
#4748=CARTESIAN_POINT('',(-1229.80093843,-1.28228333802,41.8572335244));
#4749=CARTESIAN_POINT('',(-1229.68376318,-1.8791812724,41.8531238064));
#4750=CARTESIAN_POINT('',(-1229.44923655,-2.44535580196,41.849225623));
#4751=CARTESIAN_POINT('',(-1228.77079962,-3.45519049306,41.8422727832));
#4752=CARTESIAN_POINT('',(-1227.76094103,-4.13361136312,41.8376017695));
#4753=CARTESIAN_POINT('',(-1227.1947531,-4.36813244896,41.835987062));
#4754=CARTESIAN_POINT('',(-1226.59784104,-4.48530492908,41.8351803147));
#4755=CARTESIAN_POINT('',(-1226.00093843,-4.48530492908,41.8351803147));
#4756=CARTESIAN_POINT('',(-1229.80093843,-0.538315636861,20.9945422705));
#4757=CARTESIAN_POINT('',(-1229.80093843,-1.13520251834,20.990206134));
#4758=CARTESIAN_POINT('',(-1229.68376318,-1.73209885633,20.9858699288));
#4759=CARTESIAN_POINT('',(-1229.44923655,-2.29827187167,20.9817569159));
#4760=CARTESIAN_POINT('',(-1228.77079962,-3.30810386199,20.9744209038));
#4761=CARTESIAN_POINT('',(-1227.76094103,-3.98652291764,20.9694924697));
#4762=CARTESIAN_POINT('',(-1227.1947531,-4.22104337626,20.9677887755));
#4763=CARTESIAN_POINT('',(-1226.59784104,-4.338215543,20.9669375682));
#4764=CARTESIAN_POINT('',(-1226.00093843,-4.338215543,20.9669375682));
#4765=CARTESIAN_POINT('',(-1229.80093843,-0.381339311136,0.127830637205));
#4766=CARTESIAN_POINT('',(-1229.80093843,-0.978224488828,0.123268018155));
#4767=CARTESIAN_POINT('',(-1229.68376318,-1.57511912301,0.118705326819));
#4768=CARTESIAN_POINT('',(-1229.44923655,-2.14129052224,0.114377485372));
#4769=CARTESIAN_POINT('',(-1228.77079962,-3.15111963005,0.106658303029));
#4770=CARTESIAN_POINT('',(-1227.76094103,-3.82953674918,0.101472449891));
#4771=CARTESIAN_POINT('',(-1227.1947531,-4.06405653837,0.0996797693257));
#4772=CARTESIAN_POINT('',(-1226.59784104,-4.18122837065,0.0987841021955));
#4773=CARTESIAN_POINT('',(-1226.00093843,-4.18122837065,0.0987841021956));
#4774=CARTESIAN_POINT('',(-1229.80093843,-0.312673481676,-8.76109924655));
#4775=CARTESIAN_POINT('',(-1229.80093843,-0.909557914085,-8.76575834398));
#4776=CARTESIAN_POINT('',(-1229.68376318,-1.50645180297,-8.77041751523));
#4777=CARTESIAN_POINT('',(-1229.44923655,-2.07262249527,-8.7748368706));
#4778=CARTESIAN_POINT('',(-1228.77079962,-3.08245034218,-8.7827192781));
#4779=CARTESIAN_POINT('',(-1227.76094103,-3.76086661423,-8.78801478816));
#4780=CARTESIAN_POINT('',(-1227.1947531,-3.9953861106,-8.78984537566));
#4781=CARTESIAN_POINT('',(-1226.59784104,-4.11255779658,-8.79075998203));
#4782=CARTESIAN_POINT('',(-1226.00093843,-4.11255779658,-8.79075998203));
#4783=CARTESIAN_POINT('',(-1229.80093843,-0.217726912364,-20.7388231346));
#4784=CARTESIAN_POINT('',(-1229.80093843,-0.814610314246,-20.7436122355));
#4785=CARTESIAN_POINT('',(-1229.68376318,-1.41150317259,-20.7484014122));
#4786=CARTESIAN_POINT('',(-1229.44923655,-1.97767288739,-20.7529440814));
#4787=CARTESIAN_POINT('',(-1228.77079962,-2.98749899082,-20.7610464328));
#4788=CARTESIAN_POINT('',(-1227.76094103,-3.66591409158,-20.7664897041));
#4789=CARTESIAN_POINT('',(-1227.1947531,-3.90043318305,-20.7683713708));
#4790=CARTESIAN_POINT('',(-1226.59784104,-4.01760466672,-20.7693114975));
#4791=CARTESIAN_POINT('',(-1226.00093843,-4.01760466672,-20.7693114975));
#4792=CARTESIAN_POINT('',(-1229.80093843,-0.119519361641,-32.7165205142));
#4793=CARTESIAN_POINT('',(-1229.80093843,-0.716401697601,-32.7214396181));
#4794=CARTESIAN_POINT('',(-1229.68376318,-1.31329349001,-32.7263587999));
#4795=CARTESIAN_POINT('',(-1229.44923655,-1.87946219373,-32.7310247826));
#4796=CARTESIAN_POINT('',(-1228.77079962,-2.88928649381,-32.7393470772));
#4797=CARTESIAN_POINT('',(-1227.76094103,-3.56770038304,-32.7449381095));
#4798=CARTESIAN_POINT('',(-1227.1947531,-3.8022190557,-32.7468708551));
#4799=CARTESIAN_POINT('',(-1226.59784104,-3.91939033014,-32.7478365022));
#4800=CARTESIAN_POINT('',(-1226.00093843,-3.91939033014,-32.7478365022));
#4801=CARTESIAN_POINT('',(-1229.80093843,-0.0939599909058,-35.8072381773));
#4802=CARTESIAN_POINT('',(-1229.80093843,-0.690842050565,-35.8121907057));
#4803=CARTESIAN_POINT('',(-1229.68376318,-1.28773356667,-35.8171433126));
#4804=CARTESIAN_POINT('',(-1229.44923655,-1.8539020083,-35.821841));
#4805=CARTESIAN_POINT('',(-1228.77079962,-2.86372584093,-35.8302198433));
#4806=CARTESIAN_POINT('',(-1227.76094103,-3.54213941612,-35.8358488658));
#4807=CARTESIAN_POINT('',(-1227.1947531,-3.77665798022,-35.8377947441));
#4808=CARTESIAN_POINT('',(-1226.59784104,-3.89382920041,-35.8387669526));
#4809=CARTESIAN_POINT('',(-1226.00093843,-3.89382920041,-35.8387669526));
#4810=CARTESIAN_POINT('',(-1229.80093843,-0.0681548979266,-38.9013589246));
#4811=CARTESIAN_POINT('',(-1229.80093843,-0.66503668069,-38.9063446898));
#4812=CARTESIAN_POINT('',(-1229.68376318,-1.26192791989,-38.9113305339));
#4813=CARTESIAN_POINT('',(-1229.44923655,-1.82809609888,-38.9160597477));
#4814=CARTESIAN_POINT('',(-1228.77079962,-2.83791946304,-38.9244948219));
#4815=CARTESIAN_POINT('',(-1227.76094103,-3.51633272352,-38.9301616211));
#4816=CARTESIAN_POINT('',(-1227.1947531,-3.75085117882,-38.9321205583));
#4817=CARTESIAN_POINT('',(-1226.59784104,-3.86802234466,-38.9330992913));
#4818=CARTESIAN_POINT('',(-1226.00093843,-3.86802234466,-38.9330992913));
#4819=CARTESIAN_POINT('',(-1229.80093843,-0.0420960415955,-42.0000056648));
#4820=CARTESIAN_POINT('',(-1229.80093843,-0.638977547602,-42.0050244034));
#4821=CARTESIAN_POINT('',(-1229.68376318,-1.23586851004,-42.0100432215));
#4822=CARTESIAN_POINT('',(-1229.44923655,-1.80203642652,-42.014803712));
#4823=CARTESIAN_POINT('',(-1228.77079962,-2.81185932245,-42.0232945717));
#4824=CARTESIAN_POINT('',(-1227.76094103,-3.49027226836,-42.0289988483));
#4825=CARTESIAN_POINT('',(-1227.1947531,-3.72479061493,-42.0309707409));
#4826=CARTESIAN_POINT('',(-1226.59784104,-3.84196172644,-42.0319559468));
#4827=CARTESIAN_POINT('',(-1226.00093843,-3.84196172644,-42.0319559468));
#4828=CARTESIAN_POINT('',(-1226.00093843185,-0.679479427283,939.556279213));
#4829=CARTESIAN_POINT('',(-1226.00093843185,-1.25921246629,937.153398535));
#4830=CARTESIAN_POINT('',(-1226.00093843185,-1.84755713858,934.689698936));
#4831=CARTESIAN_POINT('',(-1226.00093843185,-2.3788574736,932.15680955));
#4832=CARTESIAN_POINT('',(-1226.00093843185,-2.97225975905,928.359904772));
#4833=CARTESIAN_POINT('',(-1226.00093843185,-3.30067141141,924.552003207));
#4834=CARTESIAN_POINT('',(-1226.00093844185,-3.37894184286,923.339289297));
#4835=CARTESIAN_POINT('',(-1226.00093843185,-3.45621334793,921.659396611));
#4836=CARTESIAN_POINT('',(-1226.00093843185,-3.50067509496,919.999126611));
#4837=CARTESIAN_POINT('',(-1226.00093844185,-3.51100562967,919.530273928));
#4838=CARTESIAN_POINT('',(-1226.00093844185,-3.52370919252,918.829871501));
#4839=CARTESIAN_POINT('',(-1226.00093844185,-3.53321552172,918.134109675));
#4840=CARTESIAN_POINT('',(-1226.00093844185,-3.53608411244,917.902722783));
#4841=CARTESIAN_POINT('',(-1226.00093844185,-3.54002211183,917.556468086));
#4842=CARTESIAN_POINT('',(-1226.00093844185,-3.54354387828,917.211485296));
#4843=CARTESIAN_POINT('',(-1226.00093843185,-3.54467883549,917.096634213));
#4844=CARTESIAN_POINT('',(-1226.00093843185,-3.54633387407,916.924574975));
#4845=CARTESIAN_POINT('',(-1226.00093843185,-3.54793454298,916.752845445));
#4846=CARTESIAN_POINT('',(-1226.00093843185,-3.54845556119,916.696464072));
#4847=CARTESIAN_POINT('',(-1226.00093843185,-3.5495189458,916.580475512));
#4848=CARTESIAN_POINT('',(-1226.00093843185,-3.55053966014,916.467935682));
#4849=CARTESIAN_POINT('',(-1226.00093843185,-3.55109331844,916.406636964));
#4850=CARTESIAN_POINT('',(-1226.00093843185,-3.55155407662,916.355544433));
#4851=CARTESIAN_POINT('',(-1226.00093843185,-3.55209339311,916.295716195));
#4852=CARTESIAN_POINT('',(-1226.00093843,-0.679479427283,939.556279213));
#4853=CARTESIAN_POINT('',(-1226.00093843,-0.679448583909,939.556308491));
#4854=CARTESIAN_POINT('',(-1226.59784104,-0.679448583909,939.556308491));
#4855=CARTESIAN_POINT('',(-1227.1947531,-0.565541563611,939.528827041));
#4856=CARTESIAN_POINT('',(-1227.76094103,-0.337556305819,939.473822832));
#4857=CARTESIAN_POINT('',(-1228.7707957226,0.321955223702852,939.314707675083));
#4858=CARTESIAN_POINT('',(-1229.44923131335,1.30364197234491,939.077863839134));
#4859=CARTESIAN_POINT('',(-1229.68375774926,1.85403271310544,938.945075396887));
#4860=CARTESIAN_POINT('',(-1229.8009348122,2.43429063050442,938.805081136328));
#4861=CARTESIAN_POINT('',(-1229.80093842993,3.01454004686447,938.665088925828));
#4862=CARTESIAN_POINT('',(-1229.80093843,0.247752203609,916.261460666));
#4863=CARTESIAN_POINT('',(-1229.80093843,-0.349126146962,916.266841511));
#4864=CARTESIAN_POINT('',(-1229.68376318,-0.946013953915,916.272222443));
#4865=CARTESIAN_POINT('',(-1229.44923655,-1.51217887732,916.277326408));
#4866=CARTESIAN_POINT('',(-1228.77079962,-2.52199643479,916.286429892));
#4867=CARTESIAN_POINT('',(-1227.76094103,-3.20040579425,916.292545738));
#4868=CARTESIAN_POINT('',(-1227.1947531,-3.43492290103,916.294659905));
#4869=CARTESIAN_POINT('',(-1226.59784104,-3.55209339311,916.295716195));
#4870=CARTESIAN_POINT('',(-1226.00093843,-3.55209339311,916.295716195));
#4871=CARTESIAN_POINT('',(-1229.80093843,0.248291464941,916.321282797));
#4872=CARTESIAN_POINT('',(-1229.80093843,-0.348586876966,916.326664602));
#4873=CARTESIAN_POINT('',(-1229.68376318,-0.945474675256,916.332046492));
#4874=CARTESIAN_POINT('',(-1229.44923655,-1.51163959045,916.337151367));
#4875=CARTESIAN_POINT('',(-1228.77079962,-2.52145713326,916.346256474));
#4876=CARTESIAN_POINT('',(-1227.76094103,-3.19986648287,916.352373411));
#4877=CARTESIAN_POINT('',(-1227.1947531,-3.43438358625,916.354487955));
#4878=CARTESIAN_POINT('',(-1226.59784104,-3.55155407662,916.355544433));
#4879=CARTESIAN_POINT('',(-1226.00093843,-3.55155407662,916.355544433));
#4880=CARTESIAN_POINT('',(-1229.80093843,0.248751879661,916.372337203));
#4881=CARTESIAN_POINT('',(-1229.80093843,-0.348126408295,916.377724997));
#4882=CARTESIAN_POINT('',(-1229.68376318,-0.945014152632,916.383112876));
#4883=CARTESIAN_POINT('',(-1229.44923655,-1.51117901665,916.388223431));
#4884=CARTESIAN_POINT('',(-1228.77079962,-2.52099646818,916.39733867));
#4885=CARTESIAN_POINT('',(-1227.76094103,-3.19940575647,916.403462414));
#4886=CARTESIAN_POINT('',(-1227.1947531,-3.43392283865,916.405579311));
#4887=CARTESIAN_POINT('',(-1226.59784104,-3.55109331844,916.406636964));
#4888=CARTESIAN_POINT('',(-1226.00093843,-3.55109331844,916.406636964));
#4889=CARTESIAN_POINT('',(-1229.80093843,0.249304794811,916.433553388));
#4890=CARTESIAN_POINT('',(-1229.80093843,-0.347573376412,916.438954146));
#4891=CARTESIAN_POINT('',(-1229.68376318,-0.944461004013,916.44435499));
#4892=CARTESIAN_POINT('',(-1229.44923655,-1.5106257573,916.449477842));
#4893=CARTESIAN_POINT('',(-1228.77079962,-2.52044301134,916.458615014));
#4894=CARTESIAN_POINT('',(-1227.76094103,-3.19885216696,916.464753493));
#4895=CARTESIAN_POINT('',(-1227.1947531,-3.43336920327,916.466875483));
#4896=CARTESIAN_POINT('',(-1226.59784104,-3.55053966014,916.467935682));
#4897=CARTESIAN_POINT('',(-1226.00093843,-3.55053966014,916.467935682));
#4898=CARTESIAN_POINT('',(-1229.80093843,0.250323401479,916.545859964));
#4899=CARTESIAN_POINT('',(-1229.80093843,-0.346554438671,916.551297362));
#4900=CARTESIAN_POINT('',(-1229.68376318,-0.943441735194,916.556734846));
#4901=CARTESIAN_POINT('',(-1229.44923655,-1.50960617445,916.561892452));
#4902=CARTESIAN_POINT('',(-1228.77079962,-2.51942286837,916.571091612));
#4903=CARTESIAN_POINT('',(-1227.76094103,-3.19783164769,916.577271735));
#4904=CARTESIAN_POINT('',(-1227.1947531,-3.43234855392,916.579408121));
#4905=CARTESIAN_POINT('',(-1226.59784104,-3.5495189458,916.580475512));
#4906=CARTESIAN_POINT('',(-1226.00093843,-3.5495189458,916.580475512));
#4907=CARTESIAN_POINT('',(-1229.80093843,0.251383271934,916.661464015));
#4908=CARTESIAN_POINT('',(-1229.80093843,-0.345494016213,916.666961811));
#4909=CARTESIAN_POINT('',(-1229.68376318,-0.942380760725,916.672459694));
#4910=CARTESIAN_POINT('',(-1229.44923655,-1.50854467638,916.677674592));
#4911=CARTESIAN_POINT('',(-1228.77079962,-2.51836043641,916.686975936));
#4912=CARTESIAN_POINT('',(-1227.76094103,-3.19676858832,916.693224707));
#4913=CARTESIAN_POINT('',(-1227.1947531,-3.43128527767,916.695384824));
#4914=CARTESIAN_POINT('',(-1226.59784104,-3.54845556118,916.696464072));
#4915=CARTESIAN_POINT('',(-1226.00093843,-3.54845556119,916.696464072));
#4916=CARTESIAN_POINT('',(-1229.80093843,0.251902190525,916.71761716));
#4917=CARTESIAN_POINT('',(-1229.80093843,-0.344974767815,916.723150806));
#4918=CARTESIAN_POINT('',(-1229.68376318,-0.941861182516,916.728684539));
#4919=CARTESIAN_POINT('',(-1229.44923655,-1.50802478533,916.733933442));
#4920=CARTESIAN_POINT('',(-1228.77079962,-2.51783998738,916.743295438));
#4921=CARTESIAN_POINT('',(-1227.76094103,-3.19624776444,916.749584957));
#4922=CARTESIAN_POINT('',(-1227.1947531,-3.4307643242,916.75175916));
#4923=CARTESIAN_POINT('',(-1226.59784104,-3.54793454298,916.752845445));
#4924=CARTESIAN_POINT('',(-1226.00093843,-3.54793454298,916.752845445));
#4925=CARTESIAN_POINT('',(-1229.80093843,0.253495460537,916.888549746));
#4926=CARTESIAN_POINT('',(-1229.80093843,-0.343380335587,916.894208576));
#4927=CARTESIAN_POINT('',(-1229.68376318,-0.940265588052,916.899867495));
#4928=CARTESIAN_POINT('',(-1229.44923655,-1.50642808846,916.90523514));
#4929=CARTESIAN_POINT('',(-1228.77079962,-2.51624132423,916.914808926));
#4930=CARTESIAN_POINT('',(-1227.76094103,-3.19464778032,916.921240728));
#4931=CARTESIAN_POINT('',(-1227.1947531,-3.42916388344,916.923464116));
#4932=CARTESIAN_POINT('',(-1226.59784104,-3.54633387407,916.924574975));
#4933=CARTESIAN_POINT('',(-1226.00093843,-3.54633387407,916.924574975));
#4934=CARTESIAN_POINT('',(-1229.80093843,0.25513972962,917.059482019));
#4935=CARTESIAN_POINT('',(-1229.80093843,-0.341734374834,917.065317872));
#4936=CARTESIAN_POINT('',(-1229.68376318,-0.938617935603,917.071153817));
#4937=CARTESIAN_POINT('',(-1229.44923655,-1.50477883139,917.076689376));
#4938=CARTESIAN_POINT('',(-1228.77079962,-2.51458920514,917.086562656));
#4939=CARTESIAN_POINT('',(-1227.76094103,-3.19299373849,917.093195661));
#4940=CARTESIAN_POINT('',(-1227.1947531,-3.42750917694,917.095488603));
#4941=CARTESIAN_POINT('',(-1226.59784104,-3.54467883549,917.096634213));
#4942=CARTESIAN_POINT('',(-1226.00093843,-3.54467883549,917.096634213));
#4943=CARTESIAN_POINT('',(-1229.80093843,0.256265907071,917.173436733));
#4944=CARTESIAN_POINT('',(-1229.80093843,-0.34060681826,917.179413387));
#4945=CARTESIAN_POINT('',(-1229.68376318,-0.937488999884,917.185390136));
#4946=CARTESIAN_POINT('',(-1229.44923655,-1.50364858751,917.191059251));
#4947=CARTESIAN_POINT('',(-1228.77079962,-2.51345662802,917.201170743));
#4948=CARTESIAN_POINT('',(-1227.76094103,-3.19185959386,917.207963782));
#4949=CARTESIAN_POINT('',(-1227.1947531,-3.42637449045,917.210312046));
#4950=CARTESIAN_POINT('',(-1226.59784104,-3.54354387827,917.211485296));
#4951=CARTESIAN_POINT('',(-1226.00093844,-3.54354387828,917.211485296));
#4952=CARTESIAN_POINT('',(-1229.80093843,0.259756064362,917.515300274));
#4953=CARTESIAN_POINT('',(-1229.80093843,-0.337111695812,917.521766898));
#4954=CARTESIAN_POINT('',(-1229.68376318,-0.933988912201,917.528233626));
#4955=CARTESIAN_POINT('',(-1229.44923655,-1.50014379016,917.534367499));
#4956=CARTESIAN_POINT('',(-1228.77079962,-2.50994343047,917.545307938));
#4957=CARTESIAN_POINT('',(-1227.76094103,-3.18834075294,917.552657876));
#4958=CARTESIAN_POINT('',(-1227.1947531,-3.42285369869,917.555198652));
#4959=CARTESIAN_POINT('',(-1226.59784104,-3.54002211182,917.556468086));
#4960=CARTESIAN_POINT('',(-1226.00093844,-3.54002211183,917.556468086));
#4961=CARTESIAN_POINT('',(-1229.80093843,0.263644814743,917.857160876));
#4962=CARTESIAN_POINT('',(-1229.80093843,-0.333215209414,917.864317724));
#4963=CARTESIAN_POINT('',(-1229.68376318,-0.930084689664,917.871474685));
#4964=CARTESIAN_POINT('',(-1229.44923655,-1.49623222968,917.878263264));
#4965=CARTESIAN_POINT('',(-1228.77079962,-2.50601878195,917.890371444));
#4966=CARTESIAN_POINT('',(-1227.76094103,-3.1844073117,917.898505886));
#4967=CARTESIAN_POINT('',(-1227.1947531,-3.41891721792,917.901317854));
#4968=CARTESIAN_POINT('',(-1226.59784104,-3.53608411243,917.902722783));
#4969=CARTESIAN_POINT('',(-1226.00093844,-3.53608411244,917.902722783));
#4970=CARTESIAN_POINT('',(-1229.80093843,0.266471105945,918.085065639));
#4971=CARTESIAN_POINT('',(-1229.80093843,-0.330382273819,918.092769458));
#4972=CARTESIAN_POINT('',(-1229.68376318,-0.927245109569,918.100473399));
#4973=CARTESIAN_POINT('',(-1229.44923655,-1.49338634709,918.107780805));
#4974=CARTESIAN_POINT('',(-1228.77079962,-2.50316165817,918.120814368));
#4975=CARTESIAN_POINT('',(-1227.76094103,-3.18154263592,918.129570496));
#4976=CARTESIAN_POINT('',(-1227.1947531,-3.41604993153,918.132597373));
#4977=CARTESIAN_POINT('',(-1226.59784104,-3.53321552171,918.134109675));
#4978=CARTESIAN_POINT('',(-1226.00093844,-3.53321552172,918.134109675));
#4979=CARTESIAN_POINT('',(-1229.80093843,0.275815006507,918.768767247));
#4980=CARTESIAN_POINT('',(-1229.80093843,-0.321012859026,918.778365481));
#4981=CARTESIAN_POINT('',(-1229.68376318,-0.917850180141,918.787963867));
#4982=CARTESIAN_POINT('',(-1229.44923655,-1.48396721631,918.797068207));
#4983=CARTESIAN_POINT('',(-1228.77079962,-2.49369936161,918.8133068));
#4984=CARTESIAN_POINT('',(-1227.76094103,-3.17205134,918.824216111));
#4985=CARTESIAN_POINT('',(-1227.1947531,-3.40654861091,918.827987315));
#4986=CARTESIAN_POINT('',(-1226.59784104,-3.52370919251,918.829871501));
#4987=CARTESIAN_POINT('',(-1226.00093844,-3.52370919252,918.829871501));
#4988=CARTESIAN_POINT('',(-1229.80093843,0.288223607134,919.452409895));
#4989=CARTESIAN_POINT('',(-1229.80093843,-0.308557925843,919.464640749));
#4990=CARTESIAN_POINT('',(-1229.68376318,-0.905348913669,919.476871796));
#4991=CARTESIAN_POINT('',(-1229.44923655,-1.4714220014,919.48847329));
#4992=CARTESIAN_POINT('',(-1228.77079962,-2.48107575983,919.509165832));
#4993=CARTESIAN_POINT('',(-1227.76094103,-3.15937507684,919.523067368));
#4994=CARTESIAN_POINT('',(-1227.1947531,-3.3938541434,919.527872944));
#4995=CARTESIAN_POINT('',(-1226.59784104,-3.51100562966,919.530273928));
#4996=CARTESIAN_POINT('',(-1226.00093844,-3.51100562967,919.530273928));
#4997=CARTESIAN_POINT('',(-1229.80093843,0.298275535755,919.908126855));
#4998=CARTESIAN_POINT('',(-1229.80093843,-0.298462233884,919.922421063));
#4999=CARTESIAN_POINT('',(-1229.68376318,-0.895209457677,919.936715498));
#5000=CARTESIAN_POINT('',(-1229.44923655,-1.46124103399,919.950274172));
#5001=CARTESIAN_POINT('',(-1228.77079962,-2.47082075222,919.974457563));
#5002=CARTESIAN_POINT('',(-1227.76094103,-3.14907032801,919.990704299));
#5003=CARTESIAN_POINT('',(-1227.1947531,-3.38353219969,919.996320579));
#5004=CARTESIAN_POINT('',(-1226.59784104,-3.50067509496,919.999126611));
#5005=CARTESIAN_POINT('',(-1226.00093843,-3.50067509496,919.999126611));
#5006=CARTESIAN_POINT('',(-1229.80093843,0.341355279012,921.515631139));
#5007=CARTESIAN_POINT('',(-1229.80093843,-0.255165405988,921.538213766));
#5008=CARTESIAN_POINT('',(-1229.68376318,-0.851695541705,921.560796751));
#5009=CARTESIAN_POINT('',(-1229.44923655,-1.41752120385,921.58221735));
#5010=CARTESIAN_POINT('',(-1228.77079962,-2.42673365147,921.620423349));
#5011=CARTESIAN_POINT('',(-1227.76094103,-3.10473648977,921.646090666));
#5012=CARTESIAN_POINT('',(-1227.1947531,-3.33911306758,921.654963517));
#5013=CARTESIAN_POINT('',(-1226.59784104,-3.45621334794,921.659396611));
#5014=CARTESIAN_POINT('',(-1226.00093843,-3.45621334793,921.659396611));
#5015=CARTESIAN_POINT('',(-1229.80093843,0.41544518004,923.122077377));
#5016=CARTESIAN_POINT('',(-1229.80093843,-0.180575739748,923.156196946));
#5017=CARTESIAN_POINT('',(-1229.68376318,-0.776606102333,923.190317055));
#5018=CARTESIAN_POINT('',(-1229.44923655,-1.34195771557,923.222680941));
#5019=CARTESIAN_POINT('',(-1228.77079962,-2.3503246447,923.2804055));
#5020=CARTESIAN_POINT('',(-1227.76094103,-3.02775945205,923.319185654));
#5021=CARTESIAN_POINT('',(-1227.1947531,-3.26193966911,923.332591439));
#5022=CARTESIAN_POINT('',(-1226.59784104,-3.37894184284,923.339289297));
#5023=CARTESIAN_POINT('',(-1226.00093844,-3.37894184286,923.339289297));
#5024=CARTESIAN_POINT('',(-1229.80093843,0.489982460175,924.273942787));
#5025=CARTESIAN_POINT('',(-1229.80093843,-0.105452057589,924.317620416));
#5026=CARTESIAN_POINT('',(-1229.68376318,-0.70089600886,924.361298736));
#5027=CARTESIAN_POINT('',(-1229.44923655,-1.26569139442,924.402728856));
#5028=CARTESIAN_POINT('',(-1228.77079962,-2.27306623016,924.476624041));
#5029=CARTESIAN_POINT('',(-1227.76094103,-2.94983453547,924.526267846));
#5030=CARTESIAN_POINT('',(-1227.1947531,-3.18378435163,924.543429049));
#5031=CARTESIAN_POINT('',(-1226.59784104,-3.30067141141,924.552003207));
#5032=CARTESIAN_POINT('',(-1226.00093843,-3.30067141141,924.552003207));
#5033=CARTESIAN_POINT('',(-1229.80093843,0.800797488658,927.876865005));
#5034=CARTESIAN_POINT('',(-1229.80093843,0.20812704211,927.952740714));
#5035=CARTESIAN_POINT('',(-1229.68376318,-0.384552794154,928.028617626));
#5036=CARTESIAN_POINT('',(-1229.44923655,-0.946726338655,928.100589017));
#5037=CARTESIAN_POINT('',(-1228.77079962,-1.94942483182,928.228957927));
#5038=CARTESIAN_POINT('',(-1227.76094103,-2.62305150571,928.315197931));
#5039=CARTESIAN_POINT('',(-1227.1947531,-2.8559153016,928.345009955));
#5040=CARTESIAN_POINT('',(-1226.59784104,-2.97225975905,928.359904772));
#5041=CARTESIAN_POINT('',(-1226.00093843,-2.97225975905,928.359904772));
#5042=CARTESIAN_POINT('',(-1229.80093843,1.36064670916,931.456155539));
#5043=CARTESIAN_POINT('',(-1229.80093843,0.773246765729,931.566214013));
#5044=CARTESIAN_POINT('',(-1229.68376318,0.185837516079,931.676274232));
#5045=CARTESIAN_POINT('',(-1229.44923655,-0.371336728332,931.780669454));
#5046=CARTESIAN_POINT('',(-1228.77079962,-1.36511841864,931.966869841));
#5047=CARTESIAN_POINT('',(-1227.76094103,-2.03275466141,932.091961829));
#5048=CARTESIAN_POINT('',(-1227.1947531,-2.26354764481,932.135204468));
#5049=CARTESIAN_POINT('',(-1226.59784104,-2.37885747361,932.15680955));
#5050=CARTESIAN_POINT('',(-1226.00093843,-2.3788574736,932.15680955));
#5051=CARTESIAN_POINT('',(-1229.80093843,1.86396618566,933.871216258));
#5052=CARTESIAN_POINT('',(-1229.80093843,1.28096146519,933.999783216));
#5053=CARTESIAN_POINT('',(-1229.68376318,0.697947508146,934.128352212));
#5054=CARTESIAN_POINT('',(-1229.44923655,0.144942322764,934.250303531));
#5055=CARTESIAN_POINT('',(-1228.77079962,-0.841403391142,934.467817153));
#5056=CARTESIAN_POINT('',(-1227.76094103,-1.50404404243,934.613945803));
#5057=CARTESIAN_POINT('',(-1227.1947531,-1.73311011618,934.664460537));
#5058=CARTESIAN_POINT('',(-1226.59784104,-1.8475571386,934.689698936));
#5059=CARTESIAN_POINT('',(-1226.00093843,-1.84755713858,934.689698936));
#5060=CARTESIAN_POINT('',(-1229.80093843,2.43646690998,936.269088219));
#5061=CARTESIAN_POINT('',(-1229.80093843,1.85595095105,936.407995359));
#5062=CARTESIAN_POINT('',(-1229.68376318,1.27542579498,936.546904699));
#5063=CARTESIAN_POINT('',(-1229.44923655,0.724781307524,936.678664127));
#5064=CARTESIAN_POINT('',(-1228.77079962,-0.257353841377,936.913671592));
#5065=CARTESIAN_POINT('',(-1227.76094103,-0.917165777047,937.071552848));
#5066=CARTESIAN_POINT('',(-1227.1947531,-1.14525400138,937.126130302));
#5067=CARTESIAN_POINT('',(-1226.59784104,-1.25921246629,937.153398535));
#5068=CARTESIAN_POINT('',(-1226.00093843,-1.25921246629,937.153398535));
#5069=CARTESIAN_POINT('',(-1229.80093843,3.01452854546,938.665041255));
#5070=CARTESIAN_POINT('',(-1229.80093843,2.43427512999,938.805036586));
#5071=CARTESIAN_POINT('',(-1229.68376318,1.85401252152,938.945034135));
#5072=CARTESIAN_POINT('',(-1229.44923655,1.30361706788,939.07782576));
#5073=CARTESIAN_POINT('',(-1228.77079962,0.321926098245,939.314674262));
#5074=CARTESIAN_POINT('',(-1227.76094103,-0.33758743167,939.473792351));
#5075=CARTESIAN_POINT('',(-1227.1947531,-0.565572501097,939.528797362));
#5076=CARTESIAN_POINT('',(-1226.59784104,-0.679479427284,939.556279213));
#5077=CARTESIAN_POINT('',(-1226.00093843,-0.679479427283,939.556279213));
#5078=CARTESIAN_POINT('',(-1226.00093843,41.005817923882,1078.60566810903));
#5079=CARTESIAN_POINT('',(-1226.00093843,40.7189969973635,1077.80894068417));
#5080=CARTESIAN_POINT('',(-1226.00093843,40.4327680395764,1077.01188822374));
#5081=CARTESIAN_POINT('',(-1226.00093843,40.1455872438487,1076.21019471218));
#5082=CARTESIAN_POINT('',(-1226.00093843,38.9238982464774,1072.7912282444));
#5083=CARTESIAN_POINT('',(-1226.00093843,37.7137639671,1069.36813825));
#5084=CARTESIAN_POINT('',(-1226.00093843,36.792674196,1066.74101314));
#5085=CARTESIAN_POINT('',(-1226.00093843,34.6860294591,1060.68217701));
#5086=CARTESIAN_POINT('',(-1226.00093843,32.6156347876,1054.61082736));
#5087=CARTESIAN_POINT('',(-1226.00093843,31.4554192421,1051.17045437));
#5088=CARTESIAN_POINT('',(-1226.00093843,28.0097609364,1040.83761019));
#5089=CARTESIAN_POINT('',(-1226.00093843,24.6692850387,1030.47004636));
#5090=CARTESIAN_POINT('',(-1226.00093843,22.4892333986,1023.5432609));
#5091=CARTESIAN_POINT('',(-1226.00093843,16.0905120213,1002.71936067));
#5092=CARTESIAN_POINT('',(-1226.00093843,10.1174647234,981.76719244));
#5093=CARTESIAN_POINT('',(-1226.00093843,6.32629685832,967.746796517));
#5094=CARTESIAN_POINT('',(-1226.00093843,2.72667889413,953.673965523));
#5095=CARTESIAN_POINT('',(-1226.00093843,-0.679448583909,939.556308491));
#5096=CARTESIAN_POINT('',(-1226.00093844,41.0057743377,1078.6056838));
#5097=CARTESIAN_POINT('',(-1226.00093844,41.0057838725256,1078.60571168115));
#5098=CARTESIAN_POINT('',(-1226.99577612167,41.005782719317,1078.60570847007));
#5099=CARTESIAN_POINT('',(-1227.98448774397,41.3911116563653,1078.46699006916));
#5100=CARTESIAN_POINT('',(-1229.3914006731,42.7148600109874,1077.99044595966));
#5101=CARTESIAN_POINT('',(-1229.80093843,43.6451279936228,1077.65555469162));
#5102=CARTESIAN_POINT('',(-1229.80093843,44.5811599148,1077.31858846));
#5103=CARTESIAN_POINT('',(-1229.80093843,3.01456244088,938.665083523));
#5104=CARTESIAN_POINT('',(-1229.80093843,2.43430854599,938.805076814));
#5105=CARTESIAN_POINT('',(-1229.68376318,1.85404545811,938.945072322));
#5106=CARTESIAN_POINT('',(-1229.44923655,1.30364954972,939.077862011));
#5107=CARTESIAN_POINT('',(-1228.77079962,0.321957768997,939.314707061));
#5108=CARTESIAN_POINT('',(-1227.76094103,-0.337556305819,939.473822832));
#5109=CARTESIAN_POINT('',(-1227.1947531,-0.565541563611,939.528827041));
#5110=CARTESIAN_POINT('',(-1226.59784104,-0.679448583909,939.556308491));
#5111=CARTESIAN_POINT('',(-1226.00093843,-0.679448583909,939.556308491));
#5112=CARTESIAN_POINT('',(-1229.80093843,6.41106079522,952.742830461));
#5113=CARTESIAN_POINT('',(-1229.80093843,5.83231943955,952.889092815));
#5114=CARTESIAN_POINT('',(-1229.68376318,5.25356891484,953.035357485));
#5115=CARTESIAN_POINT('',(-1229.44923655,4.7046077153,953.174093652));
#5116=CARTESIAN_POINT('',(-1228.77079962,3.72547489597,953.421544899));
#5117=CARTESIAN_POINT('',(-1227.76094103,3.0676799667,953.587786059));
#5118=CARTESIAN_POINT('',(-1227.1947531,2.84028899469,953.645253421));
#5119=CARTESIAN_POINT('',(-1226.59784104,2.72667889413,953.673965523));
#5120=CARTESIAN_POINT('',(-1226.00093843,2.72667889413,953.673965523));
#5121=CARTESIAN_POINT('',(-1229.80093843,10.0000576483,966.774062264));
#5122=CARTESIAN_POINT('',(-1229.80093843,9.42298465286,966.926859004));
#5123=CARTESIAN_POINT('',(-1229.68376318,8.84590251482,967.079658163));
#5124=CARTESIAN_POINT('',(-1229.44923655,8.29852382709,967.224592477));
#5125=CARTESIAN_POINT('',(-1228.77079962,7.32221359204,967.483098804));
#5126=CARTESIAN_POINT('',(-1227.76094103,6.66631491382,967.656766918));
#5127=CARTESIAN_POINT('',(-1227.1947531,6.43957945062,967.716801679));
#5128=CARTESIAN_POINT('',(-1226.59784104,6.32629685832,967.746796517));
#5129=CARTESIAN_POINT('',(-1226.00093843,6.32629685832,967.746796517));
#5130=CARTESIAN_POINT('',(-1229.80093843,13.7806414274,980.755431907));
#5131=CARTESIAN_POINT('',(-1229.80093843,13.2052309763,980.91435888));
#5132=CARTESIAN_POINT('',(-1229.68376318,12.6298114089,981.073288371));
#5133=CARTESIAN_POINT('',(-1229.44923655,12.0840097164,981.224037476));
#5134=CARTESIAN_POINT('',(-1228.77079962,11.1105122261,981.492915125));
#5135=CARTESIAN_POINT('',(-1227.76094103,10.4565031886,981.673550837));
#5136=CARTESIAN_POINT('',(-1227.1947531,10.2304209491,981.735994204));
#5137=CARTESIAN_POINT('',(-1226.59784104,10.1174647234,981.76719244));
#5138=CARTESIAN_POINT('',(-1226.00093843,10.1174647234,981.76719244));
#5139=CARTESIAN_POINT('',(-1229.80093843,19.7365781723,1001.64753717));
#5140=CARTESIAN_POINT('',(-1229.80093843,19.1638554406,1001.81589882));
#5141=CARTESIAN_POINT('',(-1229.68376318,18.5911236352,1001.98426312));
#5142=CARTESIAN_POINT('',(-1229.44923655,18.0478713607,1002.14396142));
#5143=CARTESIAN_POINT('',(-1228.77079962,17.0789210385,1002.42880094));
#5144=CARTESIAN_POINT('',(-1227.76094103,16.4279668513,1002.62016005));
#5145=CARTESIAN_POINT('',(-1227.1947531,16.202940633,1002.68631036));
#5146=CARTESIAN_POINT('',(-1226.59784104,16.0905120213,1002.71936067));
#5147=CARTESIAN_POINT('',(-1226.00093843,16.0905120213,1002.71936067));
#5148=CARTESIAN_POINT('',(-1229.80093843,26.1171298044,1022.4123404));
#5149=CARTESIAN_POINT('',(-1229.80093843,25.5472611696,1022.58998497));
#5150=CARTESIAN_POINT('',(-1229.68376318,24.9773835063,1022.76763237));
#5151=CARTESIAN_POINT('',(-1229.44923655,24.4368384661,1022.93613593));
#5152=CARTESIAN_POINT('',(-1228.77079962,23.4727167949,1023.23668061));
#5153=CARTESIAN_POINT('',(-1227.76094103,22.8250065619,1023.43859067));
#5154=CARTESIAN_POINT('',(-1227.1947531,22.6011017354,1023.5083883));
#5155=CARTESIAN_POINT('',(-1226.59784104,22.4892333986,1023.5432609));
#5156=CARTESIAN_POINT('',(-1226.00093843,22.4892333986,1023.5432609));
#5157=CARTESIAN_POINT('',(-1229.80093843,28.2909710471,1029.31938175));
#5158=CARTESIAN_POINT('',(-1229.80093843,27.7220779392,1029.50012772));
#5159=CARTESIAN_POINT('',(-1229.68376318,27.1531758183,1029.68087656));
#5160=CARTESIAN_POINT('',(-1229.44923655,26.6135561076,1029.85232193));
#5161=CARTESIAN_POINT('',(-1228.77079962,25.6510848635,1030.15811366));
#5162=CARTESIAN_POINT('',(-1227.76094103,25.0044834102,1030.36354875));
#5163=CARTESIAN_POINT('',(-1227.1947531,24.7809618742,1030.43456494));
#5164=CARTESIAN_POINT('',(-1226.59784104,24.6692850387,1030.47004636));
#5165=CARTESIAN_POINT('',(-1226.00093843,24.6692850387,1030.47004636));
#5166=CARTESIAN_POINT('',(-1229.80093843,31.6219576486,1039.65749501));
#5167=CARTESIAN_POINT('',(-1229.80093843,31.0545551159,1039.84286707));
#5168=CARTESIAN_POINT('',(-1229.68376318,30.4871435938,1040.02824206));
#5169=CARTESIAN_POINT('',(-1229.44923655,29.9489377581,1040.20407548));
#5170=CARTESIAN_POINT('',(-1228.77079962,28.9889883159,1040.51769376));
#5171=CARTESIAN_POINT('',(-1227.76094103,28.3440810439,1040.72838684));
#5172=CARTESIAN_POINT('',(-1227.1947531,28.1211451639,1040.80122064));
#5173=CARTESIAN_POINT('',(-1226.59784104,28.0097609364,1040.83761019));
#5174=CARTESIAN_POINT('',(-1226.00093843,28.0097609364,1040.83761019));
#5175=CARTESIAN_POINT('',(-1229.80093843,35.057840552,1049.96102483));
#5176=CARTESIAN_POINT('',(-1229.80093843,34.4919735359,1050.15100158));
#5177=CARTESIAN_POINT('',(-1229.68376318,33.9260975547,1050.34098134));
#5178=CARTESIAN_POINT('',(-1229.44923655,33.3893482229,1050.52118249));
#5179=CARTESIAN_POINT('',(-1228.77079962,32.431996616,1050.84259113));
#5180=CARTESIAN_POINT('',(-1227.76094103,31.7888346055,1051.05851788));
#5181=CARTESIAN_POINT('',(-1227.1947531,31.5665020392,1051.13316089));
#5182=CARTESIAN_POINT('',(-1226.59784104,31.4554192421,1051.17045437));
#5183=CARTESIAN_POINT('',(-1226.00093843,31.4554192421,1051.17045437));
#5184=CARTESIAN_POINT('',(-1229.80093843,36.2147659648,1053.39164169));
#5185=CARTESIAN_POINT('',(-1229.80093843,35.6494157615,1053.58315093));
#5186=CARTESIAN_POINT('',(-1229.68376318,35.0840566013,1053.7746632));
#5187=CARTESIAN_POINT('',(-1229.44923655,34.5477974889,1053.95631799));
#5188=CARTESIAN_POINT('',(-1228.77079962,33.5913202421,1054.28031934));
#5189=CARTESIAN_POINT('',(-1227.76094103,32.9487456389,1054.49798791));
#5190=CARTESIAN_POINT('',(-1227.1947531,32.7266161315,1054.57323304));
#5191=CARTESIAN_POINT('',(-1226.59784104,32.6156347876,1054.61082736));
#5192=CARTESIAN_POINT('',(-1226.00093843,32.6156347876,1054.61082736));
#5193=CARTESIAN_POINT('',(-1229.80093843,38.2792920096,1059.44578192));
#5194=CARTESIAN_POINT('',(-1229.80093843,37.714863648,1059.63999441));
#5195=CARTESIAN_POINT('',(-1229.68376318,37.1504263442,1059.83420997));
#5196=CARTESIAN_POINT('',(-1229.44923655,36.6150416385,1060.01842891));
#5197=CARTESIAN_POINT('',(-1228.77079962,35.6601239925,1060.34700371));
#5198=CARTESIAN_POINT('',(-1227.76094103,35.0185971507,1060.56774478));
#5199=CARTESIAN_POINT('',(-1227.1947531,34.7968298405,1060.64405204));
#5200=CARTESIAN_POINT('',(-1226.59784104,34.6860294591,1060.68217701));
#5201=CARTESIAN_POINT('',(-1226.00093843,34.6860294591,1060.68217701));
#5202=CARTESIAN_POINT('',(-1229.80093843,40.3799700708,1065.48745758));
#5203=CARTESIAN_POINT('',(-1229.80093843,39.8164789525,1065.68436562));
#5204=CARTESIAN_POINT('',(-1229.68376318,39.2529789067,1065.88127679));
#5205=CARTESIAN_POINT('',(-1229.44923655,38.7184832167,1066.06805259));
#5206=CARTESIAN_POINT('',(-1228.77079962,37.7651512283,1066.40118781));
#5207=CARTESIAN_POINT('',(-1227.76094103,37.1246896531,1066.62499265));
#5208=CARTESIAN_POINT('',(-1227.1947531,36.9032905913,1066.70235901));
#5209=CARTESIAN_POINT('',(-1226.59784104,36.792674196,1066.74101314));
#5210=CARTESIAN_POINT('',(-1226.00093843,36.792674196,1066.74101314));
#5211=CARTESIAN_POINT('',(-1229.80093843,41.2984519246,1068.10714443));
#5212=CARTESIAN_POINT('',(-1229.80093843,40.7353704569,1068.30522088));
#5213=CARTESIAN_POINT('',(-1229.68376318,40.1722800684,1068.50330046));
#5214=CARTESIAN_POINT('',(-1229.44923655,39.6381729497,1068.69118453));
#5215=CARTESIAN_POINT('',(-1228.77079962,38.6855340213,1069.02629649));
#5216=CARTESIAN_POINT('',(-1227.76094103,38.0455380533,1069.25142932));
#5217=CARTESIAN_POINT('',(-1227.1947531,37.8242999458,1069.32925475));
#5218=CARTESIAN_POINT('',(-1226.59784104,37.7137639671,1069.36813825));
#5219=CARTESIAN_POINT('',(-1226.00093843,37.7137639671,1069.36813825));
#5220=CARTESIAN_POINT('',(-1229.80093843,42.5051630564,1071.52055145));
#5221=CARTESIAN_POINT('',(-1229.80093843,41.9426196041,1071.72014977));
#5222=CARTESIAN_POINT('',(-1229.68376318,41.3800672393,1071.91975124));
#5223=CARTESIAN_POINT('',(-1229.44923655,40.8464704514,1072.10907888));
#5224=CARTESIAN_POINT('',(-1228.77079962,39.8947417541,1072.44676559));
#5225=CARTESIAN_POINT('',(-1227.76094103,39.2553572919,1072.67362817));
#5226=CARTESIAN_POINT('',(-1227.1947531,39.0343305738,1072.75205156));
#5227=CARTESIAN_POINT('',(-1226.59784104,38.9239002105,1072.7912338));
#5228=CARTESIAN_POINT('',(-1226.00093843,38.9239002105,1072.7912338));
#5229=CARTESIAN_POINT('',(-1229.80093843,43.7233978307,1074.92985102));
#5230=CARTESIAN_POINT('',(-1229.80093843,43.1613972808,1075.13096868));
#5231=CARTESIAN_POINT('',(-1229.68376318,42.5993878271,1075.33208953));
#5232=CARTESIAN_POINT('',(-1229.44923655,42.0663060057,1075.52285833));
#5233=CARTESIAN_POINT('',(-1228.77079962,41.1154958079,1075.8631155));
#5234=CARTESIAN_POINT('',(-1227.76094103,40.4767284064,1076.09170497));
#5235=CARTESIAN_POINT('',(-1227.1947531,40.255914998,1076.17072531));
#5236=CARTESIAN_POINT('',(-1226.59784104,40.1455912094,1076.21020581));
#5237=CARTESIAN_POINT('',(-1226.00093843,40.1455912094,1076.21020581));
#5238=CARTESIAN_POINT('',(-1229.80093843,44.0098037385,1075.72938084));
#5239=CARTESIAN_POINT('',(-1229.80093843,43.4479252265,1075.93083926));
#5240=CARTESIAN_POINT('',(-1229.68376318,42.8860378127,1076.13230087));
#5241=CARTESIAN_POINT('',(-1229.44923655,42.3530717496,1076.32339289));
#5242=CARTESIAN_POINT('',(-1228.77079962,41.4024680194,1076.66422657));
#5243=CARTESIAN_POINT('',(-1227.76094103,40.7638393256,1076.89320334));
#5244=CARTESIAN_POINT('',(-1227.1947531,40.5430738667,1076.97235757));
#5245=CARTESIAN_POINT('',(-1226.59784104,40.4327740348,1077.01190496));
#5246=CARTESIAN_POINT('',(-1226.00093843,40.4327740348,1077.01190496));
#5247=CARTESIAN_POINT('',(-1229.80093843,44.2951896311,1076.52408584));
#5248=CARTESIAN_POINT('',(-1229.80093843,43.7334438573,1076.72591385));
#5249=CARTESIAN_POINT('',(-1229.68376318,43.1716891837,1076.92774506));
#5250=CARTESIAN_POINT('',(-1229.44923655,42.6388490284,1077.11918766));
#5251=CARTESIAN_POINT('',(-1228.77079962,41.6884698687,1077.46064663));
#5252=CARTESIAN_POINT('',(-1227.76094103,41.0499920445,1077.69004348));
#5253=CARTESIAN_POINT('',(-1227.1947531,40.8292787392,1077.76934292));
#5254=CARTESIAN_POINT('',(-1226.59784104,40.7190049645,1077.80896287));
#5255=CARTESIAN_POINT('',(-1226.00093843,40.7190049645,1077.80896287));
#5256=CARTESIAN_POINT('',(-1229.80093843,44.5812013957,1077.31856554));
#5257=CARTESIAN_POINT('',(-1229.80093843,44.0195830408,1077.52074749));
#5258=CARTESIAN_POINT('',(-1229.68376318,43.4579557882,1077.72293265));
#5259=CARTESIAN_POINT('',(-1229.44923655,42.9252364953,1077.91471097));
#5260=CARTESIAN_POINT('',(-1228.77079962,41.975072907,1078.25676876));
#5261=CARTESIAN_POINT('',(-1227.76094103,41.3367399066,1078.48656789));
#5262=CARTESIAN_POINT('',(-1227.1947531,41.116076665,1078.5660064));
#5263=CARTESIAN_POINT('',(-1226.59784104,41.0058279034,1078.60569583));
#5264=CARTESIAN_POINT('',(-1226.00093843,41.0058279034,1078.60569583));
#5265=CARTESIAN_POINT('',(-1226.00093843,59.7790527744,1091.80003052));
#5266=CARTESIAN_POINT('',(-1226.00093843,59.7128622328,1091.80003052));
#5267=CARTESIAN_POINT('',(-1226.00093843,59.6466716939,1091.80003052));
#5268=CARTESIAN_POINT('',(-1226.00093843,59.538518925,1091.80001799));
#5269=CARTESIAN_POINT('',(-1226.00093843,59.3965842404,1091.79997131));
#5270=CARTESIAN_POINT('',(-1226.00093843,59.2538367706,1091.79984401));
#5271=CARTESIAN_POINT('',(-1226.00093843,59.1780581901,1091.79974633));
#5272=CARTESIAN_POINT('',(-1226.00093844,58.9880412588,1091.79940662));
#5273=CARTESIAN_POINT('',(-1226.00093843,58.7965798312,1091.79877737));
#5274=CARTESIAN_POINT('',(-1226.00093843,58.6811782308,1091.79826809));
#5275=CARTESIAN_POINT('',(-1226.00093843,58.449311753,1091.79692916));
#5276=CARTESIAN_POINT('',(-1226.00093843,58.215299209,1091.7948307));
#5277=CARTESIAN_POINT('',(-1226.00093843,58.0977515422,1091.79356191));
#5278=CARTESIAN_POINT('',(-1226.00093843,57.7434708174,1091.78900405));
#5279=CARTESIAN_POINT('',(-1226.00093843,57.3842325146,1091.78189973));
#5280=CARTESIAN_POINT('',(-1226.00093843,57.1424974745,1091.7757722));
#5281=CARTESIAN_POINT('',(-1226.00093844,56.3173936493,1091.74938926));
#5282=CARTESIAN_POINT('',(-1226.00093843,55.4652276836,1091.70022564));
#5283=CARTESIAN_POINT('',(-1226.00093843,54.8492256436,1091.6498513));
#5284=CARTESIAN_POINT('',(-1226.00093844,53.6876584737,1091.51843779));
#5285=CARTESIAN_POINT('',(-1226.00093843,52.4741061374,1091.28923624));
#5286=CARTESIAN_POINT('',(-1226.00093844,51.9062656607,1091.15900085));
#5287=CARTESIAN_POINT('',(-1226.00093843,50.537580033,1090.77539382));
#5288=CARTESIAN_POINT('',(-1226.00093844,49.1416893633,1090.18352706));
#5289=CARTESIAN_POINT('',(-1226.00093844,48.3347981865,1089.75307992));
#5290=CARTESIAN_POINT('',(-1226.00093843,46.5510835465,1088.54471581));
#5291=CARTESIAN_POINT('',(-1226.00093844,45.1190710174,1087.01749895));
#5292=CARTESIAN_POINT('',(-1226.00093843,44.4577448703,1086.11110897));
#5293=CARTESIAN_POINT('',(-1226.00093844,43.5479992961,1084.6561443));
#5294=CARTESIAN_POINT('',(-1226.00093843,42.8411043018,1083.22981868));
#5295=CARTESIAN_POINT('',(-1226.00093843,42.5938013358,1082.69259378));
#5296=CARTESIAN_POINT('',(-1226.00093844,42.0887552048,1081.52245017));
#5297=CARTESIAN_POINT('',(-1226.00093843,41.6537527875,1080.39027179));
#5298=CARTESIAN_POINT('',(-1226.00093843,41.429307424,1079.78113816));
#5299=CARTESIAN_POINT('',(-1226.00093843,41.2150770177,1079.18708043));
#5300=CARTESIAN_POINT('',(-1226.00093843,41.0057769385,1078.60569242));
#5301=CARTESIAN_POINT('',(-1226.00093843,59.7790527744,1091.80003052));
#5302=CARTESIAN_POINT('',(-1226.00093843,59.7790527744,1091.8));
#5303=CARTESIAN_POINT('',(-1226.99577101697,59.7790527744,1091.8));
#5304=CARTESIAN_POINT('',(-1227.98447771473,59.7790527744,1091.3904666024));
#5305=CARTESIAN_POINT('',(-1229.39138910134,59.7790527744,1089.98356651547));
#5306=CARTESIAN_POINT('',(-1229.8009304398,59.7790527744,1088.99486310694));
#5307=CARTESIAN_POINT('',(-1229.80093842988,59.7790527744,1088.00003052));
#5308=CARTESIAN_POINT('',(-1229.80093843,44.5811599148,1077.31858846));
#5309=CARTESIAN_POINT('',(-1229.80093843,44.0195400702,1077.52076628));
#5310=CARTESIAN_POINT('',(-1229.68376318,43.4579113278,1077.7229473));
#5311=CARTESIAN_POINT('',(-1229.44923655,42.9251906218,1077.9147217));
#5312=CARTESIAN_POINT('',(-1228.77079962,41.9750245132,1078.25677248));
#5313=CARTESIAN_POINT('',(-1227.76094103,41.3366898195,1078.48656692));
#5314=CARTESIAN_POINT('',(-1227.1947531,41.1160259926,1078.5660038));
#5315=CARTESIAN_POINT('',(-1226.59784104,41.0057769385,1078.60569242));
#5316=CARTESIAN_POINT('',(-1226.00093843,41.0057769385,1078.60569242));
#5317=CARTESIAN_POINT('',(-1229.80093843,44.789720605,1077.89792258));
#5318=CARTESIAN_POINT('',(-1229.80093843,44.2282169034,1078.10042302));
#5319=CARTESIAN_POINT('',(-1229.68376318,43.6667043058,1078.30292667));
#5320=CARTESIAN_POINT('',(-1229.44923655,43.1340937664,1078.4950071));
#5321=CARTESIAN_POINT('',(-1228.77079962,42.184124152,1078.83760371));
#5322=CARTESIAN_POINT('',(-1227.76094103,41.545921466,1079.06776484));
#5323=CARTESIAN_POINT('',(-1227.1947531,41.3253032723,1079.14732849));
#5324=CARTESIAN_POINT('',(-1226.59784104,41.2150770177,1079.18708043));
#5325=CARTESIAN_POINT('',(-1226.00093843,41.2150770177,1079.18708043));
#5326=CARTESIAN_POINT('',(-1229.80093843,44.99859058,1078.47708626));
#5327=CARTESIAN_POINT('',(-1229.80093843,44.4379288928,1078.68192626));
#5328=CARTESIAN_POINT('',(-1229.68376318,43.877258323,1078.8867695));
#5329=CARTESIAN_POINT('',(-1229.44923655,43.3454464707,1079.08106909));
#5330=CARTESIAN_POINT('',(-1228.77079962,42.396901403,1079.42762383));
#5331=CARTESIAN_POINT('',(-1227.76094103,41.7596557472,1079.66044408));
#5332=CARTESIAN_POINT('',(-1227.1947531,41.5393683862,1079.74092695));
#5333=CARTESIAN_POINT('',(-1226.59784104,41.4293074238,1079.78113816));
#5334=CARTESIAN_POINT('',(-1226.00093843,41.429307424,1079.78113816));
#5335=CARTESIAN_POINT('',(-1229.80093843,45.2117369121,1079.05500108));
#5336=CARTESIAN_POINT('',(-1229.80093843,44.6528500725,1079.26474492));
#5337=CARTESIAN_POINT('',(-1229.68376318,44.0939543785,1079.47449207));
#5338=CARTESIAN_POINT('',(-1229.44923655,43.563826046,1079.67344316));
#5339=CARTESIAN_POINT('',(-1228.77079962,42.6182837213,1080.02829437));
#5340=CARTESIAN_POINT('',(-1227.76094103,41.9830553497,1080.26668831));
#5341=CARTESIAN_POINT('',(-1227.1947531,41.7634653371,1080.34909792));
#5342=CARTESIAN_POINT('',(-1226.59784104,41.6537527872,1080.39027179));
#5343=CARTESIAN_POINT('',(-1226.00093843,41.6537527875,1080.39027179));
#5344=CARTESIAN_POINT('',(-1229.80093843,45.6154371944,1080.1038011));
#5345=CARTESIAN_POINT('',(-1229.80093843,45.061467283,1080.32664197));
#5346=CARTESIAN_POINT('',(-1229.68376318,44.5074885951,1080.54948638));
#5347=CARTESIAN_POINT('',(-1229.44923655,43.9820241816,1080.76086059));
#5348=CARTESIAN_POINT('',(-1228.77079962,43.0448004704,1081.13786979));
#5349=CARTESIAN_POINT('',(-1227.76094103,42.4151606576,1081.39114976));
#5350=CARTESIAN_POINT('',(-1227.1947531,42.1975025355,1081.47870529));
#5351=CARTESIAN_POINT('',(-1226.59784104,42.088755205,1081.52245017));
#5352=CARTESIAN_POINT('',(-1226.00093844,42.0887552048,1081.52245017));
#5353=CARTESIAN_POINT('',(-1229.80093843,46.0611047664,1081.13520994));
#5354=CARTESIAN_POINT('',(-1229.80093843,45.516462017,1081.37984322));
#5355=CARTESIAN_POINT('',(-1229.68376318,44.9718106388,1081.62448037));
#5356=CARTESIAN_POINT('',(-1229.44923655,44.4551934417,1081.85652562));
#5357=CARTESIAN_POINT('',(-1228.77079962,43.5337497165,1082.2704039));
#5358=CARTESIAN_POINT('',(-1227.76094103,42.9147111163,1082.54845303));
#5359=CARTESIAN_POINT('',(-1227.1947531,42.7007176927,1082.64457092));
#5360=CARTESIAN_POINT('',(-1226.59784104,42.5938013356,1082.69259378));
#5361=CARTESIAN_POINT('',(-1226.00093843,42.5938013358,1082.69259378));
#5362=CARTESIAN_POINT('',(-1229.80093843,46.2743634469,1081.59792268));
#5363=CARTESIAN_POINT('',(-1229.80093843,45.7350683614,1081.85426031));
#5364=CARTESIAN_POINT('',(-1229.68376318,45.1957647319,1082.11060199));
#5365=CARTESIAN_POINT('',(-1229.44923655,44.6842200252,1082.35374931));
#5366=CARTESIAN_POINT('',(-1228.77079962,43.7718236459,1082.78742936));
#5367=CARTESIAN_POINT('',(-1227.76094103,43.1588631774,1083.0787816));
#5368=CARTESIAN_POINT('',(-1227.1947531,42.9469708831,1083.1794982));
#5369=CARTESIAN_POINT('',(-1226.59784104,42.8411043017,1083.22981868));
#5370=CARTESIAN_POINT('',(-1226.00093843,42.8411043018,1083.22981868));
#5371=CARTESIAN_POINT('',(-1229.80093843,46.8694882919,1082.79448009));
#5372=CARTESIAN_POINT('',(-1229.80093843,46.3477500206,1083.08690962));
#5373=CARTESIAN_POINT('',(-1229.68376318,45.8260034833,1083.37934378));
#5374=CARTESIAN_POINT('',(-1229.44923655,45.331112174,1083.65672584));
#5375=CARTESIAN_POINT('',(-1228.77079962,44.4484189648,1084.15146731));
#5376=CARTESIAN_POINT('',(-1227.76094103,43.8554134952,1084.48384145));
#5377=CARTESIAN_POINT('',(-1227.1947531,43.650419379,1084.59873878));
#5378=CARTESIAN_POINT('',(-1226.59784104,43.5479992963,1084.6561443));
#5379=CARTESIAN_POINT('',(-1226.00093844,43.5479992961,1084.6561443));
#5380=CARTESIAN_POINT('',(-1229.80093843,47.5819337139,1083.92832361));
#5381=CARTESIAN_POINT('',(-1229.80093843,47.0911872777,1084.27119473));
#5382=CARTESIAN_POINT('',(-1229.68376318,46.6004330667,1084.61407129));
#5383=CARTESIAN_POINT('',(-1229.44923655,46.1349388531,1084.93929937));
#5384=CARTESIAN_POINT('',(-1228.77079962,45.304678605,1085.51937952));
#5385=CARTESIAN_POINT('',(-1227.76094103,44.7468983221,1085.90908536));
#5386=CARTESIAN_POINT('',(-1227.1947531,44.5540810853,1086.04380149));
#5387=CARTESIAN_POINT('',(-1226.59784104,44.45774487,1086.11110897));
#5388=CARTESIAN_POINT('',(-1226.00093843,44.4577448703,1086.11110897));
#5389=CARTESIAN_POINT('',(-1229.80093843,48.0792026614,1084.59611208));
#5390=CARTESIAN_POINT('',(-1229.80093843,47.6142262703,1084.97646264));
#5391=CARTESIAN_POINT('',(-1229.68376318,47.1492425124,1085.35681923));
#5392=CARTESIAN_POINT('',(-1229.44923655,46.7081923007,1085.71759818));
#5393=CARTESIAN_POINT('',(-1228.77079962,45.9215306246,1086.36108721));
#5394=CARTESIAN_POINT('',(-1227.76094103,45.3930404632,1086.79339202));
#5395=CARTESIAN_POINT('',(-1227.1947531,45.2103484322,1086.94283405));
#5396=CARTESIAN_POINT('',(-1226.59784104,45.1190710176,1087.01749895));
#5397=CARTESIAN_POINT('',(-1226.00093844,45.1190710174,1087.01749895));
#5398=CARTESIAN_POINT('',(-1229.80093843,49.0789479797,1085.65614177));
#5399=CARTESIAN_POINT('',(-1229.80093843,48.681871963,1086.10987792));
#5400=CARTESIAN_POINT('',(-1229.68376318,48.2847896553,1086.56362126));
#5401=CARTESIAN_POINT('',(-1229.44923655,47.9081458846,1086.99400961));
#5402=CARTESIAN_POINT('',(-1228.77079962,47.2363601967,1087.76165469));
#5403=CARTESIAN_POINT('',(-1227.76094103,46.7850453085,1088.27736925));
#5404=CARTESIAN_POINT('',(-1227.1947531,46.6290317448,1088.45564492));
#5405=CARTESIAN_POINT('',(-1226.59784104,46.5510835463,1088.54471581));
#5406=CARTESIAN_POINT('',(-1226.00093843,46.5510835465,1088.54471581));
#5407=CARTESIAN_POINT('',(-1229.80093843,50.2788210579,1086.46697996));
#5408=CARTESIAN_POINT('',(-1229.80093843,49.9734546595,1086.98315934));
#5409=CARTESIAN_POINT('',(-1229.68376318,49.668083423,1087.49934689));
#5410=CARTESIAN_POINT('',(-1229.44923655,49.3784301906,1087.98896535));
#5411=CARTESIAN_POINT('',(-1228.77079962,48.8618017179,1088.86225384));
#5412=CARTESIAN_POINT('',(-1227.76094103,48.514723586,1089.44894109));
#5413=CARTESIAN_POINT('',(-1227.1947531,48.3947432847,1089.65175108));
#5414=CARTESIAN_POINT('',(-1226.59784104,48.3347981867,1089.75307992));
#5415=CARTESIAN_POINT('',(-1226.00093844,48.3347981865,1089.75307992));
#5416=CARTESIAN_POINT('',(-1229.80093843,50.8251621671,1086.7608631));
#5417=CARTESIAN_POINT('',(-1229.80093843,50.5607228775,1087.2984939));
#5418=CARTESIAN_POINT('',(-1229.68376318,50.2962793983,1087.83613321));
#5419=CARTESIAN_POINT('',(-1229.44923655,50.0454472982,1088.34609927));
#5420=CARTESIAN_POINT('',(-1228.77079962,49.5980605949,1089.25567995));
#5421=CARTESIAN_POINT('',(-1227.76094103,49.2975000386,1089.8667488));
#5422=CARTESIAN_POINT('',(-1227.1947531,49.1936002455,1090.07798718));
#5423=CARTESIAN_POINT('',(-1226.59784104,49.1416893633,1090.18352706));
#5424=CARTESIAN_POINT('',(-1226.00093844,49.1416893633,1090.18352706));
#5425=CARTESIAN_POINT('',(-1229.80093843,51.8068132198,1087.18033708));
#5426=CARTESIAN_POINT('',(-1229.80093843,51.607442537,1087.74504727));
#5427=CARTESIAN_POINT('',(-1229.68376318,51.4080686956,1088.30976641));
#5428=CARTESIAN_POINT('',(-1229.44923655,51.2189569825,1088.84541844));
#5429=CARTESIAN_POINT('',(-1228.77079962,50.8816553938,1089.8008129));
#5430=CARTESIAN_POINT('',(-1227.76094103,50.6550515355,1090.44266007));
#5431=CARTESIAN_POINT('',(-1227.1947531,50.5767175908,1090.66453811));
#5432=CARTESIAN_POINT('',(-1226.59784104,50.537580033,1090.77539382));
#5433=CARTESIAN_POINT('',(-1226.00093843,50.537580033,1090.77539382));
#5434=CARTESIAN_POINT('',(-1229.80093843,52.8332235908,1087.46956205));
#5435=CARTESIAN_POINT('',(-1229.80093843,52.6876173797,1088.04909774));
#5436=CARTESIAN_POINT('',(-1229.68376318,52.5420088617,1088.62864261));
#5437=CARTESIAN_POINT('',(-1229.44923655,52.4038950747,1089.17835727));
#5438=CARTESIAN_POINT('',(-1228.77079962,52.1575539092,1090.15883397));
#5439=CARTESIAN_POINT('',(-1227.76094103,51.9920585174,1090.81753174));
#5440=CARTESIAN_POINT('',(-1227.1947531,51.9348489582,1091.04523481));
#5441=CARTESIAN_POINT('',(-1226.59784104,51.9062656607,1091.15900085));
#5442=CARTESIAN_POINT('',(-1226.00093844,51.9062656607,1091.15900085));
#5443=CARTESIAN_POINT('',(-1229.80093843,53.2720751697,1087.57104615));
#5444=CARTESIAN_POINT('',(-1229.80093843,53.1467304872,1088.15509809));
#5445=CARTESIAN_POINT('',(-1229.68376318,53.0213838189,1088.73915927));
#5446=CARTESIAN_POINT('',(-1229.44923655,52.9024889678,1089.29315778));
#5447=CARTESIAN_POINT('',(-1228.77079962,52.6904268936,1090.2812752));
#5448=CARTESIAN_POINT('',(-1227.76094103,52.547960668,1090.94510611));
#5449=CARTESIAN_POINT('',(-1227.1947531,52.4987119857,1091.17458364));
#5450=CARTESIAN_POINT('',(-1226.59784104,52.4741061374,1091.28923624));
#5451=CARTESIAN_POINT('',(-1226.00093843,52.4741061374,1091.28923624));
#5452=CARTESIAN_POINT('',(-1229.80093843,54.2354177963,1087.75382128));
#5453=CARTESIAN_POINT('',(-1229.80093843,54.1493759631,1088.34516586));
#5454=CARTESIAN_POINT('',(-1229.68376318,54.0633327668,1088.93651981));
#5455=CARTESIAN_POINT('',(-1229.44923655,53.9817183677,1089.49743571));
#5456=CARTESIAN_POINT('',(-1228.77079962,53.8361500894,1090.49789105));
#5457=CARTESIAN_POINT('',(-1227.76094103,53.7383553129,1091.17001075));
#5458=CARTESIAN_POINT('',(-1227.1947531,53.7045489572,1091.4023536));
#5459=CARTESIAN_POINT('',(-1226.59784104,53.6876584737,1091.51843779));
#5460=CARTESIAN_POINT('',(-1226.00093844,53.6876584737,1091.51843779));
#5461=CARTESIAN_POINT('',(-1229.80093843,55.2100198349,1087.86529925));
#5462=CARTESIAN_POINT('',(-1229.80093843,55.1533464158,1088.4597753));
#5463=CARTESIAN_POINT('',(-1229.68376318,55.0966720989,1089.05426076));
#5464=CARTESIAN_POINT('',(-1229.44923655,55.0429149105,1089.61814699));
#5465=CARTESIAN_POINT('',(-1228.77079962,54.9470330385,1090.62390025));
#5466=CARTESIAN_POINT('',(-1227.76094103,54.8826182748,1091.29957916));
#5467=CARTESIAN_POINT('',(-1227.1947531,54.8603509464,1091.53315239));
#5468=CARTESIAN_POINT('',(-1226.59784104,54.8492256436,1091.6498513));
#5469=CARTESIAN_POINT('',(-1226.00093843,54.8492256436,1091.6498513));
#5470=CARTESIAN_POINT('',(-1229.80093843,55.7413088891,1087.9092207));
#5471=CARTESIAN_POINT('',(-1229.80093843,55.6979421548,1088.50471036));
#5472=CARTESIAN_POINT('',(-1229.68376318,55.6545747333,1089.10020946));
#5473=CARTESIAN_POINT('',(-1229.44923655,55.6134395107,1089.66505715));
#5474=CARTESIAN_POINT('',(-1228.77079962,55.5400703062,1090.67252529));
#5475=CARTESIAN_POINT('',(-1227.76094103,55.490779863,1091.34935627));
#5476=CARTESIAN_POINT('',(-1227.1947531,55.4737408113,1091.58332776));
#5477=CARTESIAN_POINT('',(-1226.59784104,55.4652276836,1091.70022564));
#5478=CARTESIAN_POINT('',(-1226.00093843,55.4652276836,1091.70022564));
#5479=CARTESIAN_POINT('',(-1229.80093843,56.4948086187,1087.95301189));
#5480=CARTESIAN_POINT('',(-1229.80093843,56.4669403405,1088.54934545));
#5481=CARTESIAN_POINT('',(-1229.68376318,56.4390716208,1089.14568846));
#5482=CARTESIAN_POINT('',(-1229.44923655,56.4126373539,1089.71133663));
#5483=CARTESIAN_POINT('',(-1228.77079962,56.3654889247,1090.7202325));
#5484=CARTESIAN_POINT('',(-1227.76094103,56.3338139598,1091.39802265));
#5485=CARTESIAN_POINT('',(-1227.1947531,56.3228643451,1091.63232571));
#5486=CARTESIAN_POINT('',(-1226.59784104,56.3173936493,1091.74938926));
#5487=CARTESIAN_POINT('',(-1226.00093844,56.3173936493,1091.74938926));
#5488=CARTESIAN_POINT('',(-1229.80093843,57.2491524751,1087.97719066));
#5489=CARTESIAN_POINT('',(-1229.80093843,57.2323991468,1088.57387045));
#5490=CARTESIAN_POINT('',(-1229.68376318,57.2156455531,1089.1705597));
#5491=CARTESIAN_POINT('',(-1229.44923655,57.1997542968,1089.73653628));
#5492=CARTESIAN_POINT('',(-1228.77079962,57.1714104892,1090.74601791));
#5493=CARTESIAN_POINT('',(-1227.76094103,57.1523687285,1091.42420159));
#5494=CARTESIAN_POINT('',(-1227.1947531,57.1457862447,1091.65864069));
#5495=CARTESIAN_POINT('',(-1226.59784104,57.1424974745,1091.7757722));
#5496=CARTESIAN_POINT('',(-1226.00093843,57.1424974745,1091.7757722));
#5497=CARTESIAN_POINT('',(-1229.80093843,57.4723125048,1087.98286491));
#5498=CARTESIAN_POINT('',(-1229.80093843,57.4584769323,1088.57961591));
#5499=CARTESIAN_POINT('',(-1229.68376318,57.4446411406,1089.17637635));
#5500=CARTESIAN_POINT('',(-1229.44923655,57.4315175018,1089.74242047));
#5501=CARTESIAN_POINT('',(-1228.77079962,57.4081100453,1090.75202257));
#5502=CARTESIAN_POINT('',(-1227.76094103,57.3923845933,1091.43028717));
#5503=CARTESIAN_POINT('',(-1227.1947531,57.3869485133,1091.66475424));
#5504=CARTESIAN_POINT('',(-1226.59784104,57.3842325146,1091.78189973));
#5505=CARTESIAN_POINT('',(-1226.00093843,57.3842325146,1091.78189973));
#5506=CARTESIAN_POINT('',(-1229.80093843,57.8071102296,1087.98950051));
#5507=CARTESIAN_POINT('',(-1229.80093843,57.7971137741,1088.58632513));
#5508=CARTESIAN_POINT('',(-1229.68376318,57.7871171603,1089.18315921));
#5509=CARTESIAN_POINT('',(-1229.44923655,57.77763509,1089.74927316));
#5510=CARTESIAN_POINT('',(-1228.77079962,57.7607227723,1090.75899982));
#5511=CARTESIAN_POINT('',(-1227.76094103,57.7493608441,1091.43734811));
#5512=CARTESIAN_POINT('',(-1227.1947531,57.7454331764,1091.6718441));
#5513=CARTESIAN_POINT('',(-1226.59784104,57.7434708174,1091.78900405));
#5514=CARTESIAN_POINT('',(-1226.00093843,57.7434708174,1091.78900405));
#5515=CARTESIAN_POINT('',(-1229.80093843,58.1419531819,1087.99381182));
#5516=CARTESIAN_POINT('',(-1229.80093843,58.1350100045,1088.59067517));
#5517=CARTESIAN_POINT('',(-1229.68376318,58.1280667172,1089.18754797));
#5518=CARTESIAN_POINT('',(-1229.44923655,58.1214808133,1089.75369867));
#5519=CARTESIAN_POINT('',(-1228.77079962,58.1097341277,1090.76349084));
#5520=CARTESIAN_POINT('',(-1227.76094103,58.1018425423,1091.44188315));
#5521=CARTESIAN_POINT('',(-1227.1947531,58.099114526,1091.67639436));
#5522=CARTESIAN_POINT('',(-1226.59784104,58.0977515422,1091.79356191));
#5523=CARTESIAN_POINT('',(-1226.00093843,58.0977515422,1091.79356191));
#5524=CARTESIAN_POINT('',(-1229.80093843,58.2535702305,1087.99501786));
#5525=CARTESIAN_POINT('',(-1229.80093843,58.2475586325,1088.59189106));
#5526=CARTESIAN_POINT('',(-1229.68376318,58.2415469392,1089.18877373));
#5527=CARTESIAN_POINT('',(-1229.44923655,58.2358446786,1089.75493377));
#5528=CARTESIAN_POINT('',(-1228.77079962,58.2256740681,1090.76474262));
#5529=CARTESIAN_POINT('',(-1227.76094103,58.2188413118,1091.44314614));
#5530=CARTESIAN_POINT('',(-1227.1947531,58.2164793186,1091.67766122));
#5531=CARTESIAN_POINT('',(-1226.59784104,58.215299209,1091.7948307));
#5532=CARTESIAN_POINT('',(-1226.00093843,58.215299209,1091.7948307));
#5533=CARTESIAN_POINT('',(-1229.80093843,58.4768059994,1087.9970211));
#5534=CARTESIAN_POINT('',(-1229.80093843,58.4724872133,1088.59390926));
#5535=CARTESIAN_POINT('',(-1229.68376318,58.4681683587,1089.19080688));
#5536=CARTESIAN_POINT('',(-1229.44923655,58.4640718034,1089.75698111));
#5537=CARTESIAN_POINT('',(-1228.77079962,58.4567651453,1090.76681527));
#5538=CARTESIAN_POINT('',(-1227.76094103,58.4518564316,1091.44523578));
#5539=CARTESIAN_POINT('',(-1227.1947531,58.4501595544,1091.67975674));
#5540=CARTESIAN_POINT('',(-1226.59784104,58.449311753,1091.79692916));
#5541=CARTESIAN_POINT('',(-1226.00093843,58.449311753,1091.79692916));
#5542=CARTESIAN_POINT('',(-1229.80093843,58.7000416825,1087.99831167));
#5543=CARTESIAN_POINT('',(-1229.80093843,58.6970786185,1088.59520742));
#5544=CARTESIAN_POINT('',(-1229.68376318,58.6941155075,1089.19211264));
#5545=CARTESIAN_POINT('',(-1229.44923655,58.6913049131,1089.75829408));
#5546=CARTESIAN_POINT('',(-1228.77079962,58.6862919081,1090.76814109));
#5547=CARTESIAN_POINT('',(-1227.76094103,58.6829241023,1091.44657023));
#5548=CARTESIAN_POINT('',(-1227.1947531,58.6817598965,1091.68109418));
#5549=CARTESIAN_POINT('',(-1226.59784104,58.6811782308,1091.79826809));
#5550=CARTESIAN_POINT('',(-1226.00093843,58.6811782308,1091.79826809));
#5551=CARTESIAN_POINT('',(-1229.80093843,58.8116586454,1087.99880503));
#5552=CARTESIAN_POINT('',(-1229.80093843,58.8092900708,1088.59570329));
#5553=CARTESIAN_POINT('',(-1229.68376318,58.8069214587,1089.192611));
#5554=CARTESIAN_POINT('',(-1229.44923655,58.8046747633,1089.75879481));
#5555=CARTESIAN_POINT('',(-1228.77079962,58.8006675343,1090.76864605));
#5556=CARTESIAN_POINT('',(-1227.76094103,58.7979754226,1091.44707804));
#5557=CARTESIAN_POINT('',(-1227.1947531,58.7970447954,1091.68160297));
#5558=CARTESIAN_POINT('',(-1226.59784104,58.7965798312,1091.79877737));
#5559=CARTESIAN_POINT('',(-1226.00093843,58.7965798312,1091.79877737));
#5560=CARTESIAN_POINT('',(-1229.80093843,58.9976884287,1087.99941717));
#5561=CARTESIAN_POINT('',(-1229.80093843,58.9961730548,1088.59631812));
#5562=CARTESIAN_POINT('',(-1229.68376318,58.9946576569,1089.19322852));
#5563=CARTESIAN_POINT('',(-1229.44923655,58.9932202592,1089.75941488));
#5564=CARTESIAN_POINT('',(-1228.77079962,58.990656502,1090.76927066));
#5565=CARTESIAN_POINT('',(-1227.76094103,58.9889341345,1091.4477057));
#5566=CARTESIAN_POINT('',(-1227.1947531,58.988338735,1091.68223169));
#5567=CARTESIAN_POINT('',(-1226.59784104,58.9880412588,1091.79940662));
#5568=CARTESIAN_POINT('',(-1226.00093844,58.9880412588,1091.79940662));
#5569=CARTESIAN_POINT('',(-1229.80093843,59.1837214355,1087.99975011));
#5570=CARTESIAN_POINT('',(-1229.80093843,59.182831855,1088.59665212));
#5571=CARTESIAN_POINT('',(-1229.68376318,59.1819422604,1089.19356358));
#5572=CARTESIAN_POINT('',(-1229.44923655,59.1810984548,1089.75975095));
#5573=CARTESIAN_POINT('',(-1228.77079962,59.1795934346,1090.76960854));
#5574=CARTESIAN_POINT('',(-1227.76094103,59.1785823412,1091.44804479));
#5575=CARTESIAN_POINT('',(-1227.1947531,59.1782328197,1091.68257119));
#5576=CARTESIAN_POINT('',(-1226.59784104,59.1780581901,1091.79974633));
#5577=CARTESIAN_POINT('',(-1226.00093843,59.1780581901,1091.79974633));
#5578=CARTESIAN_POINT('',(-1229.80093843,59.2581367529,1087.99984616));
#5579=CARTESIAN_POINT('',(-1229.80093843,59.2574613132,1088.59674843));
#5580=CARTESIAN_POINT('',(-1229.68376318,59.2567858629,1089.19366015));
#5581=CARTESIAN_POINT('',(-1229.44923655,59.2561451792,1089.75984776));
#5582=CARTESIAN_POINT('',(-1228.77079962,59.2550024492,1090.76970577));
#5583=CARTESIAN_POINT('',(-1227.76094103,59.2542347474,1091.44814232));
#5584=CARTESIAN_POINT('',(-1227.1947531,59.2539693631,1091.68266882));
#5585=CARTESIAN_POINT('',(-1226.59784104,59.2538367706,1091.79984401));
#5586=CARTESIAN_POINT('',(-1226.00093843,59.2538367706,1091.79984401));
#5587=CARTESIAN_POINT('',(-1229.80093843,59.3987413855,1087.99997168));
#5588=CARTESIAN_POINT('',(-1229.80093843,59.398402542,1088.59687423));
#5589=CARTESIAN_POINT('',(-1229.68376318,59.398063693,1089.19378623));
#5590=CARTESIAN_POINT('',(-1229.44923655,59.3977422853,1089.7599741));
#5591=CARTESIAN_POINT('',(-1228.77079962,59.397169019,1090.7698326));
#5592=CARTESIAN_POINT('',(-1227.76094103,59.3967838909,1091.44826946));
#5593=CARTESIAN_POINT('',(-1227.1947531,59.3966507572,1091.68279607));
#5594=CARTESIAN_POINT('',(-1226.59784104,59.3965842404,1091.79997131));
#5595=CARTESIAN_POINT('',(-1226.00093843,59.3965842404,1091.79997131));
#5596=CARTESIAN_POINT('',(-1229.80093843,59.5393474438,1088.00001803));
#5597=CARTESIAN_POINT('',(-1229.80093843,59.5392173004,1088.59692063));
#5598=CARTESIAN_POINT('',(-1229.68376318,59.5390871549,1089.19383268));
#5599=CARTESIAN_POINT('',(-1229.44923655,59.5389637082,1089.76002061));
#5600=CARTESIAN_POINT('',(-1228.77079962,59.5387435274,1090.76987919));
#5601=CARTESIAN_POINT('',(-1227.76094103,59.538595607,1091.44831611));
#5602=CARTESIAN_POINT('',(-1227.1947531,59.5385444728,1091.68284274));
#5603=CARTESIAN_POINT('',(-1226.59784104,59.538518925,1091.80001799));
#5604=CARTESIAN_POINT('',(-1226.00093843,59.538518925,1091.80001799));
#5605=CARTESIAN_POINT('',(-1229.80093843,59.6466714644,1088.00003052));
#5606=CARTESIAN_POINT('',(-1229.80093843,59.6466715004,1088.59693312));
#5607=CARTESIAN_POINT('',(-1229.68376318,59.6466715365,1089.19384519));
#5608=CARTESIAN_POINT('',(-1229.44923655,59.6466715707,1089.76003311));
#5609=CARTESIAN_POINT('',(-1228.77079962,59.6466716317,1090.7698917));
#5610=CARTESIAN_POINT('',(-1227.76094103,59.6466716726,1091.44832863));
#5611=CARTESIAN_POINT('',(-1227.1947531,59.6466716868,1091.68285527));
#5612=CARTESIAN_POINT('',(-1226.59784104,59.6466716939,1091.80003052));
#5613=CARTESIAN_POINT('',(-1226.00093843,59.6466716939,1091.80003052));
#5614=CARTESIAN_POINT('',(-1229.80093843,59.712862119,1088.00003052));
#5615=CARTESIAN_POINT('',(-1229.80093843,59.7128621369,1088.59693312));
#5616=CARTESIAN_POINT('',(-1229.68376318,59.7128621548,1089.19384518));
#5617=CARTESIAN_POINT('',(-1229.44923655,59.7128621717,1089.76003311));
#5618=CARTESIAN_POINT('',(-1228.77079962,59.7128622019,1090.7698917));
#5619=CARTESIAN_POINT('',(-1227.76094103,59.7128622222,1091.44832863));
#5620=CARTESIAN_POINT('',(-1227.1947531,59.7128622293,1091.68285526));
#5621=CARTESIAN_POINT('',(-1226.59784104,59.7128622328,1091.80003052));
#5622=CARTESIAN_POINT('',(-1226.00093843,59.7128622328,1091.80003052));
#5623=CARTESIAN_POINT('',(-1229.80093843,59.7790527744,1088.00003052));
#5624=CARTESIAN_POINT('',(-1229.80093843,59.7790527744,1088.59693312));
#5625=CARTESIAN_POINT('',(-1229.68376318,59.7790527744,1089.19384518));
#5626=CARTESIAN_POINT('',(-1229.44923655,59.7790527744,1089.76003311));
#5627=CARTESIAN_POINT('',(-1228.77079962,59.7790527744,1090.7698917));
#5628=CARTESIAN_POINT('',(-1227.76094103,59.7790527744,1091.44832863));
#5629=CARTESIAN_POINT('',(-1227.1947531,59.7790527744,1091.68285526));
#5630=CARTESIAN_POINT('',(-1226.59784104,59.7790527744,1091.80003052));
#5631=CARTESIAN_POINT('',(-1226.00093843,59.7790527744,1091.80003052));
#5632=CARTESIAN_POINT('',(-1226.00093843,65.8350612647,1088.));
#5633=CARTESIAN_POINT('',(-1226.00093843,65.8350612647,1091.8));
#5634=CARTESIAN_POINT('',(-1226.00093843,29.9605648557,1091.8));
#5635=CARTESIAN_POINT('',(-1226.00093843,29.9605648557,1088.));
#5636=CARTESIAN_POINT('',(-1226.00093843,65.8350612647,1088.));
#5637=CARTESIAN_POINT('',(-1226.00093843,65.8350612647,1093.));
#5638=CARTESIAN_POINT('',(-950.000938435,65.8350612647,1093.));
#5639=CARTESIAN_POINT('',(-674.000938435,65.8350612647,1093.));
#5640=CARTESIAN_POINT('',(-674.000938435,65.8350612647,1088.));
#5641=CARTESIAN_POINT('',(-669.000938435,65.8350612647,1088.));
#5642=CARTESIAN_POINT('',(-669.000938435,65.8350612647,1085.53552937));
#5643=CARTESIAN_POINT('',(-669.000938435,65.8350612647,1083.07105874));
#5644=CARTESIAN_POINT('',(-669.600938435,65.8350612647,1083.07105874));
#5645=CARTESIAN_POINT('',(-674.000938435,65.8350612647,1088.));
#5646=CARTESIAN_POINT('',(-674.000938435,65.8350612647,1091.8));
#5647=CARTESIAN_POINT('',(-950.000938435,65.8350612647,1091.8));
#5648=CARTESIAN_POINT('',(-1230.40093843,65.8350612647,1083.07105874));
#5649=CARTESIAN_POINT('',(-1231.00093843,65.8350612647,1080.99999094));
#5650=CARTESIAN_POINT('',(-950.000938435,64.3705951707,1079.53552483));
#5651=CARTESIAN_POINT('',(-950.000938435,60.8350612647,1083.07105874));
#5652=CARTESIAN_POINT('',(-1230.40093843,58.7514668865,1073.91639655));
#5653=CARTESIAN_POINT('',(-1231.00093843,57.8350612647,1072.99999093));
#5654=CARTESIAN_POINT('',(-1230.40093843,57.4791941433,1071.75381392));
#5655=CARTESIAN_POINT('',(-1230.40093843,62.2870007925,1070.38086264));
#5656=CARTESIAN_POINT('',(-1231.00093843,15.0000000147,922.999990992));
#5657=CARTESIAN_POINT('',(-669.000938435,20.0000000083,922.300063182));
#5658=CARTESIAN_POINT('',(-669.000938435,15.1921933591,923.673014464));
#5659=CARTESIAN_POINT('',(-669.000938435,36.3356937521875,997.71341419575));
#5660=CARTESIAN_POINT('',(-669.000938435,57.4791941433,1071.75381392));
#5661=CARTESIAN_POINT('',(-669.000938435,62.2870007925,1070.38086264));
#5662=CARTESIAN_POINT('',(-669.000938435,58.7514668865,1073.91639655));
#5663=CARTESIAN_POINT('',(-669.000938435,61.5610310286156,1076.72596068844));
#5664=CARTESIAN_POINT('',(-669.000938435,64.3705951707,1079.53552483));
#5665=CARTESIAN_POINT('',(-669.000938435,60.8350612647,1083.07105874));
#5666=CARTESIAN_POINT('',(-669.000938435,62.8070365838,1088.));
#5667=CARTESIAN_POINT('',(-669.000938435,59.7790119028,1088.));
#5668=CARTESIAN_POINT('',(-669.000938435,59.7790119028,1088.00003052));
#5669=CARTESIAN_POINT('',(-669.000938435,59.7122711707,1088.00003052));
#5670=CARTESIAN_POINT('',(-669.000938435,59.6455140844,1088.00003052));
#5671=CARTESIAN_POINT('',(-669.000938435,59.5342461483,1088.00001702));
#5672=CARTESIAN_POINT('',(-669.000938435,59.3918497881,1087.99996818));
#5673=CARTESIAN_POINT('',(-669.000938435,59.2494548938,1087.99983678));
#5674=CARTESIAN_POINT('',(-669.000938435,59.1737993539,1087.99973583));
#5675=CARTESIAN_POINT('',(-669.000938435,58.6442317625,1087.9987561));
#5676=CARTESIAN_POINT('',(-669.000938435,58.11469061,1087.99547555));
#5677=CARTESIAN_POINT('',(-669.000938435,57.6606906698,1087.9892526));
#5678=CARTESIAN_POINT('',(-669.000938435,56.6800848932,1087.96455294));
#5679=CARTESIAN_POINT('',(-669.000938435,55.7009770248,1087.90611565));
#5680=CARTESIAN_POINT('',(-669.000938435,55.1743365092,1087.86169354));
#5681=CARTESIAN_POINT('',(-669.000938435,54.2068829654,1087.74937017));
#5682=CARTESIAN_POINT('',(-669.000938435,53.2507145514,1087.56632557));
#5683=CARTESIAN_POINT('',(-669.000938435,52.8142308905,1087.46460265));
#5684=CARTESIAN_POINT('',(-669.000938435,52.0627335792,1087.25160416));
#5685=CARTESIAN_POINT('',(-669.000938435,51.3354919471,1086.96850927));
#5686=CARTESIAN_POINT('',(-669.000938435,51.0296659848,1086.83340388));
#5687=CARTESIAN_POINT('',(-669.000938435,50.4791923112,1086.55740053));
#5688=CARTESIAN_POINT('',(-669.000938435,49.9571122992,1086.23140929));
#5689=CARTESIAN_POINT('',(-669.000938435,49.7253177626,1086.07201303));
#5690=CARTESIAN_POINT('',(-669.000938435,49.1800332494,1085.66027824));
#5691=CARTESIAN_POINT('',(-669.000938435,48.6801133078,1085.193446));
#5692=CARTESIAN_POINT('',(-669.000938435,48.4024670371,1084.90164188));
#5693=CARTESIAN_POINT('',(-669.000938435,47.8637292278,1084.2718407));
#5694=CARTESIAN_POINT('',(-669.000938435,47.3883088614,1083.59256718));
#5695=CARTESIAN_POINT('',(-669.000938435,47.1583446925,1083.23159521));
#5696=CARTESIAN_POINT('',(-669.000938435,46.6852821903,1082.42473109));
#5697=CARTESIAN_POINT('',(-669.000938435,46.2689312518,1081.58677316));
#5698=CARTESIAN_POINT('',(-669.000938435,46.0558773741,1081.12360144));
#5699=CARTESIAN_POINT('',(-669.000938435,45.6220243842,1080.11824492));
#5700=CARTESIAN_POINT('',(-669.000938435,45.2278415554,1079.09647293));
#5701=CARTESIAN_POINT('',(-669.000938435,45.0241596923,1078.54617299));
#5702=CARTESIAN_POINT('',(-669.000938435,44.8156640433,1077.96978376));
#5703=CARTESIAN_POINT('',(-669.000938435,44.607978364,1077.39307633));
#5704=CARTESIAN_POINT('',(-669.000938435,44.5990384906,1077.36824837));
#5705=CARTESIAN_POINT('',(-669.000938435,44.5900994735,1077.34342006));
#5706=CARTESIAN_POINT('',(-669.000938435,44.5811611801,1077.31859147));
#5707=CARTESIAN_POINT('',(-669.000938435,44.5811611801,1077.31859147));
#5708=CARTESIAN_POINT('',(-669.000938435,44.5812013957,1077.31856554));
#5709=CARTESIAN_POINT('',(-669.000938435,44.2955385823,1076.52505516));
#5710=CARTESIAN_POINT('',(-669.000938435,44.0105001145,1075.73132002));
#5711=CARTESIAN_POINT('',(-669.000938435,43.7227045118,1074.92791073));
#5712=CARTESIAN_POINT('',(-669.000938435,34.2182795018,1048.32915395));
#5713=CARTESIAN_POINT('',(-669.000938435,25.4152804315,1021.48038364));
#5714=CARTESIAN_POINT('',(-669.000938435,17.5463773557,995.21939877));
#5715=CARTESIAN_POINT('',(-669.000938435,10.1700029769,968.073608552));
#5716=CARTESIAN_POINT('',(-669.000938435,3.51922496497,940.750678896));
#5717=CARTESIAN_POINT('',(-669.000938435,3.35044547713,940.05524296));
#5718=CARTESIAN_POINT('',(-669.000938435,3.18232322664,939.360446107));
#5719=CARTESIAN_POINT('',(-669.000938435,3.01455665251,938.665085137));
#5720=CARTESIAN_POINT('',(-669.000938435,3.01455665251,938.665085137));
#5721=CARTESIAN_POINT('',(-669.000938435,3.01452854546,938.665041255));
#5722=CARTESIAN_POINT('',(-669.000938435,2.99439252957,938.581581386));
#5723=CARTESIAN_POINT('',(-669.000938435,2.97426333494,938.498119898));
#5724=CARTESIAN_POINT('',(-669.000938435,2.95414377363,938.414656586));
#5725=CARTESIAN_POINT('',(-669.000938435,2.91392907711,938.247724139));
#5726=CARTESIAN_POINT('',(-669.000938435,2.8737740049,938.080778082));
#5727=CARTESIAN_POINT('',(-669.000938435,2.85371403386,937.997300998));
#5728=CARTESIAN_POINT('',(-669.000938435,2.55313839745,936.745161488));
#5729=CARTESIAN_POINT('',(-669.000938435,2.25769618545,935.491832601));
#5730=CARTESIAN_POINT('',(-669.000938435,1.99344923207,934.318727424));
#5731=CARTESIAN_POINT('',(-669.000938435,1.52381305184,932.074165142));
#5732=CARTESIAN_POINT('',(-669.000938435,1.13502639764,929.814353231));
#5733=CARTESIAN_POINT('',(-669.000938435,0.971315025374,928.733943461));
#5734=CARTESIAN_POINT('',(-669.000938435,0.682802731661,926.508968935));
#5735=CARTESIAN_POINT('',(-669.000938435,0.489942002089,924.27359859));
#5736=CARTESIAN_POINT('',(-669.000938435,0.415445179488,923.122077368));
#5737=CARTESIAN_POINT('',(-669.000938435,0.320535341219,921.064205094));
#5738=CARTESIAN_POINT('',(-669.000938435,0.276512686499,919.004596585));
#5739=CARTESIAN_POINT('',(-669.000938435,0.264369564436,918.096840619));
#5740=CARTESIAN_POINT('',(-669.000938435,0.256080377236,917.185217272));
#5741=CARTESIAN_POINT('',(-669.000938435,0.247861365213,916.273569823));
#5742=CARTESIAN_POINT('',(-669.000938435,0.247825651541,916.269608324));
#5743=CARTESIAN_POINT('',(-669.000938435,0.247789342506,916.265580613));
#5744=CARTESIAN_POINT('',(-669.000938435,0.247752203594,916.261460666));
#5745=CARTESIAN_POINT('',(-669.000938435,0.247752203594,916.261460666));
#5746=CARTESIAN_POINT('',(-669.000938435,0.247696184428,916.261461171));
#5747=CARTESIAN_POINT('',(-669.000938435,-1.45421189265,727.475849194));
#5748=CARTESIAN_POINT('',(-669.000938435,-2.34601325308,538.682934128));
#5749=CARTESIAN_POINT('',(-669.000938435,-2.42765120546,349.875762358));
#5750=CARTESIAN_POINT('',(-669.000938435,-1.68809260318,158.226121343));
#5751=CARTESIAN_POINT('',(-669.000938435,-0.113725482251,-33.4167157729));
#5752=CARTESIAN_POINT('',(-669.000938435,-0.0900614574257,-36.2744722644));
#5753=CARTESIAN_POINT('',(-669.000938435,-0.0661846335415,-39.135306361));
#5754=CARTESIAN_POINT('',(-669.000938435,-0.04208955621,-42.));
#5755=CARTESIAN_POINT('',(-669.000938435,0.,0.));
#5756=CARTESIAN_POINT('',(-671.500938464,15.1921933447,923.673014414));
#5757=CARTESIAN_POINT('',(-671.500938464,19.9999999939,922.300063131));
#5758=CARTESIAN_POINT('',(-674.000938436,-0.0420895584972,-42.));
#5759=CARTESIAN_POINT('',(-674.000938435,-5.04192057308,-42.0420492768));
#5760=CARTESIAN_POINT('',(-674.000938435,-5.04191270867749,-42.042053202687));
#5761=CARTESIAN_POINT('',(-673.215540272,-5.04191270867749,-42.042053202687));
#5762=CARTESIAN_POINT('',(-672.430129665,-4.88774019384748,-42.0407568599886));
#5763=CARTESIAN_POINT('',(-671.685145548,-4.57916342265745,-42.0381622261918));
#5764=CARTESIAN_POINT('',(-670.356384245,-3.68651481138737,-42.030656488601));
#5765=CARTESIAN_POINT('',(-669.463704079,-2.35780047726726,-42.0194841404147));
#5766=CARTESIAN_POINT('',(-669.1551164,-1.61284269390719,-42.0132202449223));
#5767=CARTESIAN_POINT('',(-669.000938435,-0.827459850145125,-42.0066164397304));
#5768=CARTESIAN_POINT('',(-669.000938435,-0.0420894490600567,-42.0000127392385));
#5769=CARTESIAN_POINT('',(-674.000938436,-0.0420895584972,-42.));
#5770=CARTESIAN_POINT('',(-1226.00093843,-0.0420973903711,-42.));
#5771=CARTESIAN_POINT('',(-1226.00093843,-5.04192057397,-42.0420492592));
#5772=CARTESIAN_POINT('',(-950.000938436,-5.04192057308,-42.0420492768));
#5773=CARTESIAN_POINT('',(-950.000938436,-0.0420973903711,-42.));
#5774=CARTESIAN_POINT('',(-1231.00093843,-0.0420973911821077,-41.9999999924249));
#5775=CARTESIAN_POINT('',(-1231.00093843,-0.827467780185708,-42.0066050770248));
#5776=CARTESIAN_POINT('',(-1230.84676047,-1.61285061186371,-42.0132102663247));
#5777=CARTESIAN_POINT('',(-1230.53817279,-2.35780838376371,-42.0194754747246));
#5778=CARTESIAN_POINT('',(-1229.64549263,-3.68652269745371,-42.0306501645244));
#5779=CARTESIAN_POINT('',(-1228.31673132,-4.57917129499371,-42.0381574752243));
#5780=CARTESIAN_POINT('',(-1227.5717472,-4.88774806143371,-42.0407526528242));
#5781=CARTESIAN_POINT('',(-1226.7863366,-5.04192057390371,-42.0420492671242));
#5782=CARTESIAN_POINT('',(-1226.00093843,-5.04192057390371,-42.0420492671242));
#5783=CARTESIAN_POINT('',(-1226.00093843,-0.0420973911127,-42.));
#5784=CARTESIAN_POINT('',(-1226.00093843,-5.04192057384,-42.0420492747));
#5785=CARTESIAN_POINT('',(-1226.00093843,-5.84788403391,53.7901929675));
#5786=CARTESIAN_POINT('',(-1226.00093843,-6.4450944353,149.620875422));
#5787=CARTESIAN_POINT('',(-1226.00093843,-6.83360483951,245.458354441));
#5788=CARTESIAN_POINT('',(-1226.00093843,-7.10323891462,389.213031694));
#5789=CARTESIAN_POINT('',(-1226.00093843,-6.90322081391,532.967943903));
#5790=CARTESIAN_POINT('',(-1226.00093843,-6.78436241223,580.885840542));
#5791=CARTESIAN_POINT('',(-1226.00093843,-6.49925334367,660.759592974));
#5792=CARTESIAN_POINT('',(-1226.00093843,-6.06914998403,740.632122088));
#5793=CARTESIAN_POINT('',(-1226.00093843,-5.87386424317,772.587572433));
#5794=CARTESIAN_POINT('',(-1226.00093843,-5.54623677935,820.50380682));
#5795=CARTESIAN_POINT('',(-1226.00093843,-5.16642736159,868.419646524));
#5796=CARTESIAN_POINT('',(-1226.00093843,-5.03408499027,884.384880766));
#5797=CARTESIAN_POINT('',(-1226.00093843,-4.89598692066,900.345826917));
#5798=CARTESIAN_POINT('',(-1226.00093843,-4.75210059646,916.306540543));
#5799=CARTESIAN_POINT('',(-1226.00093843,-4.75204463773,916.306533813));
#5800=CARTESIAN_POINT('',(-1231.00093842971,0.247696188821085,916.261461657775));
#5801=CARTESIAN_POINT('',(-1231.00092991609,-0.537659204616444,916.268543409087));
#5802=CARTESIAN_POINT('',(-1230.84674768973,-1.32302536560891,916.275625258294));
#5803=CARTESIAN_POINT('',(-1230.5381604665,-2.06796668755184,916.282342585508));
#5804=CARTESIAN_POINT('',(-1229.6454834482,-3.39666179155312,916.294323770477));
#5805=CARTESIAN_POINT('',(-1228.31673132,-4.28929950583088,916.302372913134));
#5806=CARTESIAN_POINT('',(-1227.5717472,-4.5978746400171,916.305155414554));
#5807=CARTESIAN_POINT('',(-1226.7863366,-4.75204633696522,916.306545620764));
#5808=CARTESIAN_POINT('',(-1226.00093843,-4.75204633696522,916.306545620764));
#5809=CARTESIAN_POINT('',(-1226.00093843,-5.04192057384,-42.0420492747));
#5810=CARTESIAN_POINT('',(-1226.7863366,-5.04192057384,-42.0420492747));
#5811=CARTESIAN_POINT('',(-1227.5717472,-4.88774806137,-42.0407526604));
#5812=CARTESIAN_POINT('',(-1228.31673132,-4.57917129493,-42.0381574828));
#5813=CARTESIAN_POINT('',(-1229.64549263,-3.68652269739,-42.0306501721));
#5814=CARTESIAN_POINT('',(-1230.53817279,-2.3578083837,-42.0194754823));
#5815=CARTESIAN_POINT('',(-1230.84676047,-1.6128506118,-42.0132102739));
#5816=CARTESIAN_POINT('',(-1231.00093843,-0.827467780122,-42.0066050846));
#5817=CARTESIAN_POINT('',(-1231.00093843,-0.0420973911184,-42.));
#5818=CARTESIAN_POINT('',(-1226.00093843,-5.84788403391,53.7901929675));
#5819=CARTESIAN_POINT('',(-1226.7863366,-5.84788403391,53.7901929676));
#5820=CARTESIAN_POINT('',(-1227.5717472,-5.69370926239,53.7912209705));
#5821=CARTESIAN_POINT('',(-1228.31673132,-5.38512797445,53.7932785214));
#5822=CARTESIAN_POINT('',(-1229.64549263,-4.49246629714,53.7992305897));
#5823=CARTESIAN_POINT('',(-1230.53817279,-3.16373251412,53.8080902892));
#5824=CARTESIAN_POINT('',(-1230.84676047,-2.41876382653,53.8130575737));
#5825=CARTESIAN_POINT('',(-1231.00093843,-1.63336948683,53.8182944074));
#5826=CARTESIAN_POINT('',(-1231.00093843,-0.847987589983,53.823531158));
#5827=CARTESIAN_POINT('',(-1226.00093843,-6.4450944353,149.620875422));
#5828=CARTESIAN_POINT('',(-1226.7863366,-6.44509443525,149.620875416));
#5829=CARTESIAN_POINT('',(-1227.5717472,-6.29091798894,149.621634706));
#5830=CARTESIAN_POINT('',(-1228.31673132,-5.98233334893,149.623154432));
#5831=CARTESIAN_POINT('',(-1229.64549263,-5.08966197483,149.627550689));
#5832=CARTESIAN_POINT('',(-1230.53817279,-3.76091375813,149.63409456));
#5833=CARTESIAN_POINT('',(-1230.84676047,-3.01593697815,149.637763451));
#5834=CARTESIAN_POINT('',(-1231.00093843,-2.23053410694,149.641631436));
#5835=CARTESIAN_POINT('',(-1231.00093843,-1.44514367873,149.645499361));
#5836=CARTESIAN_POINT('',(-1226.00093843,-6.83360483951,245.458354441));
#5837=CARTESIAN_POINT('',(-1226.7863366,-6.83360483947,245.45835443));
#5838=CARTESIAN_POINT('',(-1227.5717472,-6.67942730455,245.458845113));
#5839=CARTESIAN_POINT('',(-1228.31673132,-6.3708404857,245.459827227));
#5840=CARTESIAN_POINT('',(-1229.64549263,-5.47816280865,245.462668293));
#5841=CARTESIAN_POINT('',(-1230.53817279,-4.14940520995,245.466897256));
#5842=CARTESIAN_POINT('',(-1230.84676047,-3.40442316984,245.469268272));
#5843=CARTESIAN_POINT('',(-1231.00093843,-2.61901475306,245.471767953));
#5844=CARTESIAN_POINT('',(-1231.00093843,-1.83361877935,245.474267596));
#5845=CARTESIAN_POINT('',(-1226.00093843,-7.10323891462,389.213031694));
#5846=CARTESIAN_POINT('',(-1226.7863366,-7.10323891462,389.21303168));
#5847=CARTESIAN_POINT('',(-1227.5717472,-6.94906062377,389.213119365));
#5848=CARTESIAN_POINT('',(-1228.31673132,-6.64047229186,389.213294882));
#5849=CARTESIAN_POINT('',(-1229.64549263,-5.7477902378,389.213802631));
#5850=CARTESIAN_POINT('',(-1230.53817279,-4.41902612383,389.214558438));
#5851=CARTESIAN_POINT('',(-1230.84676047,-3.67404043086,389.214982192));
#5852=CARTESIAN_POINT('',(-1231.00093843,-2.88862816296,389.215428945));
#5853=CARTESIAN_POINT('',(-1231.00093843,-2.1032283382,389.215875693));
#5854=CARTESIAN_POINT('',(-1226.00093843,-6.90322081391,532.967943903));
#5855=CARTESIAN_POINT('',(-1226.7863366,-6.90322081394,532.967943893));
#5856=CARTESIAN_POINT('',(-1227.5717472,-6.74904308388,532.96762861));
#5857=CARTESIAN_POINT('',(-1228.31673132,-6.44045587437,532.966997583));
#5858=CARTESIAN_POINT('',(-1229.64549263,-5.54777706718,532.965172163));
#5859=CARTESIAN_POINT('',(-1230.53817279,-4.21901778615,532.962455026));
#5860=CARTESIAN_POINT('',(-1230.84676047,-3.47403480281,532.960931637));
#5861=CARTESIAN_POINT('',(-1231.00093843,-2.68862539158,532.959325584));
#5862=CARTESIAN_POINT('',(-1231.00093843,-1.90322842343,532.957719558));
#5863=CARTESIAN_POINT('',(-1226.00093843,-6.78436241223,580.885840542));
#5864=CARTESIAN_POINT('',(-1226.7863366,-6.78436241226,580.885840534));
#5865=CARTESIAN_POINT('',(-1227.5717472,-6.63018501537,580.885390925));
#5866=CARTESIAN_POINT('',(-1228.31673132,-6.3215984727,580.884491042));
#5867=CARTESIAN_POINT('',(-1229.64549263,-5.4289215945,580.881887876));
#5868=CARTESIAN_POINT('',(-1230.53817279,-4.1001651848,580.878013055));
#5869=CARTESIAN_POINT('',(-1230.84676047,-3.3551838113,580.875840598));
#5870=CARTESIAN_POINT('',(-1231.00093843,-2.56977609727,580.873550255));
#5871=CARTESIAN_POINT('',(-1231.00093843,-1.7843808263,580.871259949));
#5872=CARTESIAN_POINT('',(-1226.00093843,-6.49925334367,660.759592974));
#5873=CARTESIAN_POINT('',(-1226.7863366,-6.49925334369,660.759592969));
#5874=CARTESIAN_POINT('',(-1227.5717472,-6.34507674602,660.758919459));
#5875=CARTESIAN_POINT('',(-1228.31673132,-6.03649180299,660.757571433));
#5876=CARTESIAN_POINT('',(-1229.64549263,-5.14381955224,660.753671879));
#5877=CARTESIAN_POINT('',(-1230.53817279,-3.81507003052,660.747867369));
#5878=CARTESIAN_POINT('',(-1230.84676047,-3.07009251886,660.744613011));
#5879=CARTESIAN_POINT('',(-1231.00093843,-2.28468887623,660.741182056));
#5880=CARTESIAN_POINT('',(-1231.00093843,-1.49929767659,660.737751156));
#5881=CARTESIAN_POINT('',(-1226.00093843,-6.06914998403,740.632122088));
#5882=CARTESIAN_POINT('',(-1226.7863366,-6.06914998404,740.632122086));
#5883=CARTESIAN_POINT('',(-1227.5717472,-5.91497459203,740.631224679));
#5884=CARTESIAN_POINT('',(-1228.31673132,-5.60639206215,740.629428516));
#5885=CARTESIAN_POINT('',(-1229.64549263,-4.71372679215,740.624232593));
#5886=CARTESIAN_POINT('',(-1230.53817279,-3.38498766137,740.616498424));
#5887=CARTESIAN_POINT('',(-1230.84676047,-2.6400159755,740.61216218));
#5888=CARTESIAN_POINT('',(-1231.00093843,-1.8546184748,740.607590631));
#5889=CARTESIAN_POINT('',(-1231.00093843,-1.06923341701,740.603019154));
#5890=CARTESIAN_POINT('',(-1226.00093843,-5.87386424317,772.587572433));
#5891=CARTESIAN_POINT('',(-1226.7863366,-5.87386424317,772.587572433));
#5892=CARTESIAN_POINT('',(-1227.5717472,-5.71968939858,772.586585447));
#5893=CARTESIAN_POINT('',(-1228.31673132,-5.41110796438,772.584609994));
#5894=CARTESIAN_POINT('',(-1229.64549263,-4.51844586395,772.578895418));
#5895=CARTESIAN_POINT('',(-1230.53817279,-3.18971145111,772.570389229));
#5896=CARTESIAN_POINT('',(-1230.84676047,-2.4447424104,772.565620144));
#5897=CARTESIAN_POINT('',(-1231.00093843,-1.65934769842,772.560592266));
#5898=CARTESIAN_POINT('',(-1231.00093843,-0.873965429294,772.555564467));
#5899=CARTESIAN_POINT('',(-1226.00093843,-5.54623677935,820.50380682));
#5900=CARTESIAN_POINT('',(-1226.7863366,-5.54623677934,820.503806821));
#5901=CARTESIAN_POINT('',(-1227.5717472,-5.39206285316,820.502685516));
#5902=CARTESIAN_POINT('',(-1228.31673132,-5.08348325716,820.500441221));
#5903=CARTESIAN_POINT('',(-1229.64549263,-4.19082647428,820.49394894));
#5904=CARTESIAN_POINT('',(-1230.53817279,-2.86209997666,820.48428513));
#5905=CARTESIAN_POINT('',(-1230.84676047,-2.11713537371,820.478867013));
#5906=CARTESIAN_POINT('',(-1231.00093843,-1.3317453403,820.473154881));
#5907=CARTESIAN_POINT('',(-1231.00093843,-0.546367749677,820.46744284));
#5908=CARTESIAN_POINT('',(-1226.00093843,-5.16642736159,868.419646524));
#5909=CARTESIAN_POINT('',(-1226.7863366,-5.16642736159,868.419646524));
#5910=CARTESIAN_POINT('',(-1227.5717472,-5.01225450011,868.4183909));
#5911=CARTESIAN_POINT('',(-1228.31673132,-4.7036770351,868.415877764));
#5912=CARTESIAN_POINT('',(-1229.64549263,-3.81102641675,868.408607782));
#5913=CARTESIAN_POINT('',(-1230.53817279,-2.48230909508,868.397786358));
#5914=CARTESIAN_POINT('',(-1230.84676047,-1.73734963671,868.391719212));
#5915=CARTESIAN_POINT('',(-1231.00093843,-0.951965027058,868.385322833));
#5916=CARTESIAN_POINT('',(-1231.00093843,-0.166592860104,868.378926555));
#5917=CARTESIAN_POINT('',(-1226.00093843,-5.03408499027,884.384880766));
#5918=CARTESIAN_POINT('',(-1226.7863366,-5.03408499027,884.384880766));
#5919=CARTESIAN_POINT('',(-1227.5717472,-4.87991244972,884.383585948));
#5920=CARTESIAN_POINT('',(-1228.31673132,-4.57133562706,884.380994364));
#5921=CARTESIAN_POINT('',(-1229.64549262,-3.67868686688,884.37349745));
#5922=CARTESIAN_POINT('',(-1230.53817279,-2.34997231103,884.362338236));
#5923=CARTESIAN_POINT('',(-1230.84676047,-1.60501440333,884.356081704));
#5924=CARTESIAN_POINT('',(-1231.00093843,-0.81963142845,884.349485662));
#5925=CARTESIAN_POINT('',(-1231.00093843,-0.0342608961849,884.342889725));
#5926=CARTESIAN_POINT('',(-1226.00093843,-4.89598692066,900.345826917));
#5927=CARTESIAN_POINT('',(-1226.7863366,-4.89598692066,900.345826917));
#5928=CARTESIAN_POINT('',(-1227.5717472,-4.74181481728,900.344481796));
#5929=CARTESIAN_POINT('',(-1228.31673132,-4.43323886963,900.341789532));
#5930=CARTESIAN_POINT('',(-1229.64549263,-3.54059264067,900.334001371));
#5931=CARTESIAN_POINT('',(-1230.53817279,-2.21188185264,900.322408633));
#5932=CARTESIAN_POINT('',(-1230.84676047,-1.46692605744,900.315909042));
#5933=CARTESIAN_POINT('',(-1231.00093843,-0.681545309724,900.309056751));
#5934=CARTESIAN_POINT('',(-1231.00093843,0.10382299535,900.302204569));
#5935=CARTESIAN_POINT('',(-1226.00093843,-4.75210059646,916.306540543));
#5936=CARTESIAN_POINT('',(-1226.7863366,-4.75210059646,916.306540543));
#5937=CARTESIAN_POINT('',(-1227.5717472,-4.59792889644,916.305150681));
#5938=CARTESIAN_POINT('',(-1228.31673132,-4.28935375608,916.302368866));
#5939=CARTESIAN_POINT('',(-1229.64549263,-3.39670986248,916.294321654));
#5940=CARTESIAN_POINT('',(-1230.53817279,-2.06800255064,916.282343317));
#5941=CARTESIAN_POINT('',(-1230.84676047,-1.3230487044,916.275627535));
#5942=CARTESIAN_POINT('',(-1231.00093843,-0.537670011412,916.268547322));
#5943=CARTESIAN_POINT('',(-1231.00093843,0.24769623897,916.261467221));
#5944=CARTESIAN_POINT('',(-1226.00093843071,-4.75204644381,916.306533768));
#5945=CARTESIAN_POINT('',(-1226.00093843071,-4.72867708966,918.898999455));
#5946=CARTESIAN_POINT('',(-1226.00093843071,-4.7048738218,921.589011723));
#5947=CARTESIAN_POINT('',(-1226.00093844072,-4.58816968362,924.370269623));
#5948=CARTESIAN_POINT('',(-1226.00093843071,-4.09568265517,929.251778575));
#5949=CARTESIAN_POINT('',(-1226.00093844072,-3.20730854705,934.014328763));
#5950=CARTESIAN_POINT('',(-1226.00093844072,-2.76699147499,936.005125959));
#5951=CARTESIAN_POINT('',(-1226.00093843071,-2.30244052024,937.945899847));
#5952=CARTESIAN_POINT('',(-1226.00093843071,-1.84600826078,939.837722778));
#5953=CARTESIAN_POINT('',(-1226.00093843,-1.84600826078,939.837722778));
#5954=CARTESIAN_POINT('',(-1231.00093842996,3.0145381591705,938.665081101837));
#5955=CARTESIAN_POINT('',(-1231.00093549389,2.25105011048539,938.849283130924));
#5956=CARTESIAN_POINT('',(-1230.84675606255,1.48755052733462,939.033487942523));
#5957=CARTESIAN_POINT('',(-1230.53816854006,0.7633498476994,939.20821135168));
#5958=CARTESIAN_POINT('',(-1229.64548946697,-0.528345299980093,939.519850633379));
#5959=CARTESIAN_POINT('',(-1228.31673132,-1.39612458926,939.729214364));
#5960=CARTESIAN_POINT('',(-1227.5717472,-1.69610508016,939.801588797));
#5961=CARTESIAN_POINT('',(-1226.7863366,-1.84598268276,939.837748838));
#5962=CARTESIAN_POINT('',(-1226.00093843,-1.84598268276,939.837748838));
#5963=CARTESIAN_POINT('',(-1226.00093843,-1.84600826078,939.837722778));
#5964=CARTESIAN_POINT('',(-1226.7863366,-1.84600826078,939.837722778));
#5965=CARTESIAN_POINT('',(-1227.5717472,-1.69613072633,939.801562448));
#5966=CARTESIAN_POINT('',(-1228.31673132,-1.39615037182,939.729187434));
#5967=CARTESIAN_POINT('',(-1229.64549263,-0.528369411401,939.519821527));
#5968=CARTESIAN_POINT('',(-1230.53817279,0.763329232858,939.208178761));
#5969=CARTESIAN_POINT('',(-1230.84676047,1.48753377712,939.033452939));
#5970=CARTESIAN_POINT('',(-1231.00093843,2.25103720931,938.849245638));
#5971=CARTESIAN_POINT('',(-1231.00093843,3.01452854546,938.665041255));
#5972=CARTESIAN_POINT('',(-1226.00093843,-2.30244052024,937.945899847));
#5973=CARTESIAN_POINT('',(-1226.7863366,-2.30244052024,937.945899847));
#5974=CARTESIAN_POINT('',(-1227.5717472,-2.15250964332,937.909960611));
#5975=CARTESIAN_POINT('',(-1228.31673132,-1.8524225237,937.838028118));
#5976=CARTESIAN_POINT('',(-1229.64549263,-0.984332713955,937.629942331));
#5977=CARTESIAN_POINT('',(-1230.53817279,0.30782565491,937.320205034));
#5978=CARTESIAN_POINT('',(-1230.84676047,1.03228794865,937.146547534));
#5979=CARTESIAN_POINT('',(-1231.00093843,1.79606311707,936.963466526));
#5980=CARTESIAN_POINT('',(-1231.00093843,2.55982618514,936.780388419));
#5981=CARTESIAN_POINT('',(-1226.00093844,-2.76699147499,936.005125959));
#5982=CARTESIAN_POINT('',(-1226.78633665,-2.7669914748,936.00512596));
#5983=CARTESIAN_POINT('',(-1227.57174731,-2.61664906283,935.970894162));
#5984=CARTESIAN_POINT('',(-1228.31673146,-2.31573825465,935.902379111));
#5985=CARTESIAN_POINT('',(-1229.64549282,-1.44526568916,935.704179275));
#5986=CARTESIAN_POINT('',(-1230.53817296,-0.149560589438,935.409157296));
#5987=CARTESIAN_POINT('',(-1230.84676061,0.576890209637,935.243750095));
#5988=CARTESIAN_POINT('',(-1231.00093851,1.34276177807,935.069367093));
#5989=CARTESIAN_POINT('',(-1231.00093843,2.10862119794,934.894986856));
#5990=CARTESIAN_POINT('',(-1226.00093844,-3.20730854705,934.014328763));
#5991=CARTESIAN_POINT('',(-1226.78633661,-3.20730854723,934.014328762));
#5992=CARTESIAN_POINT('',(-1227.57174723,-3.05624023879,933.983116166));
#5993=CARTESIAN_POINT('',(-1228.31673135,-2.75387654625,933.920644058));
#5994=CARTESIAN_POINT('',(-1229.64549267,-1.87920108387,933.739925207));
#5995=CARTESIAN_POINT('',(-1230.53817283,-0.577239924346,933.470923805));
#5996=CARTESIAN_POINT('',(-1230.8467605,0.152718406453,933.320105317));
#5997=CARTESIAN_POINT('',(-1231.00093845,0.922287851363,933.161102679));
#5998=CARTESIAN_POINT('',(-1231.00093843,1.69184510084,933.00210256));
#5999=CARTESIAN_POINT('',(-1226.00093843,-4.09568265517,929.251778575));
#6000=CARTESIAN_POINT('',(-1226.78633658,-4.09568265493,929.251778577));
#6001=CARTESIAN_POINT('',(-1227.57174718,-3.94283914124,929.229979881));
#6002=CARTESIAN_POINT('',(-1228.31673128,-3.63692237026,929.186349721));
#6003=CARTESIAN_POINT('',(-1229.64549257,-2.75196858698,929.060136715));
#6004=CARTESIAN_POINT('',(-1230.53817274,-1.43470805824,928.872267681));
#6005=CARTESIAN_POINT('',(-1230.84676043,-0.696171970355,928.766936914));
#6006=CARTESIAN_POINT('',(-1231.00093841,0.0824407085682,928.655890383));
#6007=CARTESIAN_POINT('',(-1231.00093843,0.861041056471,928.544845611));
#6008=CARTESIAN_POINT('',(-1226.00093844,-4.58816968362,924.370269623));
#6009=CARTESIAN_POINT('',(-1226.78633662,-4.58816968393,924.370269621));
#6010=CARTESIAN_POINT('',(-1227.57174724,-4.43410437559,924.359954327));
#6011=CARTESIAN_POINT('',(-1228.31673138,-4.12574217819,924.339308237));
#6012=CARTESIAN_POINT('',(-1229.6454927,-3.23371428576,924.279583382));
#6013=CARTESIAN_POINT('',(-1230.53817286,-1.90592390357,924.190682478));
#6014=CARTESIAN_POINT('',(-1230.84676052,-1.16148414632,924.140839244));
#6015=CARTESIAN_POINT('',(-1231.00093847,-0.376647443736,924.088291273));
#6016=CARTESIAN_POINT('',(-1231.00093843,0.408176818956,924.035744134));
#6017=CARTESIAN_POINT('',(-1226.00093843,-4.7048738218,921.589011723));
#6018=CARTESIAN_POINT('',(-1226.78633657,-4.70487382169,921.589011724));
#6019=CARTESIAN_POINT('',(-1227.57174714,-4.55072145504,921.584514381));
#6020=CARTESIAN_POINT('',(-1228.31673123,-4.24218501065,921.575512931));
#6021=CARTESIAN_POINT('',(-1229.6454925,-3.34965305382,921.549473605));
#6022=CARTESIAN_POINT('',(-1230.53817268,-2.0211123485,921.510713864));
#6023=CARTESIAN_POINT('',(-1230.84676038,-1.27625190756,921.488982804));
#6024=CARTESIAN_POINT('',(-1231.00093839,-0.490971681211,921.46607251));
#6025=CARTESIAN_POINT('',(-1231.00093843,0.294296113721,921.443162578));
#6026=CARTESIAN_POINT('',(-1226.00093843,-4.72867708966,918.898999455));
#6027=CARTESIAN_POINT('',(-1226.7863366,-4.72867708966,918.898999455));
#6028=CARTESIAN_POINT('',(-1227.5717472,-4.57450580598,918.89756329));
#6029=CARTESIAN_POINT('',(-1228.31673132,-4.26593149896,918.894688801));
#6030=CARTESIAN_POINT('',(-1229.64549262,-3.3732900159,918.886373502));
#6031=CARTESIAN_POINT('',(-1230.53817279,-2.04458629174,918.873996115));
#6032=CARTESIAN_POINT('',(-1230.84676047,-1.29963445682,918.867056602));
#6033=CARTESIAN_POINT('',(-1231.00093843,-0.514257884029,918.859740517));
#6034=CARTESIAN_POINT('',(-1231.00093843,0.271106246524,918.852424548));
#6035=CARTESIAN_POINT('',(-1226.00093843,-4.75204644381,916.306533768));
#6036=CARTESIAN_POINT('',(-1226.7863366,-4.75204644381,916.306533768));
#6037=CARTESIAN_POINT('',(-1227.5717472,-4.59787474686,916.305143562));
#6038=CARTESIAN_POINT('',(-1228.31673132,-4.28929961267,916.302361061));
#6039=CARTESIAN_POINT('',(-1229.64549262,-3.39665573689,916.294311864));
#6040=CARTESIAN_POINT('',(-1230.53817279,-2.06794845153,916.282330571));
#6041=CARTESIAN_POINT('',(-1230.84676047,-1.32299462011,916.275613132));
#6042=CARTESIAN_POINT('',(-1231.00093843,-0.537615942726,916.268531171));
#6043=CARTESIAN_POINT('',(-1231.00093843,0.247750292091,916.261449323));
#6044=CARTESIAN_POINT('',(-1226.00093843,-1.84598268276,939.837748838));
#6045=CARTESIAN_POINT('',(-1226.00093843,1.56332563767,953.968624595));
#6046=CARTESIAN_POINT('',(-1226.00093843,5.16637095881,968.054686481));
#6047=CARTESIAN_POINT('',(-1226.00093845,8.9610624111,982.088169492));
#6048=CARTESIAN_POINT('',(-1226.0009385,16.9326204963929,1010.05049382248));
#6049=CARTESIAN_POINT('',(-1226.0009385,25.6616087779478,1037.78446316754));
#6050=CARTESIAN_POINT('',(-1226.00093848,30.2141549666298,1051.59166158901));
#6051=CARTESIAN_POINT('',(-1226.00093843,34.9530757429717,1065.33520492523));
#6052=CARTESIAN_POINT('',(-1226.00093843,39.8767526104935,1079.01213030906));
#6053=CARTESIAN_POINT('',(-1226.00093843,39.8767090244,1079.012146));
#6054=CARTESIAN_POINT('',(-1231.00093843,44.5811576792072,1077.3185808252));
#6055=CARTESIAN_POINT('',(-1231.00093843,43.8421862044994,1077.58460984212));
#6056=CARTESIAN_POINT('',(-1230.84676047,43.1032030220918,1077.85064306904));
#6057=CARTESIAN_POINT('',(-1230.53817279,42.4022566265706,1078.10298308509));
#6058=CARTESIAN_POINT('',(-1229.64549263,41.1520414546777,1078.55305932372));
#6059=CARTESIAN_POINT('',(-1228.31673132,40.3121296630021,1078.85542675296));
#6060=CARTESIAN_POINT('',(-1227.5717472,40.0217833099958,1078.95995115961));
#6061=CARTESIAN_POINT('',(-1226.7863366,39.8767191587918,1079.01217411293));
#6062=CARTESIAN_POINT('',(-1226.00093843,39.8767191587918,1079.01217411293));
#6063=CARTESIAN_POINT('',(-1226.00093843,39.87676259,1079.01215803));
#6064=CARTESIAN_POINT('',(-1226.7863366,39.87676259,1079.01215803));
#6065=CARTESIAN_POINT('',(-1227.5717472,40.0218267501,1078.9599351));
#6066=CARTESIAN_POINT('',(-1228.31673132,40.3121731206,1078.85541074));
#6067=CARTESIAN_POINT('',(-1229.64549263,41.1520849632,1078.55304346));
#6068=CARTESIAN_POINT('',(-1230.53817279,42.402300211,1078.10296743));
#6069=CARTESIAN_POINT('',(-1230.84676047,43.103246649,1077.85062753));
#6070=CARTESIAN_POINT('',(-1231.00093843,43.8422298761,1077.58459442));
#6071=CARTESIAN_POINT('',(-1231.00093843,44.5812013957,1077.31856554));
#6072=CARTESIAN_POINT('',(-1226.00093843,34.953083427,1065.33522721));
#6073=CARTESIAN_POINT('',(-1226.7863366,34.953083427,1065.33522721));
#6074=CARTESIAN_POINT('',(-1227.5717472,35.0987120573,1065.28457226));
#6075=CARTESIAN_POINT('',(-1228.31673132,35.3901882169,1065.18318622));
#6076=CARTESIAN_POINT('',(-1229.64549263,36.2333683047,1064.88989742));
#6077=CARTESIAN_POINT('',(-1230.53817279,37.4884483607,1064.45333479));
#6078=CARTESIAN_POINT('',(-1230.84676047,38.192122305,1064.20857132));
#6079=CARTESIAN_POINT('',(-1231.00093843,38.9339810464,1063.95052579));
#6080=CARTESIAN_POINT('',(-1231.00093843,39.6758280346,1063.69248434));
#6081=CARTESIAN_POINT('',(-1226.00093848,30.214160503,1051.59167838));
#6082=CARTESIAN_POINT('',(-1226.78633663,30.2141605036,1051.59167839));
#6083=CARTESIAN_POINT('',(-1227.57174723,30.3603334657,1051.54260195));
#6084=CARTESIAN_POINT('',(-1228.31673135,30.6528991062,1051.4443753));
#6085=CARTESIAN_POINT('',(-1229.64549264,31.499230836,1051.16022597));
#6086=CARTESIAN_POINT('',(-1230.5381728,32.7590021343,1050.73726751));
#6087=CARTESIAN_POINT('',(-1230.84676047,33.4653062733,1050.50013136));
#6088=CARTESIAN_POINT('',(-1231.00093844,34.2099379363,1050.25012704));
#6089=CARTESIAN_POINT('',(-1231.00093843,34.9545578022,1050.00012668));
#6090=CARTESIAN_POINT('',(-1226.0009385,25.6616123164,1037.78447441));
#6091=CARTESIAN_POINT('',(-1226.78633665,25.6616123175,1037.78447441));
#6092=CARTESIAN_POINT('',(-1227.57174725,25.8083106944,1037.73699306));
#6093=CARTESIAN_POINT('',(-1228.31673136,26.1019279538,1037.64195897));
#6094=CARTESIAN_POINT('',(-1229.64549264,26.9513017985,1037.36704506));
#6095=CARTESIAN_POINT('',(-1230.5381728,28.2156013077,1036.95783358));
#6096=CARTESIAN_POINT('',(-1230.84676047,28.9244442359,1036.72840483));
#6097=CARTESIAN_POINT('',(-1231.00093844,29.6717524553,1036.48652614));
#6098=CARTESIAN_POINT('',(-1231.00093843,30.419048835,1036.24465129));
#6099=CARTESIAN_POINT('',(-1226.0009385,16.9326221121,1010.05049949));
#6100=CARTESIAN_POINT('',(-1226.78633665,16.9326221134,1010.0504995));
#6101=CARTESIAN_POINT('',(-1227.57174725,17.080323449,1010.0062015));
#6102=CARTESIAN_POINT('',(-1228.31673136,17.3759481332,1009.9175389));
#6103=CARTESIAN_POINT('',(-1229.64549264,18.2311290412,1009.66105639));
#6104=CARTESIAN_POINT('',(-1230.5381728,19.5040724085,1009.27928019));
#6105=CARTESIAN_POINT('',(-1230.84676047,20.2177616075,1009.06523331));
#6106=CARTESIAN_POINT('',(-1231.00093844,20.9701790799,1008.8395712));
#6107=CARTESIAN_POINT('',(-1231.00093843,21.7225846316,1008.61391267));
#6108=CARTESIAN_POINT('',(-1226.00093845,8.9610624111,982.088169492));
#6109=CARTESIAN_POINT('',(-1226.78633661,8.96106241179,982.088169494));
#6110=CARTESIAN_POINT('',(-1227.57174722,9.10968854166,982.047117191));
#6111=CARTESIAN_POINT('',(-1228.31673133,9.40716420527,981.964950876));
#6112=CARTESIAN_POINT('',(-1229.64549263,10.2676996135,981.727260762));
#6113=CARTESIAN_POINT('',(-1230.53817279,11.5486131966,981.373457192));
#6114=CARTESIAN_POINT('',(-1230.84676047,12.2667709818,981.175093468));
#6115=CARTESIAN_POINT('',(-1231.00093844,13.0238995279,980.965965556));
#6116=CARTESIAN_POINT('',(-1231.00093843,13.7810160788,980.756840956));
#6117=CARTESIAN_POINT('',(-1226.00093843,5.16637095881,968.054686481));
#6118=CARTESIAN_POINT('',(-1226.7863366,5.16637095895,968.054686482));
#6119=CARTESIAN_POINT('',(-1227.5717472,5.31542871269,968.015226727));
#6120=CARTESIAN_POINT('',(-1228.31673132,5.61376827336,967.936247902));
#6121=CARTESIAN_POINT('',(-1229.64549262,6.47680275729,967.707778541));
#6122=CARTESIAN_POINT('',(-1230.53817279,7.76143623455,967.367700136));
#6123=CARTESIAN_POINT('',(-1230.84676047,8.48167961797,967.177031571));
#6124=CARTESIAN_POINT('',(-1231.00093843,9.2410069373,966.976016395));
#6125=CARTESIAN_POINT('',(-1231.00093843,10.0003222267,966.775004404));
#6126=CARTESIAN_POINT('',(-1226.00093843,1.56332563767,953.968624595));
#6127=CARTESIAN_POINT('',(-1226.7863366,1.56332563767,953.968624596));
#6128=CARTESIAN_POINT('',(-1227.57174721,1.71281147839,953.930840795));
#6129=CARTESIAN_POINT('',(-1228.31673132,2.01200785665,953.8552164));
#6130=CARTESIAN_POINT('',(-1229.64549263,2.87752093634,953.636450706));
#6131=CARTESIAN_POINT('',(-1230.53817279,4.16584382263,953.310816287));
#6132=CARTESIAN_POINT('',(-1230.84676047,4.88815571237,953.128245896));
#6133=CARTESIAN_POINT('',(-1231.00093844,5.6496637853,952.93576834));
#6134=CARTESIAN_POINT('',(-1231.00093843,6.41115979378,952.743293835));
#6135=CARTESIAN_POINT('',(-1226.00093843,-1.84598268276,939.837748838));
#6136=CARTESIAN_POINT('',(-1226.7863366,-1.84598268276,939.837748838));
#6137=CARTESIAN_POINT('',(-1227.5717472,-1.69610508016,939.801588797));
#6138=CARTESIAN_POINT('',(-1228.31673132,-1.39612458926,939.729214364));
#6139=CARTESIAN_POINT('',(-1229.64549263,-0.52834323428,939.519850135));
#6140=CARTESIAN_POINT('',(-1230.53817279,0.763355997318,939.208209868));
#6141=CARTESIAN_POINT('',(-1230.84676047,1.48756087088,939.033485447));
#6142=CARTESIAN_POINT('',(-1231.00093843,2.25106465027,938.849279623));
#6143=CARTESIAN_POINT('',(-1231.00093843,3.01455633362,938.665076717));
#6144=CARTESIAN_POINT('',(-1226.00093843313,39.8767090345,1079.01214599));
#6145=CARTESIAN_POINT('',(-1226.00093843313,39.9023088359,1079.08325629));
#6146=CARTESIAN_POINT('',(-1226.00093843313,39.929093982,1079.15763808));
#6147=CARTESIAN_POINT('',(-1226.00093843313,39.9651245674,1079.25763781));
#6148=CARTESIAN_POINT('',(-1226.00093843313,40.049612003,1079.49187562));
#6149=CARTESIAN_POINT('',(-1226.00093844313,40.135483116,1079.72899993));
#6150=CARTESIAN_POINT('',(-1226.00093844313,40.1958132485,1079.89487449));
#6151=CARTESIAN_POINT('',(-1226.00093843313,40.3181876778,1080.22933652));
#6152=CARTESIAN_POINT('',(-1226.00093844313,40.4444241758,1080.56917426));
#6153=CARTESIAN_POINT('',(-1226.00093844313,40.5086196589,1080.74043251));
#6154=CARTESIAN_POINT('',(-1226.00093844313,40.6393937325,1081.08559139));
#6155=CARTESIAN_POINT('',(-1226.00093844313,40.775434058,1081.43596083));
#6156=CARTESIAN_POINT('',(-1226.00093844313,40.8448957929,1081.61242962));
#6157=CARTESIAN_POINT('',(-1226.00093843313,41.1304077795,1082.32675786));
#6158=CARTESIAN_POINT('',(-1226.00093844313,41.4438985409,1083.06143858));
#6159=CARTESIAN_POINT('',(-1226.00093844313,41.6999666232,1083.62570451));
#6160=CARTESIAN_POINT('',(-1226.00093843313,42.2155146867,1084.67901233));
#6161=CARTESIAN_POINT('',(-1226.00093844313,42.8407373942,1085.76139789));
#6162=CARTESIAN_POINT('',(-1226.00093843313,43.1528961161,1086.26018233));
#6163=CARTESIAN_POINT('',(-1226.00093844313,44.0440834486,1087.55567959));
#6164=CARTESIAN_POINT('',(-1226.00093843313,45.1804468369,1088.83084339));
#6165=CARTESIAN_POINT('',(-1226.00093843313,45.9950418241,1089.58783374));
#6166=CARTESIAN_POINT('',(-1226.00093844313,47.8372884479,1090.92509549));
#6167=CARTESIAN_POINT('',(-1226.00093843313,49.8364866328,1091.81236382));
#6168=CARTESIAN_POINT('',(-1226.00093844313,50.829022369,1092.13334195));
#6169=CARTESIAN_POINT('',(-1226.00093843313,52.3805975169,1092.52040522));
#6170=CARTESIAN_POINT('',(-1226.00093844313,53.8350669168,1092.73887462));
#6171=CARTESIAN_POINT('',(-1226.00093844313,54.3809933671,1092.80414079));
#6172=CARTESIAN_POINT('',(-1226.00093843313,55.8840478132,1092.9451511));
#6173=CARTESIAN_POINT('',(-1226.00093844313,57.2836769611,1092.99082692));
#6174=CARTESIAN_POINT('',(-1226.00093844313,58.150059515,1093.00003088));
#6175=CARTESIAN_POINT('',(-1226.00093843313,58.9815436572,1093.00003052));
#6176=CARTESIAN_POINT('',(-1226.00093843313,59.7790527744,1093.00003052));
#6177=CARTESIAN_POINT('',(-1226.00093843,59.7790527744,1093.00003052));
#6178=CARTESIAN_POINT('',(-1231.00093842991,59.7790527744,1088.00003052));
#6179=CARTESIAN_POINT('',(-1231.00093043982,59.7790527744,1089.3090223723));
#6180=CARTESIAN_POINT('',(-1230.46206138568,59.7790527744,1090.60995050599));
#6181=CARTESIAN_POINT('',(-1228.61086170525,59.7790527744,1092.46113888674));
#6182=CARTESIAN_POINT('',(-1227.30993028233,59.7790527744,1093.));
#6183=CARTESIAN_POINT('',(-1226.00093843,59.7790527743999,1093.));
#6184=CARTESIAN_POINT('',(-1226.00093843,59.7790527744,1093.00003052));
#6185=CARTESIAN_POINT('',(-1226.7863366,59.7790527744,1093.00003052));
#6186=CARTESIAN_POINT('',(-1227.5717472,59.7790527744,1092.84585255));
#6187=CARTESIAN_POINT('',(-1228.31673132,59.7790527744,1092.53726487));
#6188=CARTESIAN_POINT('',(-1229.64549263,59.7790527744,1091.64458471));
#6189=CARTESIAN_POINT('',(-1230.53817279,59.7790527744,1090.3158234));
#6190=CARTESIAN_POINT('',(-1230.84676047,59.7790527744,1089.57083929));
#6191=CARTESIAN_POINT('',(-1231.00093843,59.7790527744,1088.78542868));
#6192=CARTESIAN_POINT('',(-1231.00093843,59.7790527744,1088.00003052));
#6193=CARTESIAN_POINT('',(-1226.00093843,58.9815436572,1093.00003052));
#6194=CARTESIAN_POINT('',(-1226.7863366,58.9815436572,1093.00003052));
#6195=CARTESIAN_POINT('',(-1227.5717472,58.9815436016,1092.84585255));
#6196=CARTESIAN_POINT('',(-1228.31673132,58.9815434903,1092.53726487));
#6197=CARTESIAN_POINT('',(-1229.64549263,58.9815431683,1091.64458471));
#6198=CARTESIAN_POINT('',(-1230.53817279,58.9815426891,1090.3158234));
#6199=CARTESIAN_POINT('',(-1230.84676047,58.9815424203,1089.57083929));
#6200=CARTESIAN_POINT('',(-1231.00093843,58.981542137,1088.78542868));
#6201=CARTESIAN_POINT('',(-1231.00093843,58.9815418537,1088.00003052));
#6202=CARTESIAN_POINT('',(-1226.00093844,58.150059515,1093.00003088));
#6203=CARTESIAN_POINT('',(-1226.78633663,58.1500595223,1093.00003088));
#6204=CARTESIAN_POINT('',(-1227.57174727,58.151108353,1092.8458529));
#6205=CARTESIAN_POINT('',(-1228.31673142,58.1532075834,1092.53726519));
#6206=CARTESIAN_POINT('',(-1229.64549276,58.1592802138,1091.64458495));
#6207=CARTESIAN_POINT('',(-1230.53817291,58.1683193613,1090.31582355));
#6208=CARTESIAN_POINT('',(-1230.84676056,58.1733872535,1089.57083939));
#6209=CARTESIAN_POINT('',(-1231.00093849,58.1787301531,1088.78542873));
#6210=CARTESIAN_POINT('',(-1231.00093843,58.184072967,1088.00003054));
#6211=CARTESIAN_POINT('',(-1226.00093844,57.2836769611,1092.99082692));
#6212=CARTESIAN_POINT('',(-1226.78633666,57.2836769864,1092.99082692));
#6213=CARTESIAN_POINT('',(-1227.57174733,57.286865205,1092.83665321));
#6214=CARTESIAN_POINT('',(-1228.3167315,57.293246408,1092.52807403));
#6215=CARTESIAN_POINT('',(-1229.64549287,57.311705878,1091.63541845));
#6216=CARTESIAN_POINT('',(-1230.53817301,57.3391829051,1090.30669378));
#6217=CARTESIAN_POINT('',(-1230.84676064,57.3545881852,1089.5617302));
#6218=CARTESIAN_POINT('',(-1231.00093853,57.370829425,1088.77634127));
#6219=CARTESIAN_POINT('',(-1231.00093843,57.3870704016,1087.9909648));
#6220=CARTESIAN_POINT('',(-1226.00093843,55.8840478132,1092.9451511));
#6221=CARTESIAN_POINT('',(-1226.78633656,55.8840477994,1092.9451511));
#6222=CARTESIAN_POINT('',(-1227.57174713,55.8923840049,1092.79107075));
#6223=CARTESIAN_POINT('',(-1228.31673122,55.9090689606,1092.48267846));
#6224=CARTESIAN_POINT('',(-1229.64549249,55.9573350925,1091.59056351));
#6225=CARTESIAN_POINT('',(-1230.53817267,56.0291796213,1090.26264351));
#6226=CARTESIAN_POINT('',(-1230.84676038,56.069460022,1089.51813108));
#6227=CARTESIAN_POINT('',(-1231.00093838,56.111926238,1088.73321774));
#6228=CARTESIAN_POINT('',(-1231.00093843,56.1543917844,1087.94831683));
#6229=CARTESIAN_POINT('',(-1226.00093844,54.3809933671,1092.80414079));
#6230=CARTESIAN_POINT('',(-1226.78633662,54.3809933746,1092.80414079));
#6231=CARTESIAN_POINT('',(-1227.57174724,54.3978386012,1092.65083801));
#6232=CARTESIAN_POINT('',(-1228.31673138,54.4315543671,1092.344002));
#6233=CARTESIAN_POINT('',(-1229.6454927,54.5290870784,1091.45638908));
#6234=CARTESIAN_POINT('',(-1230.53817286,54.6742652596,1090.13517042));
#6235=CARTESIAN_POINT('',(-1230.84676052,54.7556609447,1089.39441516));
#6236=CARTESIAN_POINT('',(-1231.00093846,54.8414735567,1088.6134629));
#6237=CARTESIAN_POINT('',(-1231.00093843,54.9272848074,1087.83252302));
#6238=CARTESIAN_POINT('',(-1226.00093844,53.8350669168,1092.73887462));
#6239=CARTESIAN_POINT('',(-1226.78633662,53.8350669249,1092.73887462));
#6240=CARTESIAN_POINT('',(-1227.57174725,53.8553792817,1092.58597496));
#6241=CARTESIAN_POINT('',(-1228.31673139,53.8960345188,1092.27994579));
#6242=CARTESIAN_POINT('',(-1229.64549271,54.0136416806,1091.39466688));
#6243=CARTESIAN_POINT('',(-1230.53817287,54.1887008342,1090.0769224));
#6244=CARTESIAN_POINT('',(-1230.84676053,54.2868496027,1089.33811499));
#6245=CARTESIAN_POINT('',(-1231.00093847,54.3903244018,1088.55921627));
#6246=CARTESIAN_POINT('',(-1231.00093843,54.4937975588,1087.78032989));
#6247=CARTESIAN_POINT('',(-1226.00093843,52.3805975169,1092.52040522));
#6248=CARTESIAN_POINT('',(-1226.78633656,52.3805975039,1092.52040522));
#6249=CARTESIAN_POINT('',(-1227.57174713,52.4112147359,1092.36900381));
#6250=CARTESIAN_POINT('',(-1228.31673122,52.4724952354,1092.06597342));
#6251=CARTESIAN_POINT('',(-1229.64549248,52.6497670274,1091.18936934));
#6252=CARTESIAN_POINT('',(-1230.53817266,52.9136374757,1089.88453741));
#6253=CARTESIAN_POINT('',(-1230.84676037,53.0615792451,1089.15296954));
#6254=CARTESIAN_POINT('',(-1231.00093838,53.2175490643,1088.38170321));
#6255=CARTESIAN_POINT('',(-1231.00093843,53.373516417,1087.61044908));
#6256=CARTESIAN_POINT('',(-1226.00093844,50.829022369,1092.13334195));
#6257=CARTESIAN_POINT('',(-1226.78633666,50.8290223898,1092.13334196));
#6258=CARTESIAN_POINT('',(-1227.57174732,50.8735411362,1091.98531464));
#6259=CARTESIAN_POINT('',(-1228.31673149,50.9626455244,1091.68903749));
#6260=CARTESIAN_POINT('',(-1229.64549286,51.2204060197,1090.83196913));
#6261=CARTESIAN_POINT('',(-1230.53817299,51.6040844699,1089.5562163));
#6262=CARTESIAN_POINT('',(-1230.84676063,51.8191978556,1088.84095196));
#6263=CARTESIAN_POINT('',(-1231.00093853,52.045984341,1088.08687387));
#6264=CARTESIAN_POINT('',(-1231.00093843,52.2727672263,1087.33280775));
#6265=CARTESIAN_POINT('',(-1226.00093843,49.8364866328,1091.81236382));
#6266=CARTESIAN_POINT('',(-1226.78633661,49.8364866308,1091.81236382));
#6267=CARTESIAN_POINT('',(-1227.57174724,49.8911078981,1091.667418));
#6268=CARTESIAN_POINT('',(-1228.31673137,50.0004325376,1091.37730849));
#6269=CARTESIAN_POINT('',(-1229.64549269,50.3166860505,1090.53808184));
#6270=CARTESIAN_POINT('',(-1230.53817285,50.7874318375,1089.28888652));
#6271=CARTESIAN_POINT('',(-1230.84676051,51.0513604538,1088.58851191));
#6272=CARTESIAN_POINT('',(-1231.00093846,51.3296111273,1087.85013155));
#6273=CARTESIAN_POINT('',(-1231.00093843,51.6078573882,1087.11176289));
#6274=CARTESIAN_POINT('',(-1226.00093844,47.8372884479,1090.92509549));
#6275=CARTESIAN_POINT('',(-1226.78633658,47.8372884499,1090.9250955));
#6276=CARTESIAN_POINT('',(-1227.57174717,47.9145184191,1090.79006777));
#6277=CARTESIAN_POINT('',(-1228.31673128,48.0690944422,1090.51980935));
#6278=CARTESIAN_POINT('',(-1229.64549256,48.5162508228,1089.73800777));
#6279=CARTESIAN_POINT('',(-1230.53817274,49.181846543,1088.5742901));
#6280=CARTESIAN_POINT('',(-1230.84676043,49.5550198442,1087.92183944));
#6281=CARTESIAN_POINT('',(-1231.00093841,49.9484433608,1087.23398361));
#6282=CARTESIAN_POINT('',(-1231.00093843,50.3418606486,1086.54613868));
#6283=CARTESIAN_POINT('',(-1226.00093843,45.9950418241,1089.58783374));
#6284=CARTESIAN_POINT('',(-1226.78633661,45.9950418222,1089.58783374));
#6285=CARTESIAN_POINT('',(-1227.57174724,46.094600449,1089.46891033));
#6286=CARTESIAN_POINT('',(-1228.31673137,46.2938673543,1089.23088475));
#6287=CARTESIAN_POINT('',(-1229.64549269,46.8703051913,1088.54232611));
#6288=CARTESIAN_POINT('',(-1230.53817284,47.7283373488,1087.51740127));
#6289=CARTESIAN_POINT('',(-1230.84676051,48.2094021764,1086.9427663));
#6290=CARTESIAN_POINT('',(-1231.00093846,48.7165719363,1086.33694881));
#6291=CARTESIAN_POINT('',(-1231.00093843,49.2237336571,1085.73114093));
#6292=CARTESIAN_POINT('',(-1226.00093843,45.1804468369,1088.83084339));
#6293=CARTESIAN_POINT('',(-1226.78633652,45.180446855,1088.83084341));
#6294=CARTESIAN_POINT('',(-1227.57174704,45.2895328949,1088.72094723));
#6295=CARTESIAN_POINT('',(-1228.31673109,45.5078689261,1088.50098965));
#6296=CARTESIAN_POINT('',(-1229.64549231,46.1394697758,1087.86469797));
#6297=CARTESIAN_POINT('',(-1230.53817252,47.0796125052,1086.91757284));
#6298=CARTESIAN_POINT('',(-1230.84676025,47.6067135018,1086.38655708));
#6299=CARTESIAN_POINT('',(-1231.00093831,48.1624175923,1085.82672579));
#6300=CARTESIAN_POINT('',(-1231.00093843,48.7181128945,1085.26690335));
#6301=CARTESIAN_POINT('',(-1226.00093844,44.0440834486,1087.55567959));
#6302=CARTESIAN_POINT('',(-1226.78633665,44.0440834372,1087.55567958));
#6303=CARTESIAN_POINT('',(-1227.57174731,44.1652819978,1087.45957803));
#6304=CARTESIAN_POINT('',(-1228.31673147,44.4078613084,1087.26723051));
#6305=CARTESIAN_POINT('',(-1229.64549282,45.1095929604,1086.71080902));
#6306=CARTESIAN_POINT('',(-1230.53817296,46.1541259303,1085.88257138));
#6307=CARTESIAN_POINT('',(-1230.84676061,46.739754415,1085.41821117));
#6308=CARTESIAN_POINT('',(-1231.00093851,47.357161965,1084.92865251));
#6309=CARTESIAN_POINT('',(-1231.00093843,47.9745597236,1084.43910162));
#6310=CARTESIAN_POINT('',(-1226.00093843,43.1528961161,1086.26018233));
#6311=CARTESIAN_POINT('',(-1226.78633657,43.1528961233,1086.26018234));
#6312=CARTESIAN_POINT('',(-1227.57174714,43.282127203,1086.17584642));
#6313=CARTESIAN_POINT('',(-1228.31673123,43.540783606,1086.00704781));
#6314=CARTESIAN_POINT('',(-1229.6454925,44.2890229386,1085.5187484));
#6315=CARTESIAN_POINT('',(-1230.53817268,45.4027829488,1084.79191096));
#6316=CARTESIAN_POINT('',(-1230.84676038,46.0272243125,1084.38440183));
#6317=CARTESIAN_POINT('',(-1231.00093839,46.6855509291,1083.95477925));
#6318=CARTESIAN_POINT('',(-1231.00093843,47.3438671222,1083.52516347));
#6319=CARTESIAN_POINT('',(-1226.00093844,42.8407373942,1085.76139789));
#6320=CARTESIAN_POINT('',(-1226.78633657,42.8407373991,1085.7613979));
#6321=CARTESIAN_POINT('',(-1227.57174715,42.9725376174,1085.68121406));
#6322=CARTESIAN_POINT('',(-1228.31673125,43.2363361618,1085.52072584));
#6323=CARTESIAN_POINT('',(-1229.64549253,43.9994506451,1085.05646669));
#6324=CARTESIAN_POINT('',(-1230.5381727,45.1353524339,1084.36541334));
#6325=CARTESIAN_POINT('',(-1230.8467604,45.7722078208,1083.97796695));
#6326=CARTESIAN_POINT('',(-1231.0009384,46.4436221066,1083.56949582));
#6327=CARTESIAN_POINT('',(-1231.00093843,47.1150257612,1083.16103115));
#6328=CARTESIAN_POINT('',(-1226.00093843,42.2155146867,1084.67901233));
#6329=CARTESIAN_POINT('',(-1226.78633663,42.2155146808,1084.67901232));
#6330=CARTESIAN_POINT('',(-1227.57174726,42.3520484045,1084.6070742));
#6331=CARTESIAN_POINT('',(-1228.31673141,42.6253210863,1084.46308984));
#6332=CARTESIAN_POINT('',(-1229.64549274,43.4158422915,1084.04657294));
#6333=CARTESIAN_POINT('',(-1230.5381729,44.5925391924,1083.42658435));
#6334=CARTESIAN_POINT('',(-1230.84676055,45.2522667872,1083.07898118));
#6335=CARTESIAN_POINT('',(-1231.00093848,45.9477944296,1082.71251536));
#6336=CARTESIAN_POINT('',(-1231.00093843,46.6433110457,1082.34605535));
#6337=CARTESIAN_POINT('',(-1226.00093844,41.6999666232,1083.62570451));
#6338=CARTESIAN_POINT('',(-1226.78633656,41.6999666303,1083.62570452));
#6339=CARTESIAN_POINT('',(-1227.57174713,41.8395925776,1083.56017269));
#6340=CARTESIAN_POINT('',(-1228.31673122,42.1190543408,1083.42901051));
#6341=CARTESIAN_POINT('',(-1229.64549248,42.9274792668,1083.04958551));
#6342=CARTESIAN_POINT('',(-1230.53817267,44.1308259996,1082.48480845));
#6343=CARTESIAN_POINT('',(-1230.84676037,44.8054951106,1082.1681602));
#6344=CARTESIAN_POINT('',(-1231.00093838,45.5167750801,1081.83432905));
#6345=CARTESIAN_POINT('',(-1231.00093843,46.2280437895,1081.50050318));
#6346=CARTESIAN_POINT('',(-1226.00093844,41.4438985409,1083.06143858));
#6347=CARTESIAN_POINT('',(-1226.78633658,41.4438985439,1083.06143859));
#6348=CARTESIAN_POINT('',(-1227.57174716,41.5848550154,1082.99887696));
#6349=CARTESIAN_POINT('',(-1228.31673126,41.8669798314,1082.87365966));
#6350=CARTESIAN_POINT('',(-1229.64549254,42.68310842,1082.51143197));
#6351=CARTESIAN_POINT('',(-1230.53817272,43.8979221144,1081.97225325));
#6352=CARTESIAN_POINT('',(-1230.84676041,44.5790202982,1081.66995698));
#6353=CARTESIAN_POINT('',(-1231.0009384,45.2970782114,1081.35125663));
#6354=CARTESIAN_POINT('',(-1231.00093843,46.0151247541,1081.03256132));
#6355=CARTESIAN_POINT('',(-1226.00093843,41.1304077795,1082.32675786));
#6356=CARTESIAN_POINT('',(-1226.7863366,41.1304077785,1082.32675786));
#6357=CARTESIAN_POINT('',(-1227.57174722,41.2727604173,1082.26749442));
#6358=CARTESIAN_POINT('',(-1228.31673134,41.5576796708,1082.14887847));
#6359=CARTESIAN_POINT('',(-1229.64549265,42.3818919895,1081.80574711));
#6360=CARTESIAN_POINT('',(-1230.53817282,43.6087383737,1081.29499345));
#6361=CARTESIAN_POINT('',(-1230.84676049,44.2965828099,1081.00863399));
#6362=CARTESIAN_POINT('',(-1231.00093845,45.0217530551,1080.70673527));
#6363=CARTESIAN_POINT('',(-1231.00093843,45.7469118097,1080.40484133));
#6364=CARTESIAN_POINT('',(-1226.00093844,40.8448957929,1081.61242962));
#6365=CARTESIAN_POINT('',(-1226.7863366,40.8448957933,1081.61242962));
#6366=CARTESIAN_POINT('',(-1227.5717472,40.9882395392,1081.55564902));
#6367=CARTESIAN_POINT('',(-1228.31673132,41.2751424951,1081.44200247));
#6368=CARTESIAN_POINT('',(-1229.64549262,42.1050932531,1081.11324656));
#6369=CARTESIAN_POINT('',(-1230.53817278,43.3404813499,1080.62389086));
#6370=CARTESIAN_POINT('',(-1230.84676046,44.0331147888,1080.3495284));
#6371=CARTESIAN_POINT('',(-1231.00093843,44.7633339132,1080.06027768));
#6372=CARTESIAN_POINT('',(-1231.00093843,45.4935414694,1079.77103154));
#6373=CARTESIAN_POINT('',(-1226.00093844,40.775434058,1081.43596083));
#6374=CARTESIAN_POINT('',(-1226.78633659,40.7754340586,1081.43596083));
#6375=CARTESIAN_POINT('',(-1227.5717472,40.919001141,1081.37974849));
#6376=CARTESIAN_POINT('',(-1228.31673131,41.2063511054,1081.26723932));
#6377=CARTESIAN_POINT('',(-1229.64549261,42.0375949662,1080.94177361));
#6378=CARTESIAN_POINT('',(-1230.53817278,43.274907857,1080.4573154));
#6379=CARTESIAN_POINT('',(-1230.84676046,43.9686204522,1080.18569876));
#6380=CARTESIAN_POINT('',(-1231.00093843,44.6999772936,1079.89934287));
#6381=CARTESIAN_POINT('',(-1231.00093843,45.4313225494,1079.61299152));
#6382=CARTESIAN_POINT('',(-1226.00093844,40.6393937325,1081.08559139));
#6383=CARTESIAN_POINT('',(-1226.78633659,40.6393937333,1081.08559139));
#6384=CARTESIAN_POINT('',(-1227.57174719,40.7833638943,1081.03041825));
#6385=CARTESIAN_POINT('',(-1228.3167313,41.0715206215,1080.91998903));
#6386=CARTESIAN_POINT('',(-1229.6454926,41.9050982797,1080.60054019));
#6387=CARTESIAN_POINT('',(-1230.53817277,43.1458850465,1080.12503814));
#6388=CARTESIAN_POINT('',(-1230.84676045,43.8415453073,1079.85844287));
#6389=CARTESIAN_POINT('',(-1231.00093843,44.5749555045,1079.57738083));
#6390=CARTESIAN_POINT('',(-1231.00093843,45.308354084,1079.29632325));
#6391=CARTESIAN_POINT('',(-1226.00093844,40.5086196589,1080.74043251));
#6392=CARTESIAN_POINT('',(-1226.78633659,40.5086196593,1080.74043251));
#6393=CARTESIAN_POINT('',(-1227.5717472,40.6529105005,1080.68610685));
#6394=CARTESIAN_POINT('',(-1228.31673131,40.9417090705,1080.57737388));
#6395=CARTESIAN_POINT('',(-1229.64549261,41.7771434471,1080.26283195));
#6396=CARTESIAN_POINT('',(-1230.53817278,43.0206939529,1079.79463386));
#6397=CARTESIAN_POINT('',(-1230.84676046,43.7179037331,1079.53213364));
#6398=CARTESIAN_POINT('',(-1231.00093843,44.4529475338,1079.25538887));
#6399=CARTESIAN_POINT('',(-1231.00093843,45.1879796903,1078.97864848));
#6400=CARTESIAN_POINT('',(-1226.00093844,40.4444241758,1080.56917426));
#6401=CARTESIAN_POINT('',(-1226.7863366,40.4444241759,1080.56917426));
#6402=CARTESIAN_POINT('',(-1227.5717472,40.5888559553,1080.51522517));
#6403=CARTESIAN_POINT('',(-1228.31673132,40.8779366139,1080.40724587));
#6404=CARTESIAN_POINT('',(-1229.64549262,41.714187014,1080.09488418));
#6405=CARTESIAN_POINT('',(-1230.53817278,42.9589521769,1079.62993138));
#6406=CARTESIAN_POINT('',(-1230.84676047,43.6568429672,1079.36925067));
#6407=CARTESIAN_POINT('',(-1231.00093843,44.3926047326,1079.09442414));
#6408=CARTESIAN_POINT('',(-1231.00093843,45.1283548419,1078.81960196));
#6409=CARTESIAN_POINT('',(-1226.00093843,40.3181876778,1080.22933652));
#6410=CARTESIAN_POINT('',(-1226.7863366,40.3181876777,1080.22933652));
#6411=CARTESIAN_POINT('',(-1227.57174721,40.4628643877,1080.17604744));
#6412=CARTESIAN_POINT('',(-1228.31673133,40.7524352759,1080.06938918));
#6413=CARTESIAN_POINT('',(-1229.64549263,41.590103809,1079.76084895));
#6414=CARTESIAN_POINT('',(-1230.5381728,42.8369798729,1079.30158443));
#6415=CARTESIAN_POINT('',(-1230.84676048,43.5360541618,1079.04409291));
#6416=CARTESIAN_POINT('',(-1231.00093844,44.2730636476,1078.77262864));
#6417=CARTESIAN_POINT('',(-1231.00093843,45.0100614565,1078.50116867));
#6418=CARTESIAN_POINT('',(-1226.00093844,40.1958132485,1079.89487449));
#6419=CARTESIAN_POINT('',(-1226.7863366,40.1958132487,1079.89487449));
#6420=CARTESIAN_POINT('',(-1227.5717472,40.3406639478,1079.84206161));
#6421=CARTESIAN_POINT('',(-1228.31673132,40.6305830754,1079.73635647));
#6422=CARTESIAN_POINT('',(-1229.64549262,41.4692589926,1079.43057343));
#6423=CARTESIAN_POINT('',(-1230.53817278,42.7176345563,1078.97541302));
#6424=CARTESIAN_POINT('',(-1230.84676047,43.4175495561,1078.7202225));
#6425=CARTESIAN_POINT('',(-1231.00093843,44.1554453746,1078.4511841));
#6426=CARTESIAN_POINT('',(-1231.00093843,44.8933295031,1078.18214996));
#6427=CARTESIAN_POINT('',(-1226.00093844,40.135483116,1079.72899993));
#6428=CARTESIAN_POINT('',(-1226.7863366,40.1354831162,1079.72899993));
#6429=CARTESIAN_POINT('',(-1227.5717472,40.2804037997,1079.67637977));
#6430=CARTESIAN_POINT('',(-1228.31673132,40.5704630014,1079.57106035));
#6431=CARTESIAN_POINT('',(-1229.64549262,41.4095441242,1079.26639312));
#6432=CARTESIAN_POINT('',(-1230.53817279,42.6585228395,1078.8128936));
#6433=CARTESIAN_POINT('',(-1230.84676047,43.3587760027,1078.55863429));
#6434=CARTESIAN_POINT('',(-1231.00093843,44.0970283348,1078.29057761));
#6435=CARTESIAN_POINT('',(-1231.00093843,44.8352689713,1078.02252519));
#6436=CARTESIAN_POINT('',(-1226.00093843,40.049612003,1079.49187562));
#6437=CARTESIAN_POINT('',(-1226.7863366,40.0496120029,1079.49187562));
#6438=CARTESIAN_POINT('',(-1227.57174721,40.1946097826,1079.43946853));
#6439=CARTESIAN_POINT('',(-1228.31673132,40.4848232928,1079.33457556));
#6440=CARTESIAN_POINT('',(-1229.64549263,41.3243507977,1079.03114196));
#6441=CARTESIAN_POINT('',(-1230.53817279,42.5739939557,1078.5794787));
#6442=CARTESIAN_POINT('',(-1230.84676047,43.2746196454,1078.32624891));
#6443=CARTESIAN_POINT('',(-1231.00093844,44.0132647187,1078.05927763));
#6444=CARTESIAN_POINT('',(-1231.00093843,44.7518980897,1077.79231057));
#6445=CARTESIAN_POINT('',(-1226.00093843,39.9651245674,1079.25763781));
#6446=CARTESIAN_POINT('',(-1226.7863366,39.9651245675,1079.25763781));
#6447=CARTESIAN_POINT('',(-1227.5717472,40.1101658501,1079.20535136));
#6448=CARTESIAN_POINT('',(-1228.31673132,40.4004664315,1079.10069987));
#6449=CARTESIAN_POINT('',(-1229.64549262,41.2402458155,1078.79796479));
#6450=CARTESIAN_POINT('',(-1230.53817279,42.4902638976,1078.3473413));
#6451=CARTESIAN_POINT('',(-1230.84676047,43.1910997927,1078.09469447));
#6452=CARTESIAN_POINT('',(-1231.00093843,43.9299664784,1077.82833777));
#6453=CARTESIAN_POINT('',(-1231.00093843,44.6688214584,1077.5619853));
#6454=CARTESIAN_POINT('',(-1226.00093843,39.929093982,1079.15763808));
#6455=CARTESIAN_POINT('',(-1226.7863366,39.929093982,1079.15763808));
#6456=CARTESIAN_POINT('',(-1227.5717472,40.0741506827,1079.10539443));
#6457=CARTESIAN_POINT('',(-1228.31673132,40.3644821235,1079.00082861));
#6458=CARTESIAN_POINT('',(-1229.64549263,41.2043507772,1078.69834138));
#6459=CARTESIAN_POINT('',(-1230.53817279,42.454501738,1078.24808681));
#6460=CARTESIAN_POINT('',(-1230.84676047,43.1554121329,1077.99564681));
#6461=CARTESIAN_POINT('',(-1231.00093843,43.894357361,1077.72950817));
#6462=CARTESIAN_POINT('',(-1231.00093843,44.6332908822,1077.46337375));
#6463=CARTESIAN_POINT('',(-1226.00093843,39.9023088359,1079.08325629));
#6464=CARTESIAN_POINT('',(-1226.7863366,39.9023088359,1079.08325629));
#6465=CARTESIAN_POINT('',(-1227.5717472,40.0473699645,1079.03102494));
#6466=CARTESIAN_POINT('',(-1228.31673132,40.3377102677,1078.92648373));
#6467=CARTESIAN_POINT('',(-1229.64549263,41.1776045586,1078.62406769));
#6468=CARTESIAN_POINT('',(-1230.53817279,42.4277936805,1078.17391909));
#6469=CARTESIAN_POINT('',(-1230.84676047,43.1287254709,1077.9215385));
#6470=CARTESIAN_POINT('',(-1231.00093843,43.8676932554,1077.65546251));
#6471=CARTESIAN_POINT('',(-1231.00093843,44.6066493327,1077.38939072));
#6472=CARTESIAN_POINT('',(-1226.00093843,39.8767090345,1079.01214599));
#6473=CARTESIAN_POINT('',(-1226.7863366,39.8767090345,1079.01214599));
#6474=CARTESIAN_POINT('',(-1227.5717472,40.0217731869,1078.95992304));
#6475=CARTESIAN_POINT('',(-1228.31673132,40.3121195423,1078.85539864));
#6476=CARTESIAN_POINT('',(-1229.64549263,41.1520313409,1078.55303123));
#6477=CARTESIAN_POINT('',(-1230.53817279,42.4022465231,1078.10295502));
#6478=CARTESIAN_POINT('',(-1230.84676047,43.1031929244,1077.85061502));
#6479=CARTESIAN_POINT('',(-1231.00093843,43.8421761129,1077.58458181));
#6480=CARTESIAN_POINT('',(-1231.00093843,44.5811475937,1077.31855281));
#6481=CARTESIAN_POINT('',(-1226.00093843,29.3630080101,1093.));
#6482=CARTESIAN_POINT('',(-1226.00093843,29.3630080101,1088.));
#6483=CARTESIAN_POINT('',(-670.200938435413,0.247696212586619,916.261464294212));
#6484=CARTESIAN_POINT('',(-670.200947233096,-0.349170934800725,916.266845039266));
#6485=CARTESIAN_POINT('',(-670.318126894801,-0.946045807677217,916.272225853716));
#6486=CARTESIAN_POINT('',(-670.552653058768,-1.51219780416178,916.277329702227));
#6487=CARTESIAN_POINT('',(-671.231086727879,-2.52200277378394,916.286433072832));
#6488=CARTESIAN_POINT('',(-672.240935841,-3.20040576613257,916.29254886249));
#6489=CARTESIAN_POINT('',(-672.80712377,-3.43492287290239,916.29466302951));
#6490=CARTESIAN_POINT('',(-673.404035831,-3.5520933649823,916.295719318519));
#6491=CARTESIAN_POINT('',(-674.000938434999,-3.5520933649823,916.295719318519));
#6492=CARTESIAN_POINT('',(-674.000938435,-3.55214935596,916.295722946));
#6493=CARTESIAN_POINT('',(-673.404035831,-3.55214935596,916.295722946));
#6494=CARTESIAN_POINT('',(-672.80712377,-3.43497886394,916.29466665));
#6495=CARTESIAN_POINT('',(-672.240935841,-3.20046175727,916.292552472));
#6496=CARTESIAN_POINT('',(-671.23107725,-2.52205239813,916.28643659));
#6497=CARTESIAN_POINT('',(-670.552640324,-1.51223484114,916.277333054));
#6498=CARTESIAN_POINT('',(-670.318113688,-0.946069917993,916.27222906));
#6499=CARTESIAN_POINT('',(-670.200938435,-0.34918211132,916.266848098));
#6500=CARTESIAN_POINT('',(-670.200938435,0.24769623897,916.261467221));
#6501=CARTESIAN_POINT('',(-674.000938435,-4.41603745855,820.468195988));
#6502=CARTESIAN_POINT('',(-673.404035831,-4.41603745855,820.468195988));
#6503=CARTESIAN_POINT('',(-672.80712377,-4.29886512601,820.467343854));
#6504=CARTESIAN_POINT('',(-672.240935841,-4.06434433554,820.465638304));
#6505=CARTESIAN_POINT('',(-671.23107725,-3.38592431992,820.460704502));
#6506=CARTESIAN_POINT('',(-670.552640324,-2.37609090067,820.453360499));
#6507=CARTESIAN_POINT('',(-670.318113688,-1.80991708419,820.449243006));
#6508=CARTESIAN_POINT('',(-670.200938435,-1.21301990158,820.444902078));
#6509=CARTESIAN_POINT('',(-670.200938435,-0.6161321755,820.440561219));
#6510=CARTESIAN_POINT('',(-674.000938435,-5.07123679083,724.634995144));
#6511=CARTESIAN_POINT('',(-673.404035831,-5.07123679083,724.634995144));
#6512=CARTESIAN_POINT('',(-672.80712377,-4.95406307295,724.634346011));
#6513=CARTESIAN_POINT('',(-672.240935841,-4.71953950972,724.633046769));
#6514=CARTESIAN_POINT('',(-671.23107725,-4.04111147306,724.629288333));
#6515=CARTESIAN_POINT('',(-670.552640324,-3.03126611445,724.623693871));
#6516=CARTESIAN_POINT('',(-670.318113688,-2.46508560403,724.620557277));
#6517=CARTESIAN_POINT('',(-670.200938435,-1.86818136424,724.617250475));
#6518=CARTESIAN_POINT('',(-670.200938435,-1.2712865811,724.613943726));
#6519=CARTESIAN_POINT('',(-674.000938435,-5.51766192426,628.807714878));
#6520=CARTESIAN_POINT('',(-673.404035831,-5.51766192426,628.807714878));
#6521=CARTESIAN_POINT('',(-672.80712377,-5.40048724065,628.807271528));
#6522=CARTESIAN_POINT('',(-672.240935841,-5.16596174448,628.80638416));
#6523=CARTESIAN_POINT('',(-671.23107725,-4.48752811628,628.803817191));
#6524=CARTESIAN_POINT('',(-670.552640324,-3.47767443459,628.799996236));
#6525=CARTESIAN_POINT('',(-670.318113688,-2.91148925776,628.797853978));
#6526=CARTESIAN_POINT('',(-670.200938435,-2.31458009833,628.79559547));
#6527=CARTESIAN_POINT('',(-670.200938435,-1.71768039563,628.793336998));
#6528=CARTESIAN_POINT('',(-674.000938435,-5.87425234678,485.05769661));
#6529=CARTESIAN_POINT('',(-673.404035831,-5.87425234678,485.05769661));
#6530=CARTESIAN_POINT('',(-672.80712377,-5.75707690955,485.057558843));
#6531=CARTESIAN_POINT('',(-672.240935841,-5.52254990501,485.057283102));
#6532=CARTESIAN_POINT('',(-671.23107725,-4.8441119134,485.05648544));
#6533=CARTESIAN_POINT('',(-670.552640324,-3.83425173676,485.055298115));
#6534=CARTESIAN_POINT('',(-670.318113688,-3.26806291846,485.054632428));
#6535=CARTESIAN_POINT('',(-670.200938435,-2.67114991995,485.053930618));
#6536=CARTESIAN_POINT('',(-670.200938435,-2.07424637824,485.053228819));
#6537=CARTESIAN_POINT('',(-674.000938435,-5.76119567313,341.30853792));
#6538=CARTESIAN_POINT('',(-673.404035831,-5.76119567313,341.30853792));
#6539=CARTESIAN_POINT('',(-672.80712377,-5.64402047371,341.308706749));
#6540=CARTESIAN_POINT('',(-672.240935841,-5.40949394518,341.309044662));
#6541=CARTESIAN_POINT('',(-671.23107725,-4.73105733052,341.310022175));
#6542=CARTESIAN_POINT('',(-670.552640324,-3.72119920347,341.311477209));
#6543=CARTESIAN_POINT('',(-670.318113688,-3.1550115343,341.31229299));
#6544=CARTESIAN_POINT('',(-670.200938435,-2.55809974729,341.313153038));
#6545=CARTESIAN_POINT('',(-670.200938435,-1.96119741703,341.314013074));
#6546=CARTESIAN_POINT('',(-674.000938435,-5.67133082469,293.391870072));
#6547=CARTESIAN_POINT('',(-673.404035831,-5.67133082469,293.391870072));
#6548=CARTESIAN_POINT('',(-672.80712377,-5.55415581774,293.392140876));
#6549=CARTESIAN_POINT('',(-672.240935841,-5.31962967444,293.392682891));
#6550=CARTESIAN_POINT('',(-671.23107725,-4.64119417419,293.394250826));
#6551=CARTESIAN_POINT('',(-670.552640324,-3.63133770594,293.396584711));
#6552=CARTESIAN_POINT('',(-670.318113688,-3.06515096679,293.397893228));
#6553=CARTESIAN_POINT('',(-670.200938435,-2.46824016027,293.399272751));
#6554=CARTESIAN_POINT('',(-670.200938435,-1.8713388105,293.400652253));
#6555=CARTESIAN_POINT('',(-674.000938435,-5.45825945198,221.517541737));
#6556=CARTESIAN_POINT('',(-673.404035831,-5.45825945198,221.517541737));
#6557=CARTESIAN_POINT('',(-672.80712377,-5.34108489898,221.517965669));
#6558=CARTESIAN_POINT('',(-672.240935841,-5.10655966426,221.518814172));
#6559=CARTESIAN_POINT('',(-671.23107725,-4.42812679233,221.521268714));
#6560=CARTESIAN_POINT('',(-670.552640324,-3.41827423638,221.524922318));
#6561=CARTESIAN_POINT('',(-670.318113688,-2.8520896907,221.52697075));
#6562=CARTESIAN_POINT('',(-670.200938435,-2.25518119667,221.52913034));
#6563=CARTESIAN_POINT('',(-670.200938435,-1.65828215936,221.531289895));
#6564=CARTESIAN_POINT('',(-674.000938435,-5.12778075281,149.644074284));
#6565=CARTESIAN_POINT('',(-673.404035831,-5.12778075281,149.644074284));
#6566=CARTESIAN_POINT('',(-672.80712377,-5.0106069039,149.644651343));
#6567=CARTESIAN_POINT('',(-672.240935841,-4.77608307841,149.64580633));
#6568=CARTESIAN_POINT('',(-671.23107725,-4.09765428309,149.649147467));
#6569=CARTESIAN_POINT('',(-670.552640324,-3.08780779521,149.654120776));
#6570=CARTESIAN_POINT('',(-670.318113688,-2.52162665165,149.656909114));
#6571=CARTESIAN_POINT('',(-670.200938435,-1.92472174437,149.659848761));
#6572=CARTESIAN_POINT('',(-670.200938435,-1.32782629373,149.662788362));
#6573=CARTESIAN_POINT('',(-674.000938435,-5.00457598557,125.686361719));
#6574=CARTESIAN_POINT('',(-673.404035831,-5.00457598557,125.686361719));
#6575=CARTESIAN_POINT('',(-672.80712377,-4.88740239914,125.686989821));
#6576=CARTESIAN_POINT('',(-672.240935841,-4.65287909902,125.688246969));
#6577=CARTESIAN_POINT('',(-671.23107725,-3.97445182349,125.691883637));
#6578=CARTESIAN_POINT('',(-670.552640324,-2.96460759782,125.697296845));
#6579=CARTESIAN_POINT('',(-670.318113688,-2.3984277226,125.700331817));
#6580=CARTESIAN_POINT('',(-670.200938435,-1.80152415248,125.703531482));
#6581=CARTESIAN_POINT('',(-670.200938435,-1.20463003899,125.706731096));
#6582=CARTESIAN_POINT('',(-674.000938435,-4.80020113756,89.749972119));
#6583=CARTESIAN_POINT('',(-673.404035831,-4.80020113756,89.749972119));
#6584=CARTESIAN_POINT('',(-672.80712377,-4.68302798656,89.7506767836));
#6585=CARTESIAN_POINT('',(-672.240935841,-4.44850555793,89.7520871721));
#6586=CARTESIAN_POINT('',(-671.23107725,-3.77008080347,89.7561671333));
#6587=CARTESIAN_POINT('',(-670.552640324,-2.76024033042,89.7622401871));
#6588=CARTESIAN_POINT('',(-670.318113688,-2.19406255915,89.7656451091));
#6589=CARTESIAN_POINT('',(-670.200938435,-1.59716120714,89.7692347988));
#6590=CARTESIAN_POINT('',(-670.200938435,-1.00026931173,89.7728244317));
#6591=CARTESIAN_POINT('',(-674.000938435,-4.56647492119,53.813855365));
#6592=CARTESIAN_POINT('',(-673.404035831,-4.56647492119,53.813855365));
#6593=CARTESIAN_POINT('',(-672.80712377,-4.44930226814,53.8146365918));
#6594=CARTESIAN_POINT('',(-672.240935841,-4.21478083618,53.8162002197));
#6595=CARTESIAN_POINT('',(-671.23107725,-3.53635896484,53.8207234709));
#6596=CARTESIAN_POINT('',(-670.552640324,-2.52652278334,53.8274563652));
#6597=CARTESIAN_POINT('',(-670.318113688,-1.96034741817,53.8312312337));
#6598=CARTESIAN_POINT('',(-670.200938435,-1.36344860284,53.8352109452));
#6599=CARTESIAN_POINT('',(-670.200938435,-0.766559244064,53.8391905936));
#6600=CARTESIAN_POINT('',(-674.000938435,-4.4853049291,41.8351803175));
#6601=CARTESIAN_POINT('',(-673.404035831,-4.4853049291,41.8351803175));
#6602=CARTESIAN_POINT('',(-672.80712377,-4.36813244899,41.835987065));
#6603=CARTESIAN_POINT('',(-672.240935841,-4.13361136315,41.8376017725));
#6604=CARTESIAN_POINT('',(-671.23107725,-3.45519049308,41.8422727867));
#6605=CARTESIAN_POINT('',(-670.552640324,-2.44535580198,41.8492256272));
#6606=CARTESIAN_POINT('',(-670.318113688,-1.87918127242,41.8531238109));
#6607=CARTESIAN_POINT('',(-670.200938435,-1.28228333804,41.8572335293));
#6608=CARTESIAN_POINT('',(-670.200938435,-0.685394860203,41.8613431825));
#6609=CARTESIAN_POINT('',(-674.000938435,-4.33821554302,20.9669375703));
#6610=CARTESIAN_POINT('',(-673.404035831,-4.33821554302,20.9669375703));
#6611=CARTESIAN_POINT('',(-672.80712377,-4.22104337628,20.9677887777));
#6612=CARTESIAN_POINT('',(-672.240935841,-3.98652291765,20.969492472));
#6613=CARTESIAN_POINT('',(-671.23107725,-3.30810386201,20.9744209063));
#6614=CARTESIAN_POINT('',(-670.552640324,-2.29827187169,20.9817569186));
#6615=CARTESIAN_POINT('',(-670.318113688,-1.73209885634,20.9858699317));
#6616=CARTESIAN_POINT('',(-670.200938435,-1.13520251835,20.9902061371));
#6617=CARTESIAN_POINT('',(-670.200938435,-0.538315636877,20.9945422738));
#6618=CARTESIAN_POINT('',(-674.000938435,-4.18122837066,0.0987841035531));
#6619=CARTESIAN_POINT('',(-673.404035831,-4.18122837066,0.0987841035531));
#6620=CARTESIAN_POINT('',(-672.80712377,-4.06405653838,0.0996797706933));
#6621=CARTESIAN_POINT('',(-672.240935841,-3.82953674919,0.101472451279));
#6622=CARTESIAN_POINT('',(-671.23107725,-3.15111963006,0.106658304475));
#6623=CARTESIAN_POINT('',(-670.552640324,-2.14129052225,0.114377486904));
#6624=CARTESIAN_POINT('',(-670.318113688,-1.57511912302,0.118705328401));
#6625=CARTESIAN_POINT('',(-670.200938435,-0.978224488838,0.123268019788));
#6626=CARTESIAN_POINT('',(-670.200938435,-0.381339311146,0.127830638889));
#6627=CARTESIAN_POINT('',(-674.000938435,-4.11255779658,-8.79075998115));
#6628=CARTESIAN_POINT('',(-673.404035831,-4.11255779658,-8.79075998115));
#6629=CARTESIAN_POINT('',(-672.80712377,-3.99538611061,-8.78984537478));
#6630=CARTESIAN_POINT('',(-672.240935841,-3.76086661424,-8.78801478727));
#6631=CARTESIAN_POINT('',(-671.23107725,-3.08245034219,-8.78271927719));
#6632=CARTESIAN_POINT('',(-670.552640324,-2.07262249528,-8.77483686965));
#6633=CARTESIAN_POINT('',(-670.318113688,-1.50645180298,-8.77041751426));
#6634=CARTESIAN_POINT('',(-670.200938435,-0.909557914092,-8.76575834299));
#6635=CARTESIAN_POINT('',(-670.200938435,-0.312673481683,-8.76109924554));
#6636=CARTESIAN_POINT('',(-674.000938435,-4.01760466673,-20.769311497));
#6637=CARTESIAN_POINT('',(-673.404035831,-4.01760466673,-20.769311497));
#6638=CARTESIAN_POINT('',(-672.80712377,-3.90043318305,-20.7683713703));
#6639=CARTESIAN_POINT('',(-672.240935841,-3.66591409158,-20.7664897037));
#6640=CARTESIAN_POINT('',(-671.23107725,-2.98749899083,-20.7610464323));
#6641=CARTESIAN_POINT('',(-670.552640324,-1.97767288739,-20.7529440809));
#6642=CARTESIAN_POINT('',(-670.318113688,-1.41150317259,-20.7484014117));
#6643=CARTESIAN_POINT('',(-670.200938435,-0.814610314249,-20.743612235));
#6644=CARTESIAN_POINT('',(-670.200938435,-0.217726912367,-20.7388231342));
#6645=CARTESIAN_POINT('',(-674.000938435,-3.91939033014,-32.7478365022));
#6646=CARTESIAN_POINT('',(-673.404035831,-3.91939033014,-32.7478365022));
#6647=CARTESIAN_POINT('',(-672.80712377,-3.8022190557,-32.7468708551));
#6648=CARTESIAN_POINT('',(-672.240935841,-3.56770038304,-32.7449381095));
#6649=CARTESIAN_POINT('',(-671.23107725,-2.88928649381,-32.7393470772));
#6650=CARTESIAN_POINT('',(-670.552640324,-1.87946219373,-32.7310247826));
#6651=CARTESIAN_POINT('',(-670.318113688,-1.31329349001,-32.7263587998));
#6652=CARTESIAN_POINT('',(-670.200938435,-0.716401697602,-32.721439618));
#6653=CARTESIAN_POINT('',(-670.200938435,-0.119519361641,-32.7165205141));
#6654=CARTESIAN_POINT('',(-674.000938435,-3.89382920041,-35.8387669525));
#6655=CARTESIAN_POINT('',(-673.404035831,-3.89382920041,-35.8387669525));
#6656=CARTESIAN_POINT('',(-672.80712377,-3.77665798022,-35.837794744));
#6657=CARTESIAN_POINT('',(-672.240935841,-3.54213941612,-35.8358488657));
#6658=CARTESIAN_POINT('',(-671.23107725,-2.86372584093,-35.8302198432));
#6659=CARTESIAN_POINT('',(-670.552640324,-1.8539020083,-35.8218409999));
#6660=CARTESIAN_POINT('',(-670.318113688,-1.28773356667,-35.8171433125));
#6661=CARTESIAN_POINT('',(-670.200938435,-0.690842050565,-35.8121907056));
#6662=CARTESIAN_POINT('',(-670.200938435,-0.093959990906,-35.8072381772));
#6663=CARTESIAN_POINT('',(-674.000938435,-3.86802234466,-38.9330992913));
#6664=CARTESIAN_POINT('',(-673.404035831,-3.86802234466,-38.9330992913));
#6665=CARTESIAN_POINT('',(-672.80712377,-3.75085117882,-38.9321205583));
#6666=CARTESIAN_POINT('',(-672.240935841,-3.51633272352,-38.930161621));
#6667=CARTESIAN_POINT('',(-671.23107725,-2.83791946304,-38.9244948219));
#6668=CARTESIAN_POINT('',(-670.552640324,-1.82809609888,-38.9160597477));
#6669=CARTESIAN_POINT('',(-670.318113688,-1.26192791989,-38.9113305338));
#6670=CARTESIAN_POINT('',(-670.200938435,-0.66503668069,-38.9063446897));
#6671=CARTESIAN_POINT('',(-670.200938435,-0.0681548979266,-38.9013589245));
#6672=CARTESIAN_POINT('',(-674.000938435,-3.84196172644,-42.0319559468));
#6673=CARTESIAN_POINT('',(-673.404035831,-3.84196172644,-42.0319559468));
#6674=CARTESIAN_POINT('',(-672.80712377,-3.72479061493,-42.0309707409));
#6675=CARTESIAN_POINT('',(-672.240935841,-3.49027226836,-42.0289988482));
#6676=CARTESIAN_POINT('',(-671.23107725,-2.81185932245,-42.0232945716));
#6677=CARTESIAN_POINT('',(-670.552640324,-1.80203642652,-42.0148037119));
#6678=CARTESIAN_POINT('',(-670.318113688,-1.23586851004,-42.0100432214));
#6679=CARTESIAN_POINT('',(-670.200938435,-0.638977547602,-42.0050244033));
#6680=CARTESIAN_POINT('',(-670.200938435,-0.0420960415951,-42.0000056647));
#6681=CARTESIAN_POINT('',(-674.000938434,-0.67945872692,939.556306268));
#6682=CARTESIAN_POINT('',(-1226.00093842406,-0.679458726921,939.556306268));
#6683=CARTESIAN_POINT('',(-674.000938435,-0.679479427283,939.556279213));
#6684=CARTESIAN_POINT('',(-674.000938435,-0.679479427329999,939.556279213));
#6685=CARTESIAN_POINT('',(-674.000938435,-1.64875987284774,935.538800308325));
#6686=CARTESIAN_POINT('',(-674.001050453069,-2.50407664343038,931.659592813134));
#6687=CARTESIAN_POINT('',(-674.001067076778,-3.43491329108953,923.952608059484));
#6688=CARTESIAN_POINT('',(-674.000938435,-3.51754617078904,920.127896867592));
#6689=CARTESIAN_POINT('',(-674.000938435,-3.55209339721,916.295716216));
#6690=CARTESIAN_POINT('',(-1226.00093843,-0.679479427197,939.556279213));
#6691=CARTESIAN_POINT('',(-673.998559079,-0.67947942733,939.556279213));
#6692=CARTESIAN_POINT('',(-1226.001394,-1.23966335663,937.234425791));
#6693=CARTESIAN_POINT('',(-673.999014643,-1.23966335678,937.234425791));
#6694=CARTESIAN_POINT('',(-1226.00182967,-1.78927202447,934.933250943));
#6695=CARTESIAN_POINT('',(-673.999453636,-1.7892720246,934.933250943));
#6696=CARTESIAN_POINT('',(-1226.00222553,-2.27119084637,932.637590229));
#6697=CARTESIAN_POINT('',(-673.99985367,-2.27119084648,932.637590229));
#6698=CARTESIAN_POINT('',(-1226.00287249,-3.04034328624,928.038231023));
#6699=CARTESIAN_POINT('',(-674.000510341,-3.0403432863,928.038231023));
#6700=CARTESIAN_POINT('',(-1226.00319567,-3.41807601249,923.392791673));
#6701=CARTESIAN_POINT('',(-674.000844246,-3.41807601251,923.392791673));
#6702=CARTESIAN_POINT('',(-1226.00326775,-3.50903874669,921.051069642));
#6703=CARTESIAN_POINT('',(-674.000921515,-3.50903874669,921.051069642));
#6704=CARTESIAN_POINT('',(-1226.00326574,-3.53054237749,918.68628152));
#6705=CARTESIAN_POINT('',(-674.000923852,-3.53054237748,918.68628152));
#6706=CARTESIAN_POINT('',(-1226.00326574,-3.55209339722,916.295716216));
#6707=CARTESIAN_POINT('',(-674.000923852,-3.55209339721,916.295716216));
#6708=CARTESIAN_POINT('',(-800.341419559,-4.21453486444,196.134263884));
#6709=CARTESIAN_POINT('',(-800.341419550879,-6.52925060709376,196.134263885378));
#6710=CARTESIAN_POINT('',(-800.341419542758,-6.5292506070941,196.134263886756));
#6711=CARTESIAN_POINT('',(-798.504100977768,-6.53064132496942,196.475185717601));
#6712=CARTESIAN_POINT('',(-796.836865858895,-6.5346438321796,197.455678682853));
#6713=CARTESIAN_POINT('',(-794.456499017042,-6.5461919055545,200.321771122015));
#6714=CARTESIAN_POINT('',(-793.800938413781,-6.55341916168509,202.131333871012));
#6715=CARTESIAN_POINT('',(-793.800938435,-6.56077473883252,204.00000009084));
#6716=CARTESIAN_POINT('',(-793.800938435,-6.56077473883252,204.00000004542));
#6717=CARTESIAN_POINT('',(-793.800938435,-4.21453486444,204.));
#6718=CARTESIAN_POINT('',(-801.800938435,-4.21453486444,204.));
#6719=CARTESIAN_POINT('',(-793.800938435,-6.56077473865374,204.000000045421));
#6720=CARTESIAN_POINT('',(-793.800938435,-6.65983721074216,229.166576575722));
#6721=CARTESIAN_POINT('',(-793.800938435,-6.74162651174968,254.333255096433));
#6722=CARTESIAN_POINT('',(-793.800938435,-6.80614266318846,279.500000040378));
#6723=CARTESIAN_POINT('',(-793.800938435,-6.80614266329197,279.500000040378));
#6724=CARTESIAN_POINT('',(-793.800938435,-6.20617219291,279.5));
#6725=CARTESIAN_POINT('',(-793.800938435,0.,204.));
#6726=CARTESIAN_POINT('',(-801.358931002,-4.21453486444,287.487780006));
#6727=CARTESIAN_POINT('',(-801.358931004144,-6.82603968577075,287.487780006273));
#6728=CARTESIAN_POINT('',(-801.358931006287,-6.82603968577109,287.487780006545));
#6729=CARTESIAN_POINT('',(-799.323579205806,-6.82576731761356,287.375152891737));
#6730=CARTESIAN_POINT('',(-797.378231437108,-6.8235756818798,286.464758156652));
#6731=CARTESIAN_POINT('',(-794.604848310717,-6.81635907601828,283.535403361878));
#6732=CARTESIAN_POINT('',(-793.800938455577,-6.81136834941656,281.538458776131));
#6733=CARTESIAN_POINT('',(-793.800938435,-6.80614266329197,279.500000080755));
#6734=CARTESIAN_POINT('',(-801.800938435,-4.21453486444,279.5));
#6735=CARTESIAN_POINT('',(-801.358931006303,-6.82603968577041,287.487780006261));
#6736=CARTESIAN_POINT('',(-802.11692387199,-6.82614111940216,287.529723886163));
#6737=CARTESIAN_POINT('',(-802.848737700409,-6.82665324942619,287.741225016388));
#6738=CARTESIAN_POINT('',(-803.512241909417,-6.8275411492211,288.110106900704));
#6739=CARTESIAN_POINT('',(-803.512241892708,-6.82754114922146,288.110106891852));
#6740=CARTESIAN_POINT('',(-803.512241876,-6.21874828293,288.110106883));
#6741=CARTESIAN_POINT('',(-801.082676357,-6.21874828293,292.48014251));
#6742=CARTESIAN_POINT('',(-818.062782209,-4.21453486444,288.125));
#6743=CARTESIAN_POINT('',(-818.06278219254,-6.82757699498288,288.125000009146));
#6744=CARTESIAN_POINT('',(-803.512241909254,-6.82754114922181,288.110106900997));
#6745=CARTESIAN_POINT('',(-807.98059057354,-6.83352068290833,290.59433053328));
#6746=CARTESIAN_POINT('',(-813.589357431977,-6.83353382889518,290.600071365634));
#6747=CARTESIAN_POINT('',(-818.06278217608,-6.82757699498315,288.125000018291));
#6748=CARTESIAN_POINT('',(-810.800938435,-4.21453486444,275.));
#6749=CARTESIAN_POINT('',(-818.062782175958,-6.82757699498262,288.125000018072));
#6750=CARTESIAN_POINT('',(-818.805063929402,-6.82658856900513,287.714307886651));
#6751=CARTESIAN_POINT('',(-819.635074200994,-6.82606923624139,287.5));
#6752=CARTESIAN_POINT('',(-820.4833968,-6.82606923624139,287.5));
#6753=CARTESIAN_POINT('',(-820.4833968,-6.82606923624139,287.5));
#6754=CARTESIAN_POINT('',(-820.4833968,-6.22982997066,287.5));
#6755=CARTESIAN_POINT('',(-820.4833968,-6.22982997066,292.5));
#6756=CARTESIAN_POINT('',(-933.800938435,-6.82606923624139,287.5));
#6757=CARTESIAN_POINT('',(-933.800938435,-6.82606923624139,287.5));
#6758=CARTESIAN_POINT('',(-933.800938435,-6.22609974432,287.5));
#6759=CARTESIAN_POINT('',(-802.509376459,0.,287.5));
#6760=CARTESIAN_POINT('',(-933.800938435,-6.82606923624139,287.5));
#6761=CARTESIAN_POINT('',(-935.913809891561,-6.82606923624139,287.5));
#6762=CARTESIAN_POINT('',(-937.979916973245,-6.82398733382281,286.633676735077));
#6763=CARTESIAN_POINT('',(-940.931632058912,-6.81672934380564,283.684066661225));
#6764=CARTESIAN_POINT('',(-941.800938413672,-6.81155909180723,281.612864409296));
#6765=CARTESIAN_POINT('',(-941.800938435,-6.80614266329197,279.500000080755));
#6766=CARTESIAN_POINT('',(-941.800938435,-6.80614266329197,279.500000040378));
#6767=CARTESIAN_POINT('',(-941.800938435,-4.21453486444,279.5));
#6768=CARTESIAN_POINT('',(-933.800938435,-4.21453486444,279.5));
#6769=CARTESIAN_POINT('',(-941.800938435,-6.80614266318846,279.500000040378));
#6770=CARTESIAN_POINT('',(-941.800938435,-6.74162651174968,254.333255096433));
#6771=CARTESIAN_POINT('',(-941.800938435,-6.65983721074216,229.166576575722));
#6772=CARTESIAN_POINT('',(-941.800938435,-6.56077473865374,204.000000045421));
#6773=CARTESIAN_POINT('',(-941.800938435,-6.56077473883252,204.00000004542));
#6774=CARTESIAN_POINT('',(-941.800938435,-5.96079316784,204.));
#6775=CARTESIAN_POINT('',(-941.800938435,0.,279.5));
#6776=CARTESIAN_POINT('',(-933.800938435,-6.52870274232995,196.));
#6777=CARTESIAN_POINT('',(-935.913815114675,-6.52870274232995,196.));
#6778=CARTESIAN_POINT('',(-937.979925825763,-6.53225181056356,196.866328650928));
#6779=CARTESIAN_POINT('',(-940.931636483311,-6.5441657709547,199.815941220234));
#6780=CARTESIAN_POINT('',(-941.800938458991,-6.55245794938004,201.887140257308));
#6781=CARTESIAN_POINT('',(-941.800938435,-6.56077473883252,204.00000009084));
#6782=CARTESIAN_POINT('',(-933.800938435,-6.52870274232995,196.));
#6783=CARTESIAN_POINT('',(-933.800938435,-4.21453486444,196.));
#6784=CARTESIAN_POINT('',(-933.800938435,-4.21453486444,204.));
#6785=CARTESIAN_POINT('',(-821.981278322,-6.52870274232995,196.));
#6786=CARTESIAN_POINT('',(-821.981278322,-6.52870274232995,196.));
#6787=CARTESIAN_POINT('',(-821.981278322,-5.92871983342,196.));
#6788=CARTESIAN_POINT('',(-819.461192473,0.,196.));
#6789=CARTESIAN_POINT('',(-821.981278322,-6.52870274232995,196.));
#6790=CARTESIAN_POINT('',(-820.568064789765,-6.52870274232995,196.));
#6791=CARTESIAN_POINT('',(-819.196636251197,-6.52620598563662,195.38667548985));
#6792=CARTESIAN_POINT('',(-818.254498404299,-6.52187460984287,194.33333338342));
#6793=CARTESIAN_POINT('',(-818.254498382149,-6.52187460984236,194.33333335821));
#6794=CARTESIAN_POINT('',(-818.25449836,-5.91839922897,194.333333333));
#6795=CARTESIAN_POINT('',(-821.981278322,-5.91839922897,191.));
#6796=CARTESIAN_POINT('',(-803.219792986,-4.21453486444,194.478785874));
#6797=CARTESIAN_POINT('',(-803.219792963666,-6.52247252292588,194.478785899812));
#6798=CARTESIAN_POINT('',(-818.254498404576,-6.52187460984185,194.333333383172));
#6799=CARTESIAN_POINT('',(-816.345489501256,-6.51309814967095,192.198996515714));
#6800=CARTESIAN_POINT('',(-813.525875126581,-6.50795351998478,190.972845289075));
#6801=CARTESIAN_POINT('',(-807.880222660905,-6.50818413155676,191.02811297011));
#6802=CARTESIAN_POINT('',(-805.087151000411,-6.51355157529069,192.307915137886));
#6803=CARTESIAN_POINT('',(-803.219792941332,-6.52247252292598,194.478785925624));
#6804=CARTESIAN_POINT('',(-810.800938435,-4.21453486444,201.));
#6805=CARTESIAN_POINT('',(-803.21979294127,-6.52247252292577,194.478785925571));
#6806=CARTESIAN_POINT('',(-802.476933365321,-6.52602139298395,195.342386817959));
#6807=CARTESIAN_POINT('',(-801.461449627678,-6.52840282498097,195.926437817003));
#6808=CARTESIAN_POINT('',(-800.341419542727,-6.52925060709341,196.134263886588));
#6809=CARTESIAN_POINT('',(-799.429220261,-5.93581343939,191.218178811));
#6810=CARTESIAN_POINT('',(-952.050938435,-4.21453486444,193.5));
#6811=CARTESIAN_POINT('',(-952.050938435,-6.51844160395465,193.500000044941));
#6812=CARTESIAN_POINT('',(-952.050938435,-6.51844160395465,193.500000089882));
#6813=CARTESIAN_POINT('',(-952.05093845875,-6.51298889526993,192.178830544123));
#6814=CARTESIAN_POINT('',(-951.508936846957,-6.5076025325764,190.886902717401));
#6815=CARTESIAN_POINT('',(-949.663900969466,-6.49986935802913,189.041922606907));
#6816=CARTESIAN_POINT('',(-948.358505872499,-6.49758213395143,188.500882600326));
#6817=CARTESIAN_POINT('',(-945.750129670826,-6.49757469780343,188.499119683658));
#6818=CARTESIAN_POINT('',(-944.451928237433,-6.49981644361795,189.029308539266));
#6819=CARTESIAN_POINT('',(-942.584051067012,-6.5076342397009,190.894457180195));
#6820=CARTESIAN_POINT('',(-942.05093841125,-6.51298889526207,192.178830542221));
#6821=CARTESIAN_POINT('',(-942.050938435,-6.51844160395465,193.500000089882));
#6822=CARTESIAN_POINT('',(-942.050938435,-6.51844160395465,193.500000044941));
#6823=CARTESIAN_POINT('',(-942.050938435,-4.21453486444,193.5));
#6824=CARTESIAN_POINT('',(-947.050938435,-4.21453486444,193.5));
#6825=CARTESIAN_POINT('',(-942.050938435,-6.51844160395465,193.500000089882));
#6826=CARTESIAN_POINT('',(-942.05093845875,-6.52389431166884,194.821169400485));
#6827=CARTESIAN_POINT('',(-942.592940079923,-6.52917199536907,196.11309743446));
#6828=CARTESIAN_POINT('',(-944.437976207689,-6.53666796290279,197.958077605257));
#6829=CARTESIAN_POINT('',(-945.74337123036,-6.53884668052875,198.499117408431));
#6830=CARTESIAN_POINT('',(-948.351747032253,-6.53885379607055,198.50088030763));
#6831=CARTESIAN_POINT('',(-949.649948346322,-6.53671916953013,197.970691648852));
#6832=CARTESIAN_POINT('',(-951.517825718533,-6.52914134531225,196.105543001847));
#6833=CARTESIAN_POINT('',(-952.050938411251,-6.52389431168792,194.821169405108));
#6834=CARTESIAN_POINT('',(-952.050938435,-6.51844160395465,193.500000089882));
#6835=CARTESIAN_POINT('',(-947.050938435,-4.21453486444,193.5));
#6836=CARTESIAN_POINT('',(-952.050938435,-4.21453486444,290.));
#6837=CARTESIAN_POINT('',(-952.050938435,-6.83205765836167,290.000000038548));
#6838=CARTESIAN_POINT('',(-952.050938435,-6.83205765836167,290.000000077096));
#6839=CARTESIAN_POINT('',(-952.050938455371,-6.82892298700955,288.678826695332));
#6840=CARTESIAN_POINT('',(-951.508932832853,-6.82580335968034,287.386895971366));
#6841=CARTESIAN_POINT('',(-949.663894512515,-6.82130729027161,285.541918882218));
#6842=CARTESIAN_POINT('',(-948.358502003667,-6.81996935403751,285.000882483986));
#6843=CARTESIAN_POINT('',(-945.750132667657,-6.81996501157707,284.999119799408));
#6844=CARTESIAN_POINT('',(-944.451934392329,-6.82127650831055,285.529305025682));
#6845=CARTESIAN_POINT('',(-942.584054898913,-6.82582181286619,287.394450721585));
#6846=CARTESIAN_POINT('',(-942.050938414629,-6.82892298700886,288.67882669504));
#6847=CARTESIAN_POINT('',(-942.050938435,-6.83205765836167,290.000000077096));
#6848=CARTESIAN_POINT('',(-942.050938435,-6.83205765836167,290.000000038548));
#6849=CARTESIAN_POINT('',(-942.050938435,-4.21453486444,290.));
#6850=CARTESIAN_POINT('',(-947.050938435,-4.21453486444,290.));
#6851=CARTESIAN_POINT('',(-942.050938435,-6.83205765836167,290.000000077096));
#6852=CARTESIAN_POINT('',(-942.050938455371,-6.83519232937791,291.321173317296));
#6853=CARTESIAN_POINT('',(-942.592944084102,-6.83820328028764,292.613104137347));
#6854=CARTESIAN_POINT('',(-944.437982547237,-6.84246215101462,294.458081245767));
#6855=CARTESIAN_POINT('',(-945.743375007689,-6.8436915858572,294.999117521187));
#6856=CARTESIAN_POINT('',(-948.351744099922,-6.84369560781208,295.000880195445));
#6857=CARTESIAN_POINT('',(-949.649942302599,-6.84249122534596,294.470695085799));
#6858=CARTESIAN_POINT('',(-951.517821905869,-6.83818588408437,292.605549406874));
#6859=CARTESIAN_POINT('',(-952.050938414629,-6.83519232938232,291.321173319152));
#6860=CARTESIAN_POINT('',(-952.050938435,-6.83205765836167,290.000000077095));
#6861=CARTESIAN_POINT('',(-947.050938435,-4.21453486444,290.));
#6862=CARTESIAN_POINT('',(-796.000938435,-4.21453486444,290.));
#6863=CARTESIAN_POINT('',(-796.000938435,-6.83205765836167,290.000000038548));
#6864=CARTESIAN_POINT('',(-796.000938435,-6.83205765836167,290.000000077095));
#6865=CARTESIAN_POINT('',(-796.000938455371,-6.82892298700955,288.678826695332));
#6866=CARTESIAN_POINT('',(-795.458932832853,-6.82580335968034,287.386895971366));
#6867=CARTESIAN_POINT('',(-793.613894512515,-6.82130729027161,285.541918882218));
#6868=CARTESIAN_POINT('',(-792.308502003667,-6.81996935403752,285.000882483986));
#6869=CARTESIAN_POINT('',(-789.700132667657,-6.81996501157707,284.999119799408));
#6870=CARTESIAN_POINT('',(-788.401934392329,-6.82127650831055,285.529305025682));
#6871=CARTESIAN_POINT('',(-786.534054898912,-6.82582181286619,287.394450721585));
#6872=CARTESIAN_POINT('',(-786.000938414629,-6.82892298700886,288.67882669504));
#6873=CARTESIAN_POINT('',(-786.000938435,-6.83205765836167,290.000000077096));
#6874=CARTESIAN_POINT('',(-786.000938435,-6.83205765836167,290.000000038548));
#6875=CARTESIAN_POINT('',(-786.000938435,-4.21453486444,290.));
#6876=CARTESIAN_POINT('',(-791.000938435,-4.21453486444,290.));
#6877=CARTESIAN_POINT('',(-786.000938435,-6.83205765836167,290.000000077096));
#6878=CARTESIAN_POINT('',(-786.000938455371,-6.83519232937791,291.321173317296));
#6879=CARTESIAN_POINT('',(-786.542944084102,-6.83820328028764,292.613104137347));
#6880=CARTESIAN_POINT('',(-788.387982547236,-6.84246215101462,294.458081245767));
#6881=CARTESIAN_POINT('',(-789.693375007689,-6.8436915858572,294.999117521187));
#6882=CARTESIAN_POINT('',(-792.301744099922,-6.84369560781208,295.000880195445));
#6883=CARTESIAN_POINT('',(-793.599942302598,-6.84249122534596,294.470695085799));
#6884=CARTESIAN_POINT('',(-795.467821905869,-6.83818588408437,292.605549406874));
#6885=CARTESIAN_POINT('',(-796.000938414629,-6.83519232938232,291.321173319152));
#6886=CARTESIAN_POINT('',(-796.000938435,-6.83205765836167,290.000000077096));
#6887=CARTESIAN_POINT('',(-791.000938435,-4.21453486444,290.));
#6888=CARTESIAN_POINT('',(-796.000938435,-4.21453486444,193.5));
#6889=CARTESIAN_POINT('',(-796.000938435,-6.51844160395465,193.500000044941));
#6890=CARTESIAN_POINT('',(-796.000938435,-6.51844160395465,193.500000089882));
#6891=CARTESIAN_POINT('',(-796.00093845875,-6.51298889526993,192.178830544123));
#6892=CARTESIAN_POINT('',(-795.458936846957,-6.5076025325764,190.886902717401));
#6893=CARTESIAN_POINT('',(-793.613900969466,-6.49986935802913,189.041922606907));
#6894=CARTESIAN_POINT('',(-792.308505872499,-6.49758213395143,188.500882600326));
#6895=CARTESIAN_POINT('',(-789.700129670826,-6.49757469780343,188.499119683658));
#6896=CARTESIAN_POINT('',(-788.401928237433,-6.49981644361795,189.029308539266));
#6897=CARTESIAN_POINT('',(-786.534051067012,-6.5076342397009,190.894457180195));
#6898=CARTESIAN_POINT('',(-786.000938411251,-6.51298889526207,192.178830542221));
#6899=CARTESIAN_POINT('',(-786.000938435,-6.51844160395465,193.500000089882));
#6900=CARTESIAN_POINT('',(-786.000938435,-6.51844160395465,193.500000044941));
#6901=CARTESIAN_POINT('',(-786.000938435,-4.21453486444,193.5));
#6902=CARTESIAN_POINT('',(-791.000938435,-4.21453486444,193.5));
#6903=CARTESIAN_POINT('',(-786.000938435,-6.51844160395465,193.500000089882));
#6904=CARTESIAN_POINT('',(-786.00093845875,-6.52389431166884,194.821169400485));
#6905=CARTESIAN_POINT('',(-786.542940079923,-6.52917199536907,196.11309743446));
#6906=CARTESIAN_POINT('',(-788.387976207688,-6.53666796290279,197.958077605257));
#6907=CARTESIAN_POINT('',(-789.69337123036,-6.53884668052875,198.499117408431));
#6908=CARTESIAN_POINT('',(-792.301747032253,-6.53885379607055,198.50088030763));
#6909=CARTESIAN_POINT('',(-793.599948346322,-6.53671916953013,197.970691648852));
#6910=CARTESIAN_POINT('',(-795.467825718532,-6.52914134531225,196.105543001847));
#6911=CARTESIAN_POINT('',(-796.00093841125,-6.52389431168792,194.821169405108));
#6912=CARTESIAN_POINT('',(-796.000938435,-6.51844160395465,193.500000089882));
#6913=CARTESIAN_POINT('',(-791.000938435,-4.21453486444,193.5));
#6914=CARTESIAN_POINT('',(-669.600938435,57.4791941433,1071.75381392));
#6915=CARTESIAN_POINT('',(-1231.00093843,15.0000000147,922.999990992));
#6916=CARTESIAN_POINT('',(-669.600938435,58.7514668865,1073.91639655));
#6917=CARTESIAN_POINT('',(-669.600938435,62.2870007925,1070.38086264));
#6918=CARTESIAN_POINT('',(-669.600938435,64.3705951707,1079.53552483));
#6919=CARTESIAN_POINT('',(-1231.00093843,57.8350612647,1072.99999093));
#6920=CARTESIAN_POINT('',(-950.000938435,60.8350612647,1083.07105874));
#6921=CARTESIAN_POINT('',(-670.200938435,59.7790119028,1088.));
#6922=CARTESIAN_POINT('',(-670.200938435004,59.7790119028005,1088.99483767363));
#6923=CARTESIAN_POINT('',(-670.610476201289,59.7790119028011,1089.98354930329));
#6924=CARTESIAN_POINT('',(-672.017389131705,59.7790119028019,1091.3904622337));
#6925=CARTESIAN_POINT('',(-673.006100761366,59.7790119028021,1091.79999999998));
#6926=CARTESIAN_POINT('',(-674.000938435,59.7790119028021,1091.79999999998));
#6927=CARTESIAN_POINT('',(-674.000938435,59.7790527744,1091.80003052));
#6928=CARTESIAN_POINT('',(-674.000938435,29.9605648557,1091.8));
#6929=CARTESIAN_POINT('',(-674.000938435,29.9605648557,1088.));
#6930=CARTESIAN_POINT('',(-670.200938435,44.5811599148,1077.31858846));
#6931=CARTESIAN_POINT('',(-670.200938435,44.0195400702,1077.52076628));
#6932=CARTESIAN_POINT('',(-670.318113688,43.4579113278,1077.7229473));
#6933=CARTESIAN_POINT('',(-670.552640324,42.9251906218,1077.9147217));
#6934=CARTESIAN_POINT('',(-671.23107725,41.9750245132,1078.25677248));
#6935=CARTESIAN_POINT('',(-672.240935841,41.3366898196,1078.48656692));
#6936=CARTESIAN_POINT('',(-672.80712377,41.1160259926,1078.5660038));
#6937=CARTESIAN_POINT('',(-673.404035831,41.0057769385,1078.60569242));
#6938=CARTESIAN_POINT('',(-674.000938435,41.0057769385,1078.60569242));
#6939=CARTESIAN_POINT('',(-674.00093844,41.0057743377,1078.6056838));
#6940=CARTESIAN_POINT('',(-674.000938435,59.7790527744,1091.80003052));
#6941=CARTESIAN_POINT('',(-674.000938435,57.6022179949585,1091.80003052));
#6942=CARTESIAN_POINT('',(-674.001937159101,55.3889482726827,1091.7881190284));
#6943=CARTESIAN_POINT('',(-674.00192334901,52.2508386976431,1091.2563393473));
#6944=CARTESIAN_POINT('',(-674.001730312538,51.2369622302638,1090.99594518447));
#6945=CARTESIAN_POINT('',(-674.001235090144,49.3124545153746,1090.25896765551));
#6946=CARTESIAN_POINT('',(-674.000938434353,48.3677893905892,1089.75854212515));
#6947=CARTESIAN_POINT('',(-674.000938437847,45.9259974686908,1088.02756407676));
#6948=CARTESIAN_POINT('',(-674.000000044924,44.6306994946543,1086.47179429038));
#6949=CARTESIAN_POINT('',(-673.999938668583,42.5453649227921,1082.81138942598));
#6950=CARTESIAN_POINT('',(-674.000938435,41.7661955865598,1080.71797184157));
#6951=CARTESIAN_POINT('',(-674.000938435,41.0057773832507,1078.60569225989));
#6952=CARTESIAN_POINT('',(-674.000938435,41.0057769385,1078.60569242));
#6953=CARTESIAN_POINT('',(-673.404035831,41.0057769385,1078.60569242));
#6954=CARTESIAN_POINT('',(-672.80712377,41.1160259926,1078.5660038));
#6955=CARTESIAN_POINT('',(-672.240935841,41.3366898196,1078.48656692));
#6956=CARTESIAN_POINT('',(-671.23107725,41.9750245132,1078.25677248));
#6957=CARTESIAN_POINT('',(-670.552640324,42.9251906218,1077.9147217));
#6958=CARTESIAN_POINT('',(-670.318113688,43.4579113278,1077.7229473));
#6959=CARTESIAN_POINT('',(-670.200938435,44.0195400702,1077.52076628));
#6960=CARTESIAN_POINT('',(-670.200938435,44.5811599148,1077.31858846));
#6961=CARTESIAN_POINT('',(-674.000938435,41.2150770177,1079.18708043));
#6962=CARTESIAN_POINT('',(-673.404035831,41.2150770177,1079.18708043));
#6963=CARTESIAN_POINT('',(-672.80712377,41.3253032722,1079.14732849));
#6964=CARTESIAN_POINT('',(-672.240935841,41.5459214659,1079.06776484));
#6965=CARTESIAN_POINT('',(-671.23107725,42.184124152,1078.83760371));
#6966=CARTESIAN_POINT('',(-670.552640324,43.1340937663,1078.4950071));
#6967=CARTESIAN_POINT('',(-670.318113688,43.6667043057,1078.30292667));
#6968=CARTESIAN_POINT('',(-670.200938435,44.2282169033,1078.10042302));
#6969=CARTESIAN_POINT('',(-670.200938435,44.789720605,1077.89792258));
#6970=CARTESIAN_POINT('',(-674.000938434,41.4293074239,1079.78113816));
#6971=CARTESIAN_POINT('',(-673.40403583,41.4293074241,1079.78113816));
#6972=CARTESIAN_POINT('',(-672.807123769,41.5393683867,1079.74092695));
#6973=CARTESIAN_POINT('',(-672.24093584,41.7596557479,1079.66044408));
#6974=CARTESIAN_POINT('',(-671.23107725,42.3969014038,1079.42762383));
#6975=CARTESIAN_POINT('',(-670.552640324,43.3454464713,1079.08106909));
#6976=CARTESIAN_POINT('',(-670.318113688,43.8772583234,1078.8867695));
#6977=CARTESIAN_POINT('',(-670.200938435,44.4379288929,1078.68192626));
#6978=CARTESIAN_POINT('',(-670.200938435,44.9985905798,1078.47708626));
#6979=CARTESIAN_POINT('',(-674.000938433,41.6537527873,1080.39027179));
#6980=CARTESIAN_POINT('',(-673.404035829,41.6537527876,1080.39027179));
#6981=CARTESIAN_POINT('',(-672.807123768,41.763465338,1080.34909792));
#6982=CARTESIAN_POINT('',(-672.24093584,41.9830553509,1080.2666883));
#6983=CARTESIAN_POINT('',(-671.23107725,42.6182837226,1080.02829437));
#6984=CARTESIAN_POINT('',(-670.552640324,43.5638260469,1079.67344316));
#6985=CARTESIAN_POINT('',(-670.318113688,44.0939543791,1079.47449207));
#6986=CARTESIAN_POINT('',(-670.200938435,44.6528500727,1079.26474492));
#6987=CARTESIAN_POINT('',(-670.200938435,45.2117369119,1079.05500108));
#6988=CARTESIAN_POINT('',(-674.000938437,42.0887552047,1081.52245017));
#6989=CARTESIAN_POINT('',(-673.404035832,42.0887552045,1081.52245017));
#6990=CARTESIAN_POINT('',(-672.807123771,42.1975025345,1081.47870529));
#6991=CARTESIAN_POINT('',(-672.240935842,42.4151606565,1081.39114976));
#6992=CARTESIAN_POINT('',(-671.231077251,43.0448004691,1081.13786979));
#6993=CARTESIAN_POINT('',(-670.552640325,43.9820241806,1080.76086059));
#6994=CARTESIAN_POINT('',(-670.318113688,44.5074885944,1080.54948638));
#6995=CARTESIAN_POINT('',(-670.200938435,45.0614672826,1080.32664197));
#6996=CARTESIAN_POINT('',(-670.200938435,45.6154371942,1080.1038011));
#6997=CARTESIAN_POINT('',(-674.000938434,42.5938013359,1082.69259378));
#6998=CARTESIAN_POINT('',(-673.40403583,42.5938013361,1082.69259378));
#6999=CARTESIAN_POINT('',(-672.807123769,42.7007176934,1082.64457092));
#7000=CARTESIAN_POINT('',(-672.24093584,42.9147111172,1082.54845303));
#7001=CARTESIAN_POINT('',(-671.23107725,43.5337497175,1082.2704039));
#7002=CARTESIAN_POINT('',(-670.552640324,44.4551934424,1081.85652562));
#7003=CARTESIAN_POINT('',(-670.318113688,44.9718106393,1081.62448037));
#7004=CARTESIAN_POINT('',(-670.200938435,45.5164620172,1081.37984322));
#7005=CARTESIAN_POINT('',(-670.200938435,46.0611047663,1081.13520994));
#7006=CARTESIAN_POINT('',(-674.000938434,42.841104302,1083.22981868));
#7007=CARTESIAN_POINT('',(-673.40403583,42.8411043021,1083.22981868));
#7008=CARTESIAN_POINT('',(-672.807123769,42.9469708836,1083.1794982));
#7009=CARTESIAN_POINT('',(-672.24093584,43.158863178,1083.0787816));
#7010=CARTESIAN_POINT('',(-671.23107725,43.7718236465,1082.78742936));
#7011=CARTESIAN_POINT('',(-670.552640324,44.6842200256,1082.35374931));
#7012=CARTESIAN_POINT('',(-670.318113688,45.1957647322,1082.11060199));
#7013=CARTESIAN_POINT('',(-670.200938435,45.7350683616,1081.85426031));
#7014=CARTESIAN_POINT('',(-670.200938435,46.2743634469,1081.59792268));
#7015=CARTESIAN_POINT('',(-674.000938436,43.5479992966,1084.6561443));
#7016=CARTESIAN_POINT('',(-673.404035832,43.5479992965,1084.6561443));
#7017=CARTESIAN_POINT('',(-672.807123771,43.650419379,1084.59873878));
#7018=CARTESIAN_POINT('',(-672.240935842,43.855413495,1084.48384145));
#7019=CARTESIAN_POINT('',(-671.231077251,44.4484189644,1084.15146731));
#7020=CARTESIAN_POINT('',(-670.552640324,45.3311121738,1083.65672584));
#7021=CARTESIAN_POINT('',(-670.318113688,45.8260034833,1083.37934378));
#7022=CARTESIAN_POINT('',(-670.200938435,46.3477500207,1083.08690962));
#7023=CARTESIAN_POINT('',(-670.200938435,46.8694882921,1082.79448009));
#7024=CARTESIAN_POINT('',(-674.000938433,44.457744871,1086.11110897));
#7025=CARTESIAN_POINT('',(-673.404035829,44.4577448713,1086.11110897));
#7026=CARTESIAN_POINT('',(-672.807123768,44.554081087,1086.04380149));
#7027=CARTESIAN_POINT('',(-672.24093584,44.746898324,1085.90908536));
#7028=CARTESIAN_POINT('',(-671.23107725,45.304678607,1085.51937952));
#7029=CARTESIAN_POINT('',(-670.552640324,46.1349388546,1084.93929937));
#7030=CARTESIAN_POINT('',(-670.318113688,46.6004330679,1084.61407129));
#7031=CARTESIAN_POINT('',(-670.200938435,47.0911872786,1084.27119473));
#7032=CARTESIAN_POINT('',(-670.200938435,47.5819337144,1083.92832361));
#7033=CARTESIAN_POINT('',(-674.000938437,45.1190710183,1087.01749895));
#7034=CARTESIAN_POINT('',(-673.404035833,45.1190710181,1087.01749895));
#7035=CARTESIAN_POINT('',(-672.807123771,45.2103484324,1086.94283405));
#7036=CARTESIAN_POINT('',(-672.240935842,45.3930404631,1086.79339202));
#7037=CARTESIAN_POINT('',(-671.231077251,45.9215306243,1086.36108721));
#7038=CARTESIAN_POINT('',(-670.552640325,46.7081923006,1085.71759818));
#7039=CARTESIAN_POINT('',(-670.318113688,47.1492425126,1085.35681923));
#7040=CARTESIAN_POINT('',(-670.200938435,47.6142262707,1084.97646264));
#7041=CARTESIAN_POINT('',(-670.200938435,48.0792026622,1084.59611208));
#7042=CARTESIAN_POINT('',(-674.000938433,46.5510835471,1088.54471581));
#7043=CARTESIAN_POINT('',(-673.404035829,46.5510835473,1088.54471581));
#7044=CARTESIAN_POINT('',(-672.807123769,46.6290317461,1088.45564492));
#7045=CARTESIAN_POINT('',(-672.24093584,46.7850453099,1088.27736924));
#7046=CARTESIAN_POINT('',(-671.23107725,47.2363601983,1087.76165469));
#7047=CARTESIAN_POINT('',(-670.552640324,47.9081458859,1086.99400961));
#7048=CARTESIAN_POINT('',(-670.318113688,48.2847896564,1086.56362126));
#7049=CARTESIAN_POINT('',(-670.200938435,48.6818719639,1086.10987792));
#7050=CARTESIAN_POINT('',(-670.200938435,49.0789479804,1085.65614177));
#7051=CARTESIAN_POINT('',(-674.000938436,48.3347981872,1089.75307992));
#7052=CARTESIAN_POINT('',(-673.404035832,48.3347981871,1089.75307992));
#7053=CARTESIAN_POINT('',(-672.807123771,48.3947432849,1089.65175108));
#7054=CARTESIAN_POINT('',(-672.240935842,48.5147235861,1089.44894109));
#7055=CARTESIAN_POINT('',(-671.231077251,48.8618017179,1088.86225384));
#7056=CARTESIAN_POINT('',(-670.552640324,49.3784301909,1087.98896535));
#7057=CARTESIAN_POINT('',(-670.318113688,49.6680834235,1087.49934689));
#7058=CARTESIAN_POINT('',(-670.200938435,49.9734546601,1086.98315934));
#7059=CARTESIAN_POINT('',(-670.200938435,50.2788210588,1086.46697996));
#7060=CARTESIAN_POINT('',(-674.000938436,49.1416893637,1090.18352706));
#7061=CARTESIAN_POINT('',(-673.404035832,49.1416893637,1090.18352706));
#7062=CARTESIAN_POINT('',(-672.807123771,49.1936002458,1090.07798718));
#7063=CARTESIAN_POINT('',(-672.240935842,49.2975000389,1089.8667488));
#7064=CARTESIAN_POINT('',(-671.231077251,49.5980605952,1089.25567995));
#7065=CARTESIAN_POINT('',(-670.552640324,50.0454472987,1088.34609927));
#7066=CARTESIAN_POINT('',(-670.318113688,50.2962793988,1087.83613321));
#7067=CARTESIAN_POINT('',(-670.200938435,50.5607228781,1087.2984939));
#7068=CARTESIAN_POINT('',(-670.200938435,50.8251621678,1086.7608631));
#7069=CARTESIAN_POINT('',(-674.000938434,50.5375800333,1090.77539382));
#7070=CARTESIAN_POINT('',(-673.40403583,50.5375800333,1090.77539381));
#7071=CARTESIAN_POINT('',(-672.807123769,50.5767175912,1090.66453811));
#7072=CARTESIAN_POINT('',(-672.24093584,50.655051536,1090.44266007));
#7073=CARTESIAN_POINT('',(-671.23107725,50.8816553944,1089.8008129));
#7074=CARTESIAN_POINT('',(-670.552640324,51.2189569831,1088.84541844));
#7075=CARTESIAN_POINT('',(-670.318113688,51.4080686961,1088.30976641));
#7076=CARTESIAN_POINT('',(-670.200938435,51.6074425376,1087.74504727));
#7077=CARTESIAN_POINT('',(-670.200938435,51.8068132204,1087.18033708));
#7078=CARTESIAN_POINT('',(-674.000938436,51.9062656609,1091.15900085));
#7079=CARTESIAN_POINT('',(-673.404035831,51.9062656609,1091.15900085));
#7080=CARTESIAN_POINT('',(-672.80712377,51.9348489583,1091.04523481));
#7081=CARTESIAN_POINT('',(-672.240935841,51.9920585176,1090.81753174));
#7082=CARTESIAN_POINT('',(-671.231077251,52.1575539094,1090.15883398));
#7083=CARTESIAN_POINT('',(-670.552640324,52.4038950749,1089.17835728));
#7084=CARTESIAN_POINT('',(-670.318113688,52.542008862,1088.62864261));
#7085=CARTESIAN_POINT('',(-670.200938435,52.6876173801,1088.04909774));
#7086=CARTESIAN_POINT('',(-670.200938435,52.8332235913,1087.46956205));
#7087=CARTESIAN_POINT('',(-674.000938434,52.4741061376,1091.28923624));
#7088=CARTESIAN_POINT('',(-673.40403583,52.4741061376,1091.28923624));
#7089=CARTESIAN_POINT('',(-672.807123769,52.4987119859,1091.17458364));
#7090=CARTESIAN_POINT('',(-672.24093584,52.5479606682,1090.94510611));
#7091=CARTESIAN_POINT('',(-671.23107725,52.6904268939,1090.2812752));
#7092=CARTESIAN_POINT('',(-670.552640324,52.9024889682,1089.29315778));
#7093=CARTESIAN_POINT('',(-670.318113688,53.0213838192,1088.73915927));
#7094=CARTESIAN_POINT('',(-670.200938435,53.1467304875,1088.15509809));
#7095=CARTESIAN_POINT('',(-670.200938435,53.27207517,1087.57104615));
#7096=CARTESIAN_POINT('',(-674.000938436,53.6876584738,1091.51843779));
#7097=CARTESIAN_POINT('',(-673.404035831,53.6876584738,1091.51843779));
#7098=CARTESIAN_POINT('',(-672.80712377,53.7045489573,1091.4023536));
#7099=CARTESIAN_POINT('',(-672.240935841,53.7383553129,1091.17001075));
#7100=CARTESIAN_POINT('',(-671.231077251,53.8361500895,1090.49789105));
#7101=CARTESIAN_POINT('',(-670.552640324,53.9817183678,1089.49743571));
#7102=CARTESIAN_POINT('',(-670.318113688,54.0633327669,1088.93651981));
#7103=CARTESIAN_POINT('',(-670.200938435,54.1493759633,1088.34516586));
#7104=CARTESIAN_POINT('',(-670.200938435,54.2354177965,1087.75382128));
#7105=CARTESIAN_POINT('',(-674.000938434,54.8492256437,1091.6498513));
#7106=CARTESIAN_POINT('',(-673.40403583,54.8492256437,1091.6498513));
#7107=CARTESIAN_POINT('',(-672.807123769,54.8603509465,1091.53315239));
#7108=CARTESIAN_POINT('',(-672.24093584,54.882618275,1091.29957916));
#7109=CARTESIAN_POINT('',(-671.23107725,54.9470330387,1090.62390025));
#7110=CARTESIAN_POINT('',(-670.552640324,55.0429149107,1089.61814699));
#7111=CARTESIAN_POINT('',(-670.318113688,55.096672099,1089.05426076));
#7112=CARTESIAN_POINT('',(-670.200938435,55.153346416,1088.4597753));
#7113=CARTESIAN_POINT('',(-670.200938435,55.210019835,1087.86529925));
#7114=CARTESIAN_POINT('',(-674.000938434,55.4652276836,1091.70022564));
#7115=CARTESIAN_POINT('',(-673.40403583,55.4652276836,1091.70022564));
#7116=CARTESIAN_POINT('',(-672.807123769,55.4737408113,1091.58332776));
#7117=CARTESIAN_POINT('',(-672.24093584,55.490779863,1091.34935627));
#7118=CARTESIAN_POINT('',(-671.23107725,55.5400703063,1090.67252529));
#7119=CARTESIAN_POINT('',(-670.552640324,55.6134395108,1089.66505715));
#7120=CARTESIAN_POINT('',(-670.318113688,55.6545747334,1089.10020946));
#7121=CARTESIAN_POINT('',(-670.200938435,55.6979421548,1088.50471036));
#7122=CARTESIAN_POINT('',(-670.200938435,55.7413088892,1087.9092207));
#7123=CARTESIAN_POINT('',(-674.000938436,56.3173936493,1091.74938926));
#7124=CARTESIAN_POINT('',(-673.404035831,56.3173936493,1091.74938926));
#7125=CARTESIAN_POINT('',(-672.80712377,56.3228643451,1091.63232571));
#7126=CARTESIAN_POINT('',(-672.240935841,56.3338139598,1091.39802265));
#7127=CARTESIAN_POINT('',(-671.231077251,56.3654889247,1090.7202325));
#7128=CARTESIAN_POINT('',(-670.552640324,56.4126373539,1089.71133663));
#7129=CARTESIAN_POINT('',(-670.318113688,56.4390716208,1089.14568846));
#7130=CARTESIAN_POINT('',(-670.200938435,56.4669403405,1088.54934545));
#7131=CARTESIAN_POINT('',(-670.200938435,56.4948086188,1087.95301189));
#7132=CARTESIAN_POINT('',(-674.000938435,57.1424974745,1091.7757722));
#7133=CARTESIAN_POINT('',(-673.404035831,57.1424974745,1091.7757722));
#7134=CARTESIAN_POINT('',(-672.80712377,57.1457862446,1091.65864069));
#7135=CARTESIAN_POINT('',(-672.240935841,57.1523687285,1091.42420159));
#7136=CARTESIAN_POINT('',(-671.23107725,57.1714104892,1090.74601791));
#7137=CARTESIAN_POINT('',(-670.552640324,57.1997542968,1089.73653628));
#7138=CARTESIAN_POINT('',(-670.318113688,57.2156455531,1089.1705597));
#7139=CARTESIAN_POINT('',(-670.200938435,57.2323991468,1088.57387045));
#7140=CARTESIAN_POINT('',(-670.200938435,57.2491524751,1087.97719066));
#7141=CARTESIAN_POINT('',(-674.000938434,57.3842325146,1091.78189973));
#7142=CARTESIAN_POINT('',(-673.40403583,57.3842325146,1091.78189973));
#7143=CARTESIAN_POINT('',(-672.807123769,57.3869485133,1091.66475424));
#7144=CARTESIAN_POINT('',(-672.240935841,57.3923845933,1091.43028717));
#7145=CARTESIAN_POINT('',(-671.23107725,57.4081100453,1090.75202257));
#7146=CARTESIAN_POINT('',(-670.552640324,57.4315175018,1089.74242047));
#7147=CARTESIAN_POINT('',(-670.318113688,57.4446411406,1089.17637635));
#7148=CARTESIAN_POINT('',(-670.200938435,57.4584769323,1088.57961591));
#7149=CARTESIAN_POINT('',(-670.200938435,57.4723125048,1087.98286491));
#7150=CARTESIAN_POINT('',(-674.000938434,57.7434708174,1091.78900405));
#7151=CARTESIAN_POINT('',(-673.40403583,57.7434708174,1091.78900405));
#7152=CARTESIAN_POINT('',(-672.807123769,57.7454331764,1091.6718441));
#7153=CARTESIAN_POINT('',(-672.24093584,57.7493608441,1091.43734811));
#7154=CARTESIAN_POINT('',(-671.23107725,57.7607227723,1090.75899982));
#7155=CARTESIAN_POINT('',(-670.552640324,57.77763509,1089.74927316));
#7156=CARTESIAN_POINT('',(-670.318113688,57.7871171603,1089.18315921));
#7157=CARTESIAN_POINT('',(-670.200938435,57.7971137741,1088.58632513));
#7158=CARTESIAN_POINT('',(-670.200938435,57.8071102296,1087.98950051));
#7159=CARTESIAN_POINT('',(-674.000938434,58.0977515422,1091.79356191));
#7160=CARTESIAN_POINT('',(-673.40403583,58.0977515422,1091.79356191));
#7161=CARTESIAN_POINT('',(-672.807123769,58.099114526,1091.67639436));
#7162=CARTESIAN_POINT('',(-672.24093584,58.1018425423,1091.44188315));
#7163=CARTESIAN_POINT('',(-671.23107725,58.1097341277,1090.76349084));
#7164=CARTESIAN_POINT('',(-670.552640324,58.1214808133,1089.75369867));
#7165=CARTESIAN_POINT('',(-670.318113688,58.1280667172,1089.18754797));
#7166=CARTESIAN_POINT('',(-670.200938435,58.1350100045,1088.59067517));
#7167=CARTESIAN_POINT('',(-670.200938435,58.1419531819,1087.99381182));
#7168=CARTESIAN_POINT('',(-674.000938434,58.215299209,1091.7948307));
#7169=CARTESIAN_POINT('',(-673.40403583,58.215299209,1091.7948307));
#7170=CARTESIAN_POINT('',(-672.807123769,58.2164793186,1091.67766122));
#7171=CARTESIAN_POINT('',(-672.24093584,58.2188413118,1091.44314614));
#7172=CARTESIAN_POINT('',(-671.23107725,58.2256740681,1090.76474262));
#7173=CARTESIAN_POINT('',(-670.552640324,58.2358446786,1089.75493377));
#7174=CARTESIAN_POINT('',(-670.318113688,58.2415469392,1089.18877373));
#7175=CARTESIAN_POINT('',(-670.200938435,58.2475586325,1088.59189106));
#7176=CARTESIAN_POINT('',(-670.200938435,58.2535702305,1087.99501786));
#7177=CARTESIAN_POINT('',(-674.000938435,58.449311753,1091.79692916));
#7178=CARTESIAN_POINT('',(-673.40403583,58.449311753,1091.79692916));
#7179=CARTESIAN_POINT('',(-672.80712377,58.4501595544,1091.67975674));
#7180=CARTESIAN_POINT('',(-672.240935841,58.4518564316,1091.44523578));
#7181=CARTESIAN_POINT('',(-671.23107725,58.4567651452,1090.76681527));
#7182=CARTESIAN_POINT('',(-670.552640324,58.4640718034,1089.75698111));
#7183=CARTESIAN_POINT('',(-670.318113688,58.4681683587,1089.19080688));
#7184=CARTESIAN_POINT('',(-670.200938435,58.4724872133,1088.59390926));
#7185=CARTESIAN_POINT('',(-670.200938435,58.4768059994,1087.9970211));
#7186=CARTESIAN_POINT('',(-674.000938435,58.6811782308,1091.79826809));
#7187=CARTESIAN_POINT('',(-673.404035831,58.6811782308,1091.79826809));
#7188=CARTESIAN_POINT('',(-672.80712377,58.6817598965,1091.68109418));
#7189=CARTESIAN_POINT('',(-672.240935841,58.6829241023,1091.44657023));
#7190=CARTESIAN_POINT('',(-671.23107725,58.6862919081,1090.76814109));
#7191=CARTESIAN_POINT('',(-670.552640324,58.6913049131,1089.75829408));
#7192=CARTESIAN_POINT('',(-670.318113688,58.6941155075,1089.19211264));
#7193=CARTESIAN_POINT('',(-670.200938435,58.6970786185,1088.59520742));
#7194=CARTESIAN_POINT('',(-670.200938435,58.7000416825,1087.99831167));
#7195=CARTESIAN_POINT('',(-674.000938435,58.7965798312,1091.79877737));
#7196=CARTESIAN_POINT('',(-673.404035831,58.7965798312,1091.79877737));
#7197=CARTESIAN_POINT('',(-672.80712377,58.7970447954,1091.68160297));
#7198=CARTESIAN_POINT('',(-672.240935841,58.7979754226,1091.44707804));
#7199=CARTESIAN_POINT('',(-671.23107725,58.8006675343,1090.76864605));
#7200=CARTESIAN_POINT('',(-670.552640324,58.8046747633,1089.75879481));
#7201=CARTESIAN_POINT('',(-670.318113688,58.8069214587,1089.192611));
#7202=CARTESIAN_POINT('',(-670.200938435,58.8092900708,1088.59570329));
#7203=CARTESIAN_POINT('',(-670.200938435,58.8116586454,1087.99880503));
#7204=CARTESIAN_POINT('',(-674.000938435,58.9880412588,1091.79940662));
#7205=CARTESIAN_POINT('',(-673.404035831,58.9880412588,1091.79940662));
#7206=CARTESIAN_POINT('',(-672.80712377,58.988338735,1091.68223169));
#7207=CARTESIAN_POINT('',(-672.240935841,58.9889341345,1091.4477057));
#7208=CARTESIAN_POINT('',(-671.23107725,58.990656502,1090.76927066));
#7209=CARTESIAN_POINT('',(-670.552640324,58.9932202592,1089.75941488));
#7210=CARTESIAN_POINT('',(-670.318113688,58.9946576569,1089.19322852));
#7211=CARTESIAN_POINT('',(-670.200938435,58.9961730548,1088.59631812));
#7212=CARTESIAN_POINT('',(-670.200938435,58.9976884287,1087.99941717));
#7213=CARTESIAN_POINT('',(-674.000938435,59.1780581901,1091.79974633));
#7214=CARTESIAN_POINT('',(-673.404035831,59.1780581901,1091.79974633));
#7215=CARTESIAN_POINT('',(-672.80712377,59.1782328197,1091.68257119));
#7216=CARTESIAN_POINT('',(-672.240935841,59.1785823412,1091.44804479));
#7217=CARTESIAN_POINT('',(-671.23107725,59.1795934346,1090.76960854));
#7218=CARTESIAN_POINT('',(-670.552640324,59.1810984548,1089.75975095));
#7219=CARTESIAN_POINT('',(-670.318113688,59.1819422604,1089.19356358));
#7220=CARTESIAN_POINT('',(-670.200938435,59.182831855,1088.59665212));
#7221=CARTESIAN_POINT('',(-670.200938435,59.1837214355,1087.99975011));
#7222=CARTESIAN_POINT('',(-674.000938435,59.2538367706,1091.79984401));
#7223=CARTESIAN_POINT('',(-673.404035831,59.2538367706,1091.79984401));
#7224=CARTESIAN_POINT('',(-672.80712377,59.2539693631,1091.68266882));
#7225=CARTESIAN_POINT('',(-672.240935841,59.2542347474,1091.44814232));
#7226=CARTESIAN_POINT('',(-671.23107725,59.2550024492,1090.76970577));
#7227=CARTESIAN_POINT('',(-670.552640324,59.2561451792,1089.75984776));
#7228=CARTESIAN_POINT('',(-670.318113688,59.2567858629,1089.19366015));
#7229=CARTESIAN_POINT('',(-670.200938435,59.2574613132,1088.59674843));
#7230=CARTESIAN_POINT('',(-670.200938435,59.2581367529,1087.99984616));
#7231=CARTESIAN_POINT('',(-674.000938435,59.396584214,1091.79997131));
#7232=CARTESIAN_POINT('',(-673.404035831,59.396584214,1091.79997131));
#7233=CARTESIAN_POINT('',(-672.80712377,59.3966507309,1091.68279607));
#7234=CARTESIAN_POINT('',(-672.240935841,59.3967838646,1091.44826946));
#7235=CARTESIAN_POINT('',(-671.23107725,59.3971689928,1090.7698326));
#7236=CARTESIAN_POINT('',(-670.552640324,59.3977422591,1089.7599741));
#7237=CARTESIAN_POINT('',(-670.318113688,59.3980636669,1089.19378623));
#7238=CARTESIAN_POINT('',(-670.200938435,59.3984025159,1088.59687423));
#7239=CARTESIAN_POINT('',(-670.200938435,59.3987413596,1087.99997168));
#7240=CARTESIAN_POINT('',(-674.000938435,59.5385188725,1091.80001799));
#7241=CARTESIAN_POINT('',(-673.404035831,59.5385188725,1091.80001799));
#7242=CARTESIAN_POINT('',(-672.80712377,59.5385444204,1091.68284274));
#7243=CARTESIAN_POINT('',(-672.240935841,59.5385955545,1091.44831611));
#7244=CARTESIAN_POINT('',(-671.23107725,59.5387434751,1090.76987919));
#7245=CARTESIAN_POINT('',(-670.552640324,59.538963656,1089.76002061));
#7246=CARTESIAN_POINT('',(-670.318113688,59.5390871027,1089.19383268));
#7247=CARTESIAN_POINT('',(-670.200938435,59.5392172483,1088.59692063));
#7248=CARTESIAN_POINT('',(-670.200938435,59.5393473918,1088.00001803));
#7249=CARTESIAN_POINT('',(-674.000938435,59.6466717458,1091.80003052));
#7250=CARTESIAN_POINT('',(-673.404035831,59.6466717458,1091.80003052));
#7251=CARTESIAN_POINT('',(-672.80712377,59.6466717388,1091.68285527));
#7252=CARTESIAN_POINT('',(-672.240935841,59.6466717246,1091.44832863));
#7253=CARTESIAN_POINT('',(-671.23107725,59.6466716836,1090.7698917));
#7254=CARTESIAN_POINT('',(-670.552640324,59.6466716226,1089.76003311));
#7255=CARTESIAN_POINT('',(-670.318113688,59.6466715884,1089.19384519));
#7256=CARTESIAN_POINT('',(-670.200938435,59.6466715524,1088.59693312));
#7257=CARTESIAN_POINT('',(-670.200938435,59.6466715163,1088.00003052));
#7258=CARTESIAN_POINT('',(-674.000938435,59.7128622588,1091.80003052));
#7259=CARTESIAN_POINT('',(-673.404035831,59.7128622588,1091.80003052));
#7260=CARTESIAN_POINT('',(-672.80712377,59.7128622553,1091.68285526));
#7261=CARTESIAN_POINT('',(-672.240935841,59.7128622482,1091.44832863));
#7262=CARTESIAN_POINT('',(-671.23107725,59.7128622279,1090.7698917));
#7263=CARTESIAN_POINT('',(-670.552640324,59.7128621977,1089.76003311));
#7264=CARTESIAN_POINT('',(-670.318113688,59.7128621807,1089.19384518));
#7265=CARTESIAN_POINT('',(-670.200938435,59.7128621629,1088.59693312));
#7266=CARTESIAN_POINT('',(-670.200938435,59.712862145,1088.00003052));
#7267=CARTESIAN_POINT('',(-674.000938435,59.7790527744,1091.80003052));
#7268=CARTESIAN_POINT('',(-673.404035831,59.7790527744,1091.80003052));
#7269=CARTESIAN_POINT('',(-672.80712377,59.7790527744,1091.68285526));
#7270=CARTESIAN_POINT('',(-672.240935841,59.7790527744,1091.44832863));
#7271=CARTESIAN_POINT('',(-671.23107725,59.7790527744,1090.7698917));
#7272=CARTESIAN_POINT('',(-670.552640324,59.7790527744,1089.76003311));
#7273=CARTESIAN_POINT('',(-670.318113688,59.7790527744,1089.19384518));
#7274=CARTESIAN_POINT('',(-670.200938435,59.7790527744,1088.59693312));
#7275=CARTESIAN_POINT('',(-670.200938435,59.7790527744,1088.00003052));
#7276=CARTESIAN_POINT('',(-670.200938435,3.01456244088,938.665083523));
#7277=CARTESIAN_POINT('',(-670.200938435,2.43430854599,938.805076814));
#7278=CARTESIAN_POINT('',(-670.318113688,1.8540454581,938.945072322));
#7279=CARTESIAN_POINT('',(-670.552640324,1.30364954972,939.077862011));
#7280=CARTESIAN_POINT('',(-671.23107725,0.321957768997,939.314707061));
#7281=CARTESIAN_POINT('',(-672.240935841,-0.337556305818,939.473822832));
#7282=CARTESIAN_POINT('',(-672.80712377,-0.565541563611,939.528827041));
#7283=CARTESIAN_POINT('',(-673.404035831,-0.679448583908,939.556308491));
#7284=CARTESIAN_POINT('',(-674.000938435,-0.679448583908,939.556308491));
#7285=CARTESIAN_POINT('',(-674.000938435,41.0058179238821,1078.60566810903));
#7286=CARTESIAN_POINT('',(-674.000892432403,24.5628441526771,1032.93059004923));
#7287=CARTESIAN_POINT('',(-674.000898437443,10.6402340319973,986.474230162881));
#7288=CARTESIAN_POINT('',(-674.000938433134,-0.679457662148804,939.556310681269));
#7289=CARTESIAN_POINT('',(-674.000938435,-0.679448583908,939.556308491));
#7290=CARTESIAN_POINT('',(-673.404035831,-0.679448583908,939.556308491));
#7291=CARTESIAN_POINT('',(-672.80712377,-0.565541563611,939.528827041));
#7292=CARTESIAN_POINT('',(-672.240935841,-0.337556305818,939.473822832));
#7293=CARTESIAN_POINT('',(-671.23107725,0.321957768997,939.314707061));
#7294=CARTESIAN_POINT('',(-670.552640324,1.30364954972,939.077862011));
#7295=CARTESIAN_POINT('',(-670.318113688,1.8540454581,938.945072322));
#7296=CARTESIAN_POINT('',(-670.200938435,2.43430854599,938.805076814));
#7297=CARTESIAN_POINT('',(-670.200938435,3.01456244088,938.665083523));
#7298=CARTESIAN_POINT('',(-674.000938435,2.72667889672,953.673965533));
#7299=CARTESIAN_POINT('',(-673.404035831,2.72667889672,953.673965533));
#7300=CARTESIAN_POINT('',(-672.80712377,2.84028899728,953.645253432));
#7301=CARTESIAN_POINT('',(-672.240935841,3.06767996928,953.58778607));
#7302=CARTESIAN_POINT('',(-671.23107725,3.72547489855,953.42154491));
#7303=CARTESIAN_POINT('',(-670.552640324,4.70460771788,953.174093662));
#7304=CARTESIAN_POINT('',(-670.318113688,5.25356891742,953.035357496));
#7305=CARTESIAN_POINT('',(-670.200938435,5.83231944213,952.889092825));
#7306=CARTESIAN_POINT('',(-670.200938435,6.4110607978,952.742830472));
#7307=CARTESIAN_POINT('',(-674.000938435,6.32629686364,967.746796538));
#7308=CARTESIAN_POINT('',(-673.404035831,6.32629686364,967.746796538));
#7309=CARTESIAN_POINT('',(-672.80712377,6.43957945594,967.7168017));
#7310=CARTESIAN_POINT('',(-672.240935841,6.66631491914,967.656766939));
#7311=CARTESIAN_POINT('',(-671.23107725,7.32221359735,967.483098824));
#7312=CARTESIAN_POINT('',(-670.552640324,8.29852383238,967.224592498));
#7313=CARTESIAN_POINT('',(-670.318113688,8.84590252009,967.079658184));
#7314=CARTESIAN_POINT('',(-670.200938435,9.42298465813,966.926859024));
#7315=CARTESIAN_POINT('',(-670.200938435,10.0000576536,966.774062285));
#7316=CARTESIAN_POINT('',(-674.000938435,10.1174647315,981.76719247));
#7317=CARTESIAN_POINT('',(-673.404035831,10.1174647315,981.76719247));
#7318=CARTESIAN_POINT('',(-672.80712377,10.2304209572,981.735994234));
#7319=CARTESIAN_POINT('',(-672.240935841,10.4565031967,981.673550867));
#7320=CARTESIAN_POINT('',(-671.23107725,11.1105122342,981.492915156));
#7321=CARTESIAN_POINT('',(-670.552640324,12.0840097245,981.224037507));
#7322=CARTESIAN_POINT('',(-670.318113688,12.629811417,981.073288402));
#7323=CARTESIAN_POINT('',(-670.200938435,13.2052309844,980.914358912));
#7324=CARTESIAN_POINT('',(-670.200938435,13.7806414355,980.755431939));
#7325=CARTESIAN_POINT('',(-674.000938435,16.0905120346,1002.71936072));
#7326=CARTESIAN_POINT('',(-673.404035831,16.0905120346,1002.71936072));
#7327=CARTESIAN_POINT('',(-672.80712377,16.2029406463,1002.6863104));
#7328=CARTESIAN_POINT('',(-672.240935841,16.4279668647,1002.6201601));
#7329=CARTESIAN_POINT('',(-671.23107725,17.078921052,1002.42880098));
#7330=CARTESIAN_POINT('',(-670.552640324,18.0478713742,1002.14396147));
#7331=CARTESIAN_POINT('',(-670.318113688,18.5911236487,1001.98426317));
#7332=CARTESIAN_POINT('',(-670.200938435,19.1638554542,1001.81589886));
#7333=CARTESIAN_POINT('',(-670.200938435,19.736578186,1001.64753722));
#7334=CARTESIAN_POINT('',(-674.000938435,22.4892334186,1023.54326097));
#7335=CARTESIAN_POINT('',(-673.404035831,22.4892334186,1023.54326097));
#7336=CARTESIAN_POINT('',(-672.80712377,22.6011017554,1023.50838836));
#7337=CARTESIAN_POINT('',(-672.240935841,22.8250065819,1023.43859074));
#7338=CARTESIAN_POINT('',(-671.23107725,23.4727168149,1023.23668068));
#7339=CARTESIAN_POINT('',(-670.552640324,24.4368384863,1022.936136));
#7340=CARTESIAN_POINT('',(-670.318113688,24.9773835265,1022.76763243));
#7341=CARTESIAN_POINT('',(-670.200938435,25.5472611899,1022.58998504));
#7342=CARTESIAN_POINT('',(-670.200938435,26.1171298248,1022.41234046));
#7343=CARTESIAN_POINT('',(-674.000938435,24.669285061,1030.47004643));
#7344=CARTESIAN_POINT('',(-673.404035831,24.669285061,1030.47004643));
#7345=CARTESIAN_POINT('',(-672.80712377,24.7809618966,1030.43456501));
#7346=CARTESIAN_POINT('',(-672.240935841,25.0044834326,1030.36354882));
#7347=CARTESIAN_POINT('',(-671.23107725,25.651084886,1030.15811373));
#7348=CARTESIAN_POINT('',(-670.552640324,26.6135561302,1029.85232201));
#7349=CARTESIAN_POINT('',(-670.318113688,27.1531758409,1029.68087663));
#7350=CARTESIAN_POINT('',(-670.200938435,27.7220779619,1029.5001278));
#7351=CARTESIAN_POINT('',(-670.200938435,28.2909710698,1029.31938182));
#7352=CARTESIAN_POINT('',(-674.000938435,28.0097609625,1040.83761027));
#7353=CARTESIAN_POINT('',(-673.404035831,28.0097609625,1040.83761027));
#7354=CARTESIAN_POINT('',(-672.80712377,28.12114519,1040.80122072));
#7355=CARTESIAN_POINT('',(-672.240935841,28.34408107,1040.72838692));
#7356=CARTESIAN_POINT('',(-671.23107725,28.9889883421,1040.51769384));
#7357=CARTESIAN_POINT('',(-670.552640324,29.9489377843,1040.20407556));
#7358=CARTESIAN_POINT('',(-670.318113688,30.4871436201,1040.02824215));
#7359=CARTESIAN_POINT('',(-670.200938435,31.0545551422,1039.84286715));
#7360=CARTESIAN_POINT('',(-670.200938435,31.621957675,1039.65749509));
#7361=CARTESIAN_POINT('',(-674.000938435,31.4554192721,1051.17045446));
#7362=CARTESIAN_POINT('',(-673.404035831,31.4554192721,1051.17045446));
#7363=CARTESIAN_POINT('',(-672.80712377,31.5665020692,1051.13316098));
#7364=CARTESIAN_POINT('',(-672.240935841,31.7888346355,1051.05851797));
#7365=CARTESIAN_POINT('',(-671.23107725,32.431996646,1050.84259122));
#7366=CARTESIAN_POINT('',(-670.552640324,33.389348253,1050.52118258));
#7367=CARTESIAN_POINT('',(-670.318113688,33.9260975848,1050.34098143));
#7368=CARTESIAN_POINT('',(-670.200938435,34.4919735661,1050.15100167));
#7369=CARTESIAN_POINT('',(-670.200938435,35.0578405822,1049.96102492));
#7370=CARTESIAN_POINT('',(-674.000938435,32.6156348189,1054.61082745));
#7371=CARTESIAN_POINT('',(-673.404035831,32.6156348189,1054.61082745));
#7372=CARTESIAN_POINT('',(-672.80712377,32.7266161629,1054.57323314));
#7373=CARTESIAN_POINT('',(-672.240935841,32.9487456703,1054.497988));
#7374=CARTESIAN_POINT('',(-671.23107725,33.5913202735,1054.28031943));
#7375=CARTESIAN_POINT('',(-670.552640324,34.5477975202,1053.95631808));
#7376=CARTESIAN_POINT('',(-670.318113688,35.0840566327,1053.77466329));
#7377=CARTESIAN_POINT('',(-670.200938435,35.6494157929,1053.58315102));
#7378=CARTESIAN_POINT('',(-670.200938435,36.2147659962,1053.39164179));
#7379=CARTESIAN_POINT('',(-674.000938435,34.6860294836,1060.68217709));
#7380=CARTESIAN_POINT('',(-673.404035831,34.6860294836,1060.68217709));
#7381=CARTESIAN_POINT('',(-672.80712377,34.796829865,1060.64405211));
#7382=CARTESIAN_POINT('',(-672.240935841,35.0185971752,1060.56774485));
#7383=CARTESIAN_POINT('',(-671.23107725,35.6601240171,1060.34700378));
#7384=CARTESIAN_POINT('',(-670.552640324,36.615041663,1060.01842899));
#7385=CARTESIAN_POINT('',(-670.318113688,37.1504263688,1059.83421004));
#7386=CARTESIAN_POINT('',(-670.200938435,37.7148636726,1059.63999448));
#7387=CARTESIAN_POINT('',(-670.200938435,38.2792920341,1059.44578199));
#7388=CARTESIAN_POINT('',(-674.000938435,36.7926742134,1066.74101319));
#7389=CARTESIAN_POINT('',(-673.404035831,36.7926742134,1066.74101319));
#7390=CARTESIAN_POINT('',(-672.80712377,36.9032906087,1066.70235906));
#7391=CARTESIAN_POINT('',(-672.240935841,37.1246896705,1066.6249927));
#7392=CARTESIAN_POINT('',(-671.23107725,37.7651512457,1066.40118786));
#7393=CARTESIAN_POINT('',(-670.552640324,38.7184832341,1066.06805264));
#7394=CARTESIAN_POINT('',(-670.318113688,39.2529789241,1065.88127684));
#7395=CARTESIAN_POINT('',(-670.200938435,39.8164789699,1065.68436567));
#7396=CARTESIAN_POINT('',(-670.200938435,40.3799700882,1065.48745763));
#7397=CARTESIAN_POINT('',(-674.000938435,37.713763976,1069.36813827));
#7398=CARTESIAN_POINT('',(-673.404035831,37.713763976,1069.36813827));
#7399=CARTESIAN_POINT('',(-672.80712377,37.8242999547,1069.32925478));
#7400=CARTESIAN_POINT('',(-672.240935841,38.0455380622,1069.25142935));
#7401=CARTESIAN_POINT('',(-671.23107725,38.6855340302,1069.02629652));
#7402=CARTESIAN_POINT('',(-670.552640324,39.6381729586,1068.69118456));
#7403=CARTESIAN_POINT('',(-670.318113688,40.1722800773,1068.50330049));
#7404=CARTESIAN_POINT('',(-670.200938435,40.7353704658,1068.3052209));
#7405=CARTESIAN_POINT('',(-670.200938435,41.2984519334,1068.10714446));
#7406=CARTESIAN_POINT('',(-674.000938435,38.9239002204,1072.79123383));
#7407=CARTESIAN_POINT('',(-673.404035831,38.9239002204,1072.79123383));
#7408=CARTESIAN_POINT('',(-672.80712377,39.0343305837,1072.75205158));
#7409=CARTESIAN_POINT('',(-672.240935841,39.2553573017,1072.6736282));
#7410=CARTESIAN_POINT('',(-671.23107725,39.894741764,1072.44676561));
#7411=CARTESIAN_POINT('',(-670.552640324,40.8464704613,1072.10907891));
#7412=CARTESIAN_POINT('',(-670.318113688,41.3800672491,1071.91975127));
#7413=CARTESIAN_POINT('',(-670.200938435,41.9426196139,1071.72014979));
#7414=CARTESIAN_POINT('',(-670.200938435,42.5051630663,1071.52055148));
#7415=CARTESIAN_POINT('',(-674.000938435,40.1455912202,1076.21020584));
#7416=CARTESIAN_POINT('',(-673.404035831,40.1455912202,1076.21020584));
#7417=CARTESIAN_POINT('',(-672.80712377,40.2559150088,1076.17072534));
#7418=CARTESIAN_POINT('',(-672.240935841,40.4767284172,1076.091705));
#7419=CARTESIAN_POINT('',(-671.23107725,41.1154958188,1075.86311554));
#7420=CARTESIAN_POINT('',(-670.552640324,42.0663060166,1075.52285836));
#7421=CARTESIAN_POINT('',(-670.318113688,42.599387838,1075.33208956));
#7422=CARTESIAN_POINT('',(-670.200938435,43.1613972916,1075.13096871));
#7423=CARTESIAN_POINT('',(-670.200938435,43.7233978415,1074.92985105));
#7424=CARTESIAN_POINT('',(-674.000938435,40.4327740153,1077.01190491));
#7425=CARTESIAN_POINT('',(-673.404035831,40.4327740153,1077.01190491));
#7426=CARTESIAN_POINT('',(-672.80712377,40.5430738472,1076.97235752));
#7427=CARTESIAN_POINT('',(-672.240935841,40.7638393061,1076.89320329));
#7428=CARTESIAN_POINT('',(-671.23107725,41.4024679999,1076.66422652));
#7429=CARTESIAN_POINT('',(-670.552640324,42.3530717301,1076.32339284));
#7430=CARTESIAN_POINT('',(-670.318113688,42.8860377932,1076.13230082));
#7431=CARTESIAN_POINT('',(-670.200938435,43.447925207,1075.93083921));
#7432=CARTESIAN_POINT('',(-670.200938435,44.009803719,1075.72938079));
#7433=CARTESIAN_POINT('',(-674.000938435,40.7190049548,1077.80896284));
#7434=CARTESIAN_POINT('',(-673.404035831,40.7190049548,1077.80896284));
#7435=CARTESIAN_POINT('',(-672.80712377,40.8292787294,1077.7693429));
#7436=CARTESIAN_POINT('',(-672.240935841,41.0499920347,1077.69004345));
#7437=CARTESIAN_POINT('',(-671.23107725,41.688469859,1077.4606466));
#7438=CARTESIAN_POINT('',(-670.552640324,42.6388490186,1077.11918763));
#7439=CARTESIAN_POINT('',(-670.318113688,43.1716891739,1076.92774504));
#7440=CARTESIAN_POINT('',(-670.200938435,43.7334438475,1076.72591383));
#7441=CARTESIAN_POINT('',(-670.200938435,44.2951896214,1076.52408582));
#7442=CARTESIAN_POINT('',(-674.000938435,41.0058279034,1078.60569583));
#7443=CARTESIAN_POINT('',(-673.404035831,41.0058279034,1078.60569583));
#7444=CARTESIAN_POINT('',(-672.80712377,41.116076665,1078.5660064));
#7445=CARTESIAN_POINT('',(-672.240935841,41.3367399066,1078.48656789));
#7446=CARTESIAN_POINT('',(-671.23107725,41.975072907,1078.25676876));
#7447=CARTESIAN_POINT('',(-670.552640324,42.9252364953,1077.91471097));
#7448=CARTESIAN_POINT('',(-670.318113688,43.4579557882,1077.72293265));
#7449=CARTESIAN_POINT('',(-670.200938435,44.0195830408,1077.52074749));
#7450=CARTESIAN_POINT('',(-670.200938435,44.5812013957,1077.31856554));
#7451=CARTESIAN_POINT('',(-674.000938435,-3.55209339313,916.295716196));
#7452=CARTESIAN_POINT('',(-673.404035831,-3.55209339313,916.295716196));
#7453=CARTESIAN_POINT('',(-672.80712377,-3.43492290105,916.294659907));
#7454=CARTESIAN_POINT('',(-672.240935841,-3.20040579428,916.29254574));
#7455=CARTESIAN_POINT('',(-671.23107725,-2.52199643482,916.286429893));
#7456=CARTESIAN_POINT('',(-670.552640324,-1.51217887735,916.277326409));
#7457=CARTESIAN_POINT('',(-670.318113688,-0.946013953944,916.272222444));
#7458=CARTESIAN_POINT('',(-670.200938435,-0.349126146992,916.266841513));
#7459=CARTESIAN_POINT('',(-670.200938435,0.247752203578,916.261460667));
#7460=CARTESIAN_POINT('',(-674.000938435,-3.55155460031,916.355486308));
#7461=CARTESIAN_POINT('',(-673.404035831,-3.55155460031,916.355486308));
#7462=CARTESIAN_POINT('',(-672.80712377,-3.43438410993,916.354429831));
#7463=CARTESIAN_POINT('',(-672.240935841,-3.19986700655,916.352315288));
#7464=CARTESIAN_POINT('',(-671.23107725,-2.52145765692,916.346198353));
#7465=CARTESIAN_POINT('',(-670.552640324,-1.51164011408,916.337093249));
#7466=CARTESIAN_POINT('',(-670.318113688,-0.945475198872,916.331988376));
#7467=CARTESIAN_POINT('',(-670.200938435,-0.348587400565,916.326606488));
#7468=CARTESIAN_POINT('',(-670.200938435,0.248290941359,916.321224684));
#7469=CARTESIAN_POINT('',(-674.000938435,-3.55109274708,916.406700399));
#7470=CARTESIAN_POINT('',(-673.404035831,-3.55109274708,916.406700399));
#7471=CARTESIAN_POINT('',(-672.80712377,-3.43392226729,916.405642745));
#7472=CARTESIAN_POINT('',(-672.240935841,-3.19940518512,916.403525848));
#7473=CARTESIAN_POINT('',(-671.23107725,-2.52099589683,916.397402104));
#7474=CARTESIAN_POINT('',(-670.552640324,-1.5111784453,916.388286864));
#7475=CARTESIAN_POINT('',(-670.318113688,-0.945013581293,916.383176308));
#7476=CARTESIAN_POINT('',(-670.200938435,-0.348125836961,916.377788428));
#7477=CARTESIAN_POINT('',(-670.200938435,0.24875245099,916.372400634));
#7478=CARTESIAN_POINT('',(-674.000938435,-3.55053987172,916.467912224));
#7479=CARTESIAN_POINT('',(-673.404035831,-3.55053987172,916.467912224));
#7480=CARTESIAN_POINT('',(-672.80712377,-3.43336941485,916.466852026));
#7481=CARTESIAN_POINT('',(-672.240935841,-3.19885237853,916.464730037));
#7482=CARTESIAN_POINT('',(-671.23107725,-2.5204432229,916.458591561));
#7483=CARTESIAN_POINT('',(-670.552640324,-1.51062596882,916.449454392));
#7484=CARTESIAN_POINT('',(-670.318113688,-0.944461215515,916.444331542));
#7485=CARTESIAN_POINT('',(-670.200938435,-0.347573587894,916.4389307));
#7486=CARTESIAN_POINT('',(-670.200938435,0.249304583347,916.433529944));
#7487=CARTESIAN_POINT('',(-674.000938435,-3.54951885138,916.580486064));
#7488=CARTESIAN_POINT('',(-673.404035831,-3.54951885138,916.580486064));
#7489=CARTESIAN_POINT('',(-672.80712377,-3.4323484595,916.579418674));
#7490=CARTESIAN_POINT('',(-672.240935841,-3.19783155326,916.577282288));
#7491=CARTESIAN_POINT('',(-671.23107725,-2.51942277392,916.571102168));
#7492=CARTESIAN_POINT('',(-670.552640324,-1.50960607996,916.561903012));
#7493=CARTESIAN_POINT('',(-670.318113688,-0.94344164069,916.556745408));
#7494=CARTESIAN_POINT('',(-670.200938435,-0.346554344144,916.551307927));
#7495=CARTESIAN_POINT('',(-670.200938435,0.250323496027,916.545870531));
#7496=CARTESIAN_POINT('',(-674.000938435,-3.54845577083,916.696440941));
#7497=CARTESIAN_POINT('',(-673.404035831,-3.54845577083,916.696440941));
#7498=CARTESIAN_POINT('',(-672.80712377,-3.43128548731,916.695361694));
#7499=CARTESIAN_POINT('',(-672.240935841,-3.19676879795,916.693201578));
#7500=CARTESIAN_POINT('',(-671.23107725,-2.518360646,916.686952812));
#7501=CARTESIAN_POINT('',(-670.552640324,-1.5085448859,916.677651474));
#7502=CARTESIAN_POINT('',(-670.318113688,-0.942380970213,916.672436581));
#7503=CARTESIAN_POINT('',(-670.200938435,-0.345494225662,916.666938702));
#7504=CARTESIAN_POINT('',(-670.200938435,0.251383062524,916.66144091));
#7505=CARTESIAN_POINT('',(-674.000938435,-3.54793459979,916.752839319));
#7506=CARTESIAN_POINT('',(-673.404035831,-3.54793459979,916.752839319));
#7507=CARTESIAN_POINT('',(-672.80712377,-3.43076438101,916.751753034));
#7508=CARTESIAN_POINT('',(-672.240935841,-3.19624782123,916.749578833));
#7509=CARTESIAN_POINT('',(-671.23107725,-2.51784004413,916.743289319));
#7510=CARTESIAN_POINT('',(-670.552640324,-1.50802484201,916.73392733));
#7511=CARTESIAN_POINT('',(-670.318113688,-0.941861239157,916.728678431));
#7512=CARTESIAN_POINT('',(-670.200938435,-0.344974824416,916.723144702));
#7513=CARTESIAN_POINT('',(-670.200938435,0.251902133964,916.71761106));
#7514=CARTESIAN_POINT('',(-674.000938435,-3.54633392986,916.924569095));
#7515=CARTESIAN_POINT('',(-673.404035831,-3.54633392986,916.924569095));
#7516=CARTESIAN_POINT('',(-672.80712377,-3.42916393923,916.923458237));
#7517=CARTESIAN_POINT('',(-672.240935841,-3.19464783609,916.92123485));
#7518=CARTESIAN_POINT('',(-671.23107725,-2.51624137995,916.914803055));
#7519=CARTESIAN_POINT('',(-670.552640324,-1.50642814408,916.905229278));
#7520=CARTESIAN_POINT('',(-670.318113688,-0.940265643625,916.899861638));
#7521=CARTESIAN_POINT('',(-670.200938435,-0.343380391106,916.894202724));
#7522=CARTESIAN_POINT('',(-670.200938435,0.253495405072,916.8885439));
#7523=CARTESIAN_POINT('',(-674.000938435,-3.54467889063,917.096628579));
#7524=CARTESIAN_POINT('',(-673.404035831,-3.54467889063,917.096628579));
#7525=CARTESIAN_POINT('',(-672.80712377,-3.42750923208,917.095482971));
#7526=CARTESIAN_POINT('',(-672.240935841,-3.1929937936,917.093190031));
#7527=CARTESIAN_POINT('',(-671.23107725,-2.51458926019,917.086557033));
#7528=CARTESIAN_POINT('',(-670.552640324,-1.50477888632,917.076683765));
#7529=CARTESIAN_POINT('',(-670.318113688,-0.938617990472,917.071148212));
#7530=CARTESIAN_POINT('',(-670.200938435,-0.341734429634,917.065312273));
#7531=CARTESIAN_POINT('',(-670.200938435,0.255139674888,917.059476426));
#7532=CARTESIAN_POINT('',(-674.000938435,-3.5435439331,917.211479827));
#7533=CARTESIAN_POINT('',(-673.404035831,-3.5435439331,917.211479827));
#7534=CARTESIAN_POINT('',(-672.80712377,-3.42637454528,917.210306578));
#7535=CARTESIAN_POINT('',(-672.240935841,-3.19185964867,917.207958317));
#7536=CARTESIAN_POINT('',(-671.23107725,-2.51345668275,917.201165286));
#7537=CARTESIAN_POINT('',(-670.552640324,-1.50364864211,917.191053807));
#7538=CARTESIAN_POINT('',(-670.318113688,-0.937489054409,917.185384699));
#7539=CARTESIAN_POINT('',(-670.200938435,-0.340606872708,917.179407957));
#7540=CARTESIAN_POINT('',(-670.200938435,0.256265852701,917.17343131));
#7541=CARTESIAN_POINT('',(-674.000938435,-3.540022166,917.556463113));
#7542=CARTESIAN_POINT('',(-673.404035831,-3.540022166,917.556463113));
#7543=CARTESIAN_POINT('',(-672.80712377,-3.42285375287,917.555193681));
#7544=CARTESIAN_POINT('',(-672.240935841,-3.18834080708,917.552652909));
#7545=CARTESIAN_POINT('',(-671.23107725,-2.50994348451,917.545302981));
#7546=CARTESIAN_POINT('',(-670.552640324,-1.50014384403,917.534362557));
#7547=CARTESIAN_POINT('',(-670.318113688,-0.933988965972,917.528228692));
#7548=CARTESIAN_POINT('',(-670.200938435,-0.337111749478,917.521761974));
#7549=CARTESIAN_POINT('',(-670.200938435,0.259756010802,917.515295358));
#7550=CARTESIAN_POINT('',(-674.000938435,-3.53608416648,917.902718311));
#7551=CARTESIAN_POINT('',(-673.404035831,-3.53608416649,917.902718311));
#7552=CARTESIAN_POINT('',(-672.80712377,-3.41891727197,917.901313384));
#7553=CARTESIAN_POINT('',(-672.240935841,-3.1844073657,917.89850142));
#7554=CARTESIAN_POINT('',(-671.23107725,-2.50601883582,917.890366989));
#7555=CARTESIAN_POINT('',(-670.552640324,-1.49623228334,917.878258826));
#7556=CARTESIAN_POINT('',(-670.318113688,-0.9300847432,917.871470257));
#7557=CARTESIAN_POINT('',(-670.200938435,-0.333215262818,917.864313306));
#7558=CARTESIAN_POINT('',(-670.200938435,0.263644761471,917.857156468));
#7559=CARTESIAN_POINT('',(-674.000938435,-3.53321557562,918.134105538));
#7560=CARTESIAN_POINT('',(-673.404035831,-3.53321557563,918.134105538));
#7561=CARTESIAN_POINT('',(-672.80712377,-3.41604998544,918.132593238));
#7562=CARTESIAN_POINT('',(-672.240935841,-3.18154268979,918.129566365));
#7563=CARTESIAN_POINT('',(-671.23107725,-2.50316171189,918.12081025));
#7564=CARTESIAN_POINT('',(-670.552640324,-1.49338640057,918.107776704));
#7565=CARTESIAN_POINT('',(-670.318113688,-0.927245162907,918.100469308));
#7566=CARTESIAN_POINT('',(-670.200938435,-0.330382327008,918.092765378));
#7567=CARTESIAN_POINT('',(-670.200938435,0.266471052904,918.085061569));
#7568=CARTESIAN_POINT('',(-674.000938435,-3.52370924511,918.829868376));
#7569=CARTESIAN_POINT('',(-673.404035831,-3.52370924512,918.829868376));
#7570=CARTESIAN_POINT('',(-672.80712377,-3.4065486635,918.827984193));
#7571=CARTESIAN_POINT('',(-672.240935841,-3.17205139254,918.824212993));
#7572=CARTESIAN_POINT('',(-671.23107725,-2.49369941395,918.813303694));
#7573=CARTESIAN_POINT('',(-670.552640324,-1.48396726833,918.79706512));
#7574=CARTESIAN_POINT('',(-670.318113688,-0.91785023198,918.78796079));
#7575=CARTESIAN_POINT('',(-670.200938435,-0.321012910672,918.778362416));
#7576=CARTESIAN_POINT('',(-670.200938435,0.275814955054,918.768764193));
#7577=CARTESIAN_POINT('',(-674.000938435,-3.51100567587,919.53027183));
#7578=CARTESIAN_POINT('',(-673.404035831,-3.51100567588,919.53027183));
#7579=CARTESIAN_POINT('',(-672.80712377,-3.3938541896,919.527870848));
#7580=CARTESIAN_POINT('',(-672.240935841,-3.15937512296,919.523065275));
#7581=CARTESIAN_POINT('',(-671.23107725,-2.48107580573,919.50916375));
#7582=CARTESIAN_POINT('',(-670.552640324,-1.47142204697,919.488471223));
#7583=CARTESIAN_POINT('',(-670.318113688,-0.905348959039,919.476869739));
#7584=CARTESIAN_POINT('',(-670.200938435,-0.308557971009,919.464638701));
#7585=CARTESIAN_POINT('',(-670.200938435,0.288223562174,919.452407856));
#7586=CARTESIAN_POINT('',(-674.000938435,-3.50067513261,919.999125204));
#7587=CARTESIAN_POINT('',(-673.404035831,-3.50067513262,919.999125204));
#7588=CARTESIAN_POINT('',(-672.80712377,-3.38353223731,919.996319174));
#7589=CARTESIAN_POINT('',(-672.240935841,-3.14907036556,919.990702896));
#7590=CARTESIAN_POINT('',(-671.23107725,-2.47082078957,919.974456168));
#7591=CARTESIAN_POINT('',(-670.552640324,-1.46124107103,919.95027279));
#7592=CARTESIAN_POINT('',(-670.318113688,-0.895209494532,919.936714122));
#7593=CARTESIAN_POINT('',(-670.200938435,-0.298462270551,919.922419694));
#7594=CARTESIAN_POINT('',(-670.200938435,0.298275499276,919.908125493));
#7595=CARTESIAN_POINT('',(-674.000938435,-3.45621338082,921.659395894));
#7596=CARTESIAN_POINT('',(-673.404035831,-3.45621338081,921.659395894));
#7597=CARTESIAN_POINT('',(-672.80712377,-3.3391131004,921.654962801));
#7598=CARTESIAN_POINT('',(-672.240935841,-3.1047365225,921.646089952));
#7599=CARTESIAN_POINT('',(-671.23107725,-2.42673368395,921.620422641));
#7600=CARTESIAN_POINT('',(-670.552640324,-1.41752123599,921.58221665));
#7601=CARTESIAN_POINT('',(-670.318113688,-0.851695573644,921.560796056));
#7602=CARTESIAN_POINT('',(-670.200938435,-0.255165437726,921.538213076));
#7603=CARTESIAN_POINT('',(-670.200938435,0.341355247477,921.515630453));
#7604=CARTESIAN_POINT('',(-674.000938435,-3.37894184344,923.339289287));
#7605=CARTESIAN_POINT('',(-673.404035831,-3.37894184346,923.339289287));
#7606=CARTESIAN_POINT('',(-672.80712377,-3.26193966976,923.332591429));
#7607=CARTESIAN_POINT('',(-672.240935841,-3.02775945271,923.319185644));
#7608=CARTESIAN_POINT('',(-671.23107725,-2.35032464537,923.28040549));
#7609=CARTESIAN_POINT('',(-670.552640324,-1.34195771621,923.222680931));
#7610=CARTESIAN_POINT('',(-670.318113688,-0.776606102946,923.190317045));
#7611=CARTESIAN_POINT('',(-670.200938435,-0.18057574033,923.156196936));
#7612=CARTESIAN_POINT('',(-670.200938435,0.415445179488,923.122077368));
#7613=CARTESIAN_POINT('',(-674.000938435,-3.30067141218,924.552003197));
#7614=CARTESIAN_POINT('',(-673.404035831,-3.30067141218,924.552003197));
#7615=CARTESIAN_POINT('',(-672.80712377,-3.18378435239,924.543429039));
#7616=CARTESIAN_POINT('',(-672.240935841,-2.94983453624,924.526267835));
#7617=CARTESIAN_POINT('',(-671.23107725,-2.27306623091,924.476624031));
#7618=CARTESIAN_POINT('',(-670.552640324,-1.26569139517,924.402728845));
#7619=CARTESIAN_POINT('',(-670.318113688,-0.700896009599,924.361298726));
#7620=CARTESIAN_POINT('',(-670.200938435,-0.105452058323,924.317620406));
#7621=CARTESIAN_POINT('',(-670.200938435,0.489982459446,924.273942777));
#7622=CARTESIAN_POINT('',(-674.000938435,-2.97225976025,928.359904764));
#7623=CARTESIAN_POINT('',(-673.404035831,-2.97225976025,928.359904764));
#7624=CARTESIAN_POINT('',(-672.80712377,-2.8559153028,928.345009946));
#7625=CARTESIAN_POINT('',(-672.240935841,-2.62305150691,928.315197922));
#7626=CARTESIAN_POINT('',(-671.23107725,-1.949424833,928.228957918));
#7627=CARTESIAN_POINT('',(-670.552640324,-0.946726339821,928.100589008));
#7628=CARTESIAN_POINT('',(-670.318113688,-0.384552795307,928.028617617));
#7629=CARTESIAN_POINT('',(-670.200938435,0.208127040969,927.952740706));
#7630=CARTESIAN_POINT('',(-670.200938435,0.80079748753,927.876864997));
#7631=CARTESIAN_POINT('',(-674.000938435,-2.37885747498,932.156809543));
#7632=CARTESIAN_POINT('',(-673.404035831,-2.37885747498,932.156809543));
#7633=CARTESIAN_POINT('',(-672.80712377,-2.26354764617,932.135204461));
#7634=CARTESIAN_POINT('',(-672.240935841,-2.03275466277,932.091961822));
#7635=CARTESIAN_POINT('',(-671.23107725,-1.36511841998,931.966869835));
#7636=CARTESIAN_POINT('',(-670.552640324,-0.371336729657,931.780669447));
#7637=CARTESIAN_POINT('',(-670.318113688,0.185837514761,931.676274225));
#7638=CARTESIAN_POINT('',(-670.200938435,0.773246764418,931.566214007));
#7639=CARTESIAN_POINT('',(-670.200938435,1.36064670786,931.456155532));
#7640=CARTESIAN_POINT('',(-674.000938435,-1.8475571396,934.689698932));
#7641=CARTESIAN_POINT('',(-673.404035831,-1.84755713958,934.689698932));
#7642=CARTESIAN_POINT('',(-672.80712377,-1.73311011713,934.664460533));
#7643=CARTESIAN_POINT('',(-672.240935841,-1.50404404336,934.613945799));
#7644=CARTESIAN_POINT('',(-671.23107725,-0.841403392056,934.467817148));
#7645=CARTESIAN_POINT('',(-670.552640324,0.14494232183,934.250303526));
#7646=CARTESIAN_POINT('',(-670.318113688,0.697947507195,934.128352207));
#7647=CARTESIAN_POINT('',(-670.200938435,1.28096146422,933.999783212));
#7648=CARTESIAN_POINT('',(-670.200938435,1.86396618467,933.871216254));
#7649=CARTESIAN_POINT('',(-674.000938435,-1.25921246679,937.153398533));
#7650=CARTESIAN_POINT('',(-673.404035831,-1.25921246679,937.153398533));
#7651=CARTESIAN_POINT('',(-672.80712377,-1.14525400188,937.1261303));
#7652=CARTESIAN_POINT('',(-672.240935841,-0.917165777546,937.071552846));
#7653=CARTESIAN_POINT('',(-671.23107725,-0.257353841876,936.91367159));
#7654=CARTESIAN_POINT('',(-670.552640324,0.724781307026,936.678664125));
#7655=CARTESIAN_POINT('',(-670.318113688,1.27542579448,936.546904697));
#7656=CARTESIAN_POINT('',(-670.200938435,1.85595095056,936.407995357));
#7657=CARTESIAN_POINT('',(-670.200938435,2.43646690948,936.269088217));
#7658=CARTESIAN_POINT('',(-674.000938435,-0.679479427283,939.556279213));
#7659=CARTESIAN_POINT('',(-673.404035831,-0.679479427283,939.556279213));
#7660=CARTESIAN_POINT('',(-672.80712377,-0.565572501097,939.528797362));
#7661=CARTESIAN_POINT('',(-672.240935841,-0.33758743167,939.473792351));
#7662=CARTESIAN_POINT('',(-671.23107725,0.321926098246,939.314674262));
#7663=CARTESIAN_POINT('',(-670.552640324,1.30361706788,939.07782576));
#7664=CARTESIAN_POINT('',(-670.318113688,1.85401252152,938.945034135));
#7665=CARTESIAN_POINT('',(-670.200938435,2.43427512999,938.805036586));
#7666=CARTESIAN_POINT('',(-670.200938435,3.01452854546,938.665041255));
#7667=CARTESIAN_POINT('',(-1226.00093843,41.0058279034,1078.60569583));
#7668=CARTESIAN_POINT('',(-674.000938435,41.0058279034,1078.60569583));
#7669=CARTESIAN_POINT('',(-1226.00093843,41.0058279034,1078.60569583));
#7670=CARTESIAN_POINT('',(-673.973441728,41.0058279034,1078.60569583));
#7671=CARTESIAN_POINT('',(-1226.00641018,31.1400407248,1051.20064278));
#7672=CARTESIAN_POINT('',(-673.978913468,31.1400407248,1051.20064278));
#7673=CARTESIAN_POINT('',(-1226.01189749,22.0288501133,1023.56160401));
#7674=CARTESIAN_POINT('',(-673.984401417,22.0288501133,1023.56160401));
#7675=CARTESIAN_POINT('',(-1226.01739821,13.6835210564,995.719690163));
#7676=CARTESIAN_POINT('',(-673.989902141,13.6835210564,995.719690585));
#7677=CARTESIAN_POINT('',(-1226.0229118,6.1123577788,967.707064552));
#7678=CARTESIAN_POINT('',(-673.995415095,6.1123577788,967.707064552));
#7679=CARTESIAN_POINT('',(-1226.02843514,-0.679458726921,939.556306268));
#7680=CARTESIAN_POINT('',(-674.000938434,-0.67945872692,939.556306268));
#7681=CARTESIAN_POINT('',(-674.000938435,59.7790527744,1091.8));
#7682=CARTESIAN_POINT('',(-858.000938433333,59.7790527743667,1091.8));
#7683=CARTESIAN_POINT('',(-1042.00093843167,59.7790527743333,1091.8));
#7684=CARTESIAN_POINT('',(-1226.00093843,59.7790527743,1091.8));
#7685=CARTESIAN_POINT('',(-674.000843637,59.7790527744,1091.80003052));
#7686=CARTESIAN_POINT('',(-674.000843637,58.3558217575,1091.80003052));
#7687=CARTESIAN_POINT('',(-674.000842564,56.9588691192,1091.80001037));
#7688=CARTESIAN_POINT('',(-674.000341336,55.5984265476,1091.74871937));
#7689=CARTESIAN_POINT('',(-673.998097977,52.9859672988,1091.48576934));
#7690=CARTESIAN_POINT('',(-673.993644687,50.6361346393,1090.84138097));
#7691=CARTESIAN_POINT('',(-673.990933528,49.5392393967,1090.40899104));
#7692=CARTESIAN_POINT('',(-673.985054652,47.5075476904,1089.3188726));
#7693=CARTESIAN_POINT('',(-673.979278592,45.7938248483,1087.77320671));
#7694=CARTESIAN_POINT('',(-673.976670248,45.0146877162,1086.88557277));
#7695=CARTESIAN_POINT('',(-673.972516395,43.6097367104,1084.88937381));
#7696=CARTESIAN_POINT('',(-673.970724053,42.4733468444,1082.51921704));
#7697=CARTESIAN_POINT('',(-673.970477221,41.9622060942,1081.25686982));
#7698=CARTESIAN_POINT('',(-673.970745917,41.4874189526,1079.94358984));
#7699=CARTESIAN_POINT('',(-673.971013044,41.0057743377,1078.6056838));
#7700=CARTESIAN_POINT('',(-1226.03108347,59.7790527743,1091.80003052));
#7701=CARTESIAN_POINT('',(-1226.03108347,58.3558217574,1091.80003052));
#7702=CARTESIAN_POINT('',(-1226.0310792,56.9588691191,1091.80001037));
#7703=CARTESIAN_POINT('',(-1226.03057596,55.5984265476,1091.74871937));
#7704=CARTESIAN_POINT('',(-1226.02833365,52.9859672987,1091.48576934));
#7705=CARTESIAN_POINT('',(-1226.02389114,50.6361346392,1090.84138097));
#7706=CARTESIAN_POINT('',(-1226.0211877,49.5392393967,1090.40899104));
#7707=CARTESIAN_POINT('',(-1226.01532585,47.5075476906,1089.3188726));
#7708=CARTESIAN_POINT('',(-1226.00956442,45.7938248487,1087.77320672));
#7709=CARTESIAN_POINT('',(-1226.00696139,45.0146877168,1086.88557277));
#7710=CARTESIAN_POINT('',(-1226.0028117,43.6097367113,1084.88937382));
#7711=CARTESIAN_POINT('',(-1226.00101258,42.4733468454,1082.51921704));
#7712=CARTESIAN_POINT('',(-1226.00076013,41.962206095,1081.25686982));
#7713=CARTESIAN_POINT('',(-1226.00102322,41.4874189532,1079.94358984));
#7714=CARTESIAN_POINT('',(-1226.00129035,41.0057743377,1078.6056838));
#7715=CARTESIAN_POINT('',(-1226.00093843,59.7790119028,1091.8));
#7716=CARTESIAN_POINT('',(-674.000938435,65.8350612647,1093.));
#7717=CARTESIAN_POINT('',(-674.000938435,65.6680490198,1093.));
#7718=CARTESIAN_POINT('',(-674.000938435,65.5010367749,1093.));
#7719=CARTESIAN_POINT('',(-674.000938435,65.3340245299,1093.));
#7720=CARTESIAN_POINT('',(-674.000938435,64.1228228318,1093.));
#7721=CARTESIAN_POINT('',(-674.000938435,62.9116211338,1093.));
#7722=CARTESIAN_POINT('',(-674.000938435,61.8674316806,1093.));
#7723=CARTESIAN_POINT('',(-674.000938435,60.8232422275,1093.));
#7724=CARTESIAN_POINT('',(-674.000938435,59.7790527744,1093.));
#7725=CARTESIAN_POINT('',(-674.000938435,59.7790527744,1093.00003052));
#7726=CARTESIAN_POINT('',(-674.000938434997,59.7790119028,1093.00003052));
#7727=CARTESIAN_POINT('',(-784.400938434973,59.7790119028033,1093.00003052));
#7728=CARTESIAN_POINT('',(-894.800938434133,59.779011902893,1093.00003052));
#7729=CARTESIAN_POINT('',(-1005.20093843776,59.7790119027068,1093.00003052));
#7730=CARTESIAN_POINT('',(-1115.60093842935,59.7790119027965,1093.00003052));
#7731=CARTESIAN_POINT('',(-1226.00093843,59.7790119027998,1093.00003052));
#7732=CARTESIAN_POINT('',(-1231.00209603,59.7790119028,1093.));
#7733=CARTESIAN_POINT('',(-669.000938435,59.7790119027538,1088.));
#7734=CARTESIAN_POINT('',(-669.000938435,59.779011902778,1089.30900202));
#7735=CARTESIAN_POINT('',(-669.539792354232,59.779011902802,1090.60994659841));
#7736=CARTESIAN_POINT('',(-671.390995123402,59.7790119028362,1092.46116066566));
#7737=CARTESIAN_POINT('',(-672.69193641,59.7790119028462,1093.00003052));
#7738=CARTESIAN_POINT('',(-674.000938435,59.7790119028462,1093.00003052));
#7739=CARTESIAN_POINT('',(-674.000938435,29.3630080101,1088.));
#7740=CARTESIAN_POINT('',(-674.000938434647,59.7790527744,1093.00003052));
#7741=CARTESIAN_POINT('',(-674.000938434647,59.7123040229,1093.00003052));
#7742=CARTESIAN_POINT('',(-674.000938434647,59.6455552748,1093.00003052));
#7743=CARTESIAN_POINT('',(-674.000938434647,59.5331218602,1093.00001697));
#7744=CARTESIAN_POINT('',(-674.000938434647,59.3889129138,1092.99996766));
#7745=CARTESIAN_POINT('',(-674.000938434647,59.2436062583,1092.99983374));
#7746=CARTESIAN_POINT('',(-674.000938434647,59.1660963416,1092.99973051));
#7747=CARTESIAN_POINT('',(-674.000938434647,58.9715438606,1092.99937108));
#7748=CARTESIAN_POINT('',(-674.000938434647,58.7750247224,1092.99870364));
#7749=CARTESIAN_POINT('',(-674.000938434647,58.6563987417,1092.9981627));
#7750=CARTESIAN_POINT('',(-674.000938434647,58.4176996447,1092.99673811));
#7751=CARTESIAN_POINT('',(-674.000938433647,58.1760779678,1092.99449828));
#7752=CARTESIAN_POINT('',(-674.000938433647,58.0545294072,1092.99314209));
#7753=CARTESIAN_POINT('',(-674.000938433647,57.6876498632,1092.98826246));
#7754=CARTESIAN_POINT('',(-674.000938433647,57.3140001382,1092.98062525));
#7755=CARTESIAN_POINT('',(-674.000938434647,57.0618303786,1092.97401978));
#7756=CARTESIAN_POINT('',(-674.000938435647,56.2136790568,1092.94598367));
#7757=CARTESIAN_POINT('',(-674.000938433647,55.3296010526,1092.89369673));
#7758=CARTESIAN_POINT('',(-674.000938433647,54.6912419755,1092.84056995));
#7759=CARTESIAN_POINT('',(-674.000938435647,53.4774680247,1092.70152955));
#7760=CARTESIAN_POINT('',(-674.000938433647,52.1927243146,1092.4569501));
#7761=CARTESIAN_POINT('',(-674.000938435647,51.5866003739,1092.31713907));
#7762=CARTESIAN_POINT('',(-674.000938433647,50.1135882438,1091.90221974));
#7763=CARTESIAN_POINT('',(-674.000938435647,48.5915457673,1091.25514917));
#7764=CARTESIAN_POINT('',(-674.000938435647,47.7040798822,1090.78059111));
#7765=CARTESIAN_POINT('',(-674.000938432647,45.7392973126,1089.44482666));
#7766=CARTESIAN_POINT('',(-674.000938436647,44.1742316724,1087.76977072));
#7767=CARTESIAN_POINT('',(-674.000938432647,43.4625130365,1086.78794216));
#7768=CARTESIAN_POINT('',(-674.000938435647,42.4916712499,1085.23076528));
#7769=CARTESIAN_POINT('',(-674.000938433647,41.7505102751,1083.73166819));
#7770=CARTESIAN_POINT('',(-674.000938433647,41.4926074553,1083.17048178));
#7771=CARTESIAN_POINT('',(-674.000938436647,40.970720314,1081.95940243));
#7772=CARTESIAN_POINT('',(-674.000938432647,40.5271166703,1080.803624));
#7773=CARTESIAN_POINT('',(-674.000938433647,40.300210504,1080.18752087));
#7774=CARTESIAN_POINT('',(-674.000938434647,40.0853135554,1079.59160403));
#7775=CARTESIAN_POINT('',(-674.000938434647,39.8767087759,1079.01214619));
#7776=CARTESIAN_POINT('',(-674.000938438,39.8767090244,1079.012146));
#7777=CARTESIAN_POINT('',(-669.000938435217,44.5811543999368,1077.31857263615));
#7778=CARTESIAN_POINT('',(-669.00094575675,43.8421916510671,1077.58459835294));
#7779=CARTESIAN_POINT('',(-669.155127390741,43.1032185500813,1077.8506278118));
#7780=CARTESIAN_POINT('',(-669.463714676937,42.4022822326982,1078.10296406292));
#7781=CARTESIAN_POINT('',(-670.356392132544,41.1520768386396,1078.55303653585));
#7782=CARTESIAN_POINT('',(-671.685145548,40.3121699796816,1078.8554020152));
#7783=CARTESIAN_POINT('',(-672.430129665,40.0218236084606,1078.9599263732));
#7784=CARTESIAN_POINT('',(-673.215540272,39.8767594480004,1079.01214930219));
#7785=CARTESIAN_POINT('',(-674.000938435,39.8767594480004,1079.01214930219));
#7786=CARTESIAN_POINT('',(-674.000938435,39.8767087759,1079.01214619));
#7787=CARTESIAN_POINT('',(-673.215540271,39.8767087759,1079.01214619));
#7788=CARTESIAN_POINT('',(-672.430129665,40.0217733553,1078.95992442));
#7789=CARTESIAN_POINT('',(-671.685145548,40.3121205651,1078.8554024));
#7790=CARTESIAN_POINT('',(-670.356384244,41.1520348356,1078.55304186));
#7791=CARTESIAN_POINT('',(-669.463704078,42.4022536972,1078.10297586));
#7792=CARTESIAN_POINT('',(-669.155116399,43.1032021614,1077.85064159));
#7793=CARTESIAN_POINT('',(-669.000938435,43.8421875246,1077.58461442));
#7794=CARTESIAN_POINT('',(-669.000938435,44.5811611801,1077.31859147));
#7795=CARTESIAN_POINT('',(-674.000938435,40.0853135554,1079.59160403));
#7796=CARTESIAN_POINT('',(-673.215540272,40.0853135554,1079.59160403));
#7797=CARTESIAN_POINT('',(-672.430129666,40.2303478803,1079.53929823));
#7798=CARTESIAN_POINT('',(-671.685145549,40.5206345355,1079.43460799));
#7799=CARTESIAN_POINT('',(-670.356384246,41.3603736339,1079.13176085));
#7800=CARTESIAN_POINT('',(-669.46370408,42.6103317508,1078.68097054));
#7801=CARTESIAN_POINT('',(-669.1551164,43.3111340257,1078.42823018));
#7802=CARTESIAN_POINT('',(-669.000938435,44.0499652667,1078.16177488));
#7803=CARTESIAN_POINT('',(-669.000938435,44.7887848027,1077.89532381));
#7804=CARTESIAN_POINT('',(-674.000938434,40.300210504,1080.18752087));
#7805=CARTESIAN_POINT('',(-673.215540258,40.3002105033,1080.18752087));
#7806=CARTESIAN_POINT('',(-672.430129639,40.4450300732,1080.13461839));
#7807=CARTESIAN_POINT('',(-671.685145512,40.7348868964,1080.02873393));
#7808=CARTESIAN_POINT('',(-670.356384196,41.5733825797,1079.72243212));
#7809=CARTESIAN_POINT('',(-669.463704036,42.8214898596,1079.26649953));
#7810=CARTESIAN_POINT('',(-669.155116365,43.5212544415,1079.01087608));
#7811=CARTESIAN_POINT('',(-669.000938415,44.2589916767,1078.74138126));
#7812=CARTESIAN_POINT('',(-669.000938435,44.9967172204,1078.47189071));
#7813=CARTESIAN_POINT('',(-674.000938433,40.5271166703,1080.803624));
#7814=CARTESIAN_POINT('',(-673.215540238,40.5271166657,1080.80362398));
#7815=CARTESIAN_POINT('',(-672.4301296,40.6714812022,1080.74946417));
#7816=CARTESIAN_POINT('',(-671.685145457,40.9604272788,1080.64106313));
#7817=CARTESIAN_POINT('',(-670.35638412,41.7962883639,1080.32748143));
#7818=CARTESIAN_POINT('',(-669.463703969,43.0404740225,1079.86071268));
#7819=CARTESIAN_POINT('',(-669.155116312,43.7380399044,1079.59901383));
#7820=CARTESIAN_POINT('',(-669.000938385,44.4734591239,1079.32311392));
#7821=CARTESIAN_POINT('',(-669.000938435,45.208866684,1079.04721839));
#7822=CARTESIAN_POINT('',(-674.000938437,40.970720314,1081.95940243));
#7823=CARTESIAN_POINT('',(-673.215540299,40.9707203178,1081.95940244));
#7824=CARTESIAN_POINT('',(-672.430129719,41.1138236741,1081.90188226));
#7825=CARTESIAN_POINT('',(-671.685145624,41.4002454857,1081.78675544));
#7826=CARTESIAN_POINT('',(-670.356384348,42.228804391,1081.4537174));
#7827=CARTESIAN_POINT('',(-669.46370417,43.4621207085,1080.9579877));
#7828=CARTESIAN_POINT('',(-669.155116472,44.1535925847,1080.68005158));
#7829=CARTESIAN_POINT('',(-669.000938476,44.8825871187,1080.38703328));
#7830=CARTESIAN_POINT('',(-669.000938435,45.6115701101,1080.09401962));
#7831=CARTESIAN_POINT('',(-674.000938434,41.4926074553,1083.17048178));
#7832=CARTESIAN_POINT('',(-673.215540249,41.4926074521,1083.17048178));
#7833=CARTESIAN_POINT('',(-672.43012962,41.6333185751,1083.10736497));
#7834=CARTESIAN_POINT('',(-671.685145485,41.9149523317,1082.98103651));
#7835=CARTESIAN_POINT('',(-670.356384159,42.7296603903,1082.61559445));
#7836=CARTESIAN_POINT('',(-669.463704003,43.9423596077,1082.07163115));
#7837=CARTESIAN_POINT('',(-669.15511634,44.6222722834,1081.76665236));
#7838=CARTESIAN_POINT('',(-669.000938401,45.339080349,1081.44512393));
#7839=CARTESIAN_POINT('',(-669.000938435,46.0558770527,1081.1236006));
#7840=CARTESIAN_POINT('',(-674.000938434,41.7505102751,1083.73166819));
#7841=CARTESIAN_POINT('',(-673.215540246,41.7505102708,1083.73166818));
#7842=CARTESIAN_POINT('',(-672.430129615,41.8898448147,1083.66553456));
#7843=CARTESIAN_POINT('',(-671.685145477,42.1687233452,1083.53316792));
#7844=CARTESIAN_POINT('',(-670.356384148,42.9754611073,1083.15025868));
#7845=CARTESIAN_POINT('',(-669.463703994,44.1762964778,1082.58029534));
#7846=CARTESIAN_POINT('',(-669.155116332,44.8495575619,1082.26073935));
#7847=CARTESIAN_POINT('',(-669.000938396,45.5593530878,1081.92384269));
#7848=CARTESIAN_POINT('',(-669.000938435,46.2691373626,1081.58695138));
#7849=CARTESIAN_POINT('',(-674.000938436,42.4916712499,1085.23076528));
#7850=CARTESIAN_POINT('',(-673.215540313,42.491671257,1085.23076529));
#7851=CARTESIAN_POINT('',(-672.430129746,42.6264888384,1085.15533117));
#7852=CARTESIAN_POINT('',(-671.685145663,42.8963266421,1085.0043495));
#7853=CARTESIAN_POINT('',(-670.356384403,43.6769114491,1084.56759085));
#7854=CARTESIAN_POINT('',(-669.463704218,44.838817952,1083.9174722));
#7855=CARTESIAN_POINT('',(-669.15511651,45.4902531591,1083.55297628));
#7856=CARTESIAN_POINT('',(-669.000938498,46.1770384401,1083.16870102));
#7857=CARTESIAN_POINT('',(-669.000938435,46.8638128503,1082.78443184));
#7858=CARTESIAN_POINT('',(-674.000938433,43.4625130365,1086.78794216));
#7859=CARTESIAN_POINT('',(-673.215540204,43.462513025,1086.78794214));
#7860=CARTESIAN_POINT('',(-672.430129533,43.5893492575,1086.69949497));
#7861=CARTESIAN_POINT('',(-671.68514536,43.8432123863,1086.5224677));
#7862=CARTESIAN_POINT('',(-670.356383987,44.577585783,1086.01036456));
#7863=CARTESIAN_POINT('',(-669.463703853,45.6707062335,1085.24809514));
#7864=CARTESIAN_POINT('',(-669.15511622,46.2835758018,1084.82072071));
#7865=CARTESIAN_POINT('',(-669.000938332,46.9297026653,1084.37015486));
#7866=CARTESIAN_POINT('',(-669.000938435,47.5758192764,1083.91959617));
#7867=CARTESIAN_POINT('',(-674.000938437,44.1742316724,1087.76977072));
#7868=CARTESIAN_POINT('',(-673.215540248,44.1742316708,1087.76977072));
#7869=CARTESIAN_POINT('',(-672.430129615,44.2944364198,1087.67165788));
#7870=CARTESIAN_POINT('',(-671.685145476,44.535026603,1087.47528472));
#7871=CARTESIAN_POINT('',(-670.356384145,45.2310041141,1086.9072179));
#7872=CARTESIAN_POINT('',(-669.463703991,46.2669719992,1086.06164607));
#7873=CARTESIAN_POINT('',(-669.155116329,46.8477983803,1085.58756726));
#7874=CARTESIAN_POINT('',(-669.000938395,47.4601432456,1085.08776262));
#7875=CARTESIAN_POINT('',(-669.000938435,48.0724784071,1084.5879659));
#7876=CARTESIAN_POINT('',(-674.000938433,45.7392973126,1089.44482666));
#7877=CARTESIAN_POINT('',(-673.215540289,45.7392973138,1089.44482666));
#7878=CARTESIAN_POINT('',(-672.430129702,45.8420216615,1089.32777334));
#7879=CARTESIAN_POINT('',(-671.685145601,46.0476247638,1089.09349076));
#7880=CARTESIAN_POINT('',(-670.356384319,46.6423919031,1088.41575982));
#7881=CARTESIAN_POINT('',(-669.463704144,47.5277073727,1087.40695208));
#7882=CARTESIAN_POINT('',(-669.155116452,48.0240688808,1086.84135332));
#7883=CARTESIAN_POINT('',(-669.000938465,48.5473653983,1086.2450624));
#7884=CARTESIAN_POINT('',(-669.000938435,49.0706536273,1085.64878091));
#7885=CARTESIAN_POINT('',(-674.000938436,47.7040798822,1090.78059111));
#7886=CARTESIAN_POINT('',(-673.215540258,47.7040798813,1090.78059111));
#7887=CARTESIAN_POINT('',(-672.430129638,47.7831564322,1090.64738562));
#7888=CARTESIAN_POINT('',(-671.685145508,47.9414283973,1090.38077443));
#7889=CARTESIAN_POINT('',(-670.356384189,48.3992763731,1089.60952353));
#7890=CARTESIAN_POINT('',(-669.46370403,49.0807866112,1088.46151064));
#7891=CARTESIAN_POINT('',(-669.155116361,49.4628825536,1087.81786504));
#7892=CARTESIAN_POINT('',(-669.000938413,49.8657128935,1087.13929208));
#7893=CARTESIAN_POINT('',(-669.000938435,50.26853685,1086.46072987));
#7894=CARTESIAN_POINT('',(-674.000938436,48.5915457673,1091.25514917));
#7895=CARTESIAN_POINT('',(-673.215540335,48.5915457477,1091.25514916));
#7896=CARTESIAN_POINT('',(-672.43012979,48.660064072,1091.11638599));
#7897=CARTESIAN_POINT('',(-671.685145725,48.7972037331,1090.83865106));
#7898=CARTESIAN_POINT('',(-670.356384488,49.1939203576,1090.03522152));
#7899=CARTESIAN_POINT('',(-669.463704293,49.7844361443,1088.83931044));
#7900=CARTESIAN_POINT('',(-669.15511657,50.1155150907,1088.1688102));
#7901=CARTESIAN_POINT('',(-669.000938532,50.4645600126,1087.46192533));
#7902=CARTESIAN_POINT('',(-669.000938435,50.8135994148,1086.75505163));
#7903=CARTESIAN_POINT('',(-674.000938434,50.1135882438,1091.90221974));
#7904=CARTESIAN_POINT('',(-673.215540226,50.1135882581,1091.90221974));
#7905=CARTESIAN_POINT('',(-672.430129575,50.1653285776,1091.75644372));
#7906=CARTESIAN_POINT('',(-671.68514542,50.2688869742,1091.46467256));
#7907=CARTESIAN_POINT('',(-670.356384068,50.568459925,1090.62063908));
#7908=CARTESIAN_POINT('',(-669.463703924,51.0143765443,1089.36428876));
#7909=CARTESIAN_POINT('',(-669.155116276,51.2643844206,1088.65990263));
#7910=CARTESIAN_POINT('',(-669.000938364,51.5279589429,1087.91729307));
#7911=CARTESIAN_POINT('',(-669.000938435,51.7915292819,1087.17469528));
#7912=CARTESIAN_POINT('',(-674.000938436,51.5866003739,1092.31713907));
#7913=CARTESIAN_POINT('',(-673.215540305,51.5866003635,1092.31713907));
#7914=CARTESIAN_POINT('',(-672.430129731,51.6244540501,1092.16750886));
#7915=CARTESIAN_POINT('',(-671.685145641,51.7002183333,1091.86802352));
#7916=CARTESIAN_POINT('',(-670.356384373,51.9193887054,1091.00167455));
#7917=CARTESIAN_POINT('',(-669.463704191,52.2456255113,1089.71210742));
#7918=CARTESIAN_POINT('',(-669.155116489,52.4285336405,1088.98909793));
#7919=CARTESIAN_POINT('',(-669.000938486,52.6213672661,1088.22685439));
#7920=CARTESIAN_POINT('',(-669.000938435,52.814197842,1087.46462292));
#7921=CARTESIAN_POINT('',(-674.000938434,52.1927243146,1092.4569501));
#7922=CARTESIAN_POINT('',(-673.2155403,52.1927243033,1092.4569501));
#7923=CARTESIAN_POINT('',(-672.430129723,52.2253480502,1092.30614479));
#7924=CARTESIAN_POINT('',(-671.685145631,52.2906445936,1092.0043075));
#7925=CARTESIAN_POINT('',(-670.356384359,52.4795339658,1091.13115481));
#7926=CARTESIAN_POINT('',(-669.463704179,52.7606972685,1089.83146029));
#7927=CARTESIAN_POINT('',(-669.15511648,52.9183344594,1089.10277277));
#7928=CARTESIAN_POINT('',(-669.000938481,53.0845258202,1088.33454309));
#7929=CARTESIAN_POINT('',(-669.000938435,53.2507145514,1087.56632557));
#7930=CARTESIAN_POINT('',(-674.000938436,53.4774680247,1092.70152955));
#7931=CARTESIAN_POINT('',(-673.215540238,53.477468038,1092.70152956));
#7932=CARTESIAN_POINT('',(-672.430129597,53.4999599913,1092.54882678));
#7933=CARTESIAN_POINT('',(-671.68514545,53.5449776922,1092.24319171));
#7934=CARTESIAN_POINT('',(-670.35638411,53.6752045515,1091.3590528));
#7935=CARTESIAN_POINT('',(-669.46370396,53.8690482144,1090.04300524));
#7936=CARTESIAN_POINT('',(-669.155116305,53.977728716,1089.30514922));
#7937=CARTESIAN_POINT('',(-669.000938381,54.0923067503,1088.52725353));
#7938=CARTESIAN_POINT('',(-669.000938435,54.2068829654,1087.74937017));
#7939=CARTESIAN_POINT('',(-674.000938434,54.6912419755,1092.84056995));
#7940=CARTESIAN_POINT('',(-673.215540311,54.6912419598,1092.84056995));
#7941=CARTESIAN_POINT('',(-672.430129746,54.7061384531,1092.68704334));
#7942=CARTESIAN_POINT('',(-671.685145663,54.7359538477,1092.37975937));
#7943=CARTESIAN_POINT('',(-670.356384404,54.8222036185,1091.49085054));
#7944=CARTESIAN_POINT('',(-669.463704219,54.9505870906,1090.16770288));
#7945=CARTESIAN_POINT('',(-669.155116511,55.0225666504,1089.42586611));
#7946=CARTESIAN_POINT('',(-669.000938499,55.0984521786,1088.64377363));
#7947=CARTESIAN_POINT('',(-669.000938435,55.1743365092,1087.86169354));
#7948=CARTESIAN_POINT('',(-674.000938434,55.3296010526,1092.89369673));
#7949=CARTESIAN_POINT('',(-673.215540293,55.3296010442,1092.89369673));
#7950=CARTESIAN_POINT('',(-672.43012971,55.3410526356,1092.73990171));
#7951=CARTESIAN_POINT('',(-671.685145613,55.3639730407,1092.4320805));
#7952=CARTESIAN_POINT('',(-670.356384334,55.4302770287,1091.54161757));
#7953=CARTESIAN_POINT('',(-669.463704158,55.5289710374,1090.21615663));
#7954=CARTESIAN_POINT('',(-669.155116463,55.5843048822,1089.47302289));
#7955=CARTESIAN_POINT('',(-669.000938471,55.6426414147,1088.68956307));
#7956=CARTESIAN_POINT('',(-669.000938435,55.7009770248,1087.90611565));
#7957=CARTESIAN_POINT('',(-674.000938436,56.2136790568,1092.94598367));
#7958=CARTESIAN_POINT('',(-673.215540262,56.2136790604,1092.94598367));
#7959=CARTESIAN_POINT('',(-672.430129646,56.22107548,1092.79196138));
#7960=CARTESIAN_POINT('',(-671.68514552,56.2358794331,1092.48368527));
#7961=CARTESIAN_POINT('',(-670.356384206,56.278704196,1091.59190643));
#7962=CARTESIAN_POINT('',(-669.463704045,56.3424491802,1090.26448676));
#7963=CARTESIAN_POINT('',(-669.155116373,56.3781884807,1089.52025484));
#7964=CARTESIAN_POINT('',(-669.000938419,56.41586717,1088.73563725));
#7965=CARTESIAN_POINT('',(-669.000938435,56.4535452615,1087.9510321));
#7966=CARTESIAN_POINT('',(-674.000938435,57.0618303786,1092.97401978));
#7967=CARTESIAN_POINT('',(-673.215540276,57.0618303771,1092.97401978));
#7968=CARTESIAN_POINT('',(-672.430129673,57.0663067191,1092.8199034));
#7969=CARTESIAN_POINT('',(-671.68514556,57.0752661334,1092.51143897));
#7970=CARTESIAN_POINT('',(-670.356384261,57.1011838628,1091.61911535));
#7971=CARTESIAN_POINT('',(-669.463704094,57.1397626048,1090.29088476));
#7972=CARTESIAN_POINT('',(-669.155116411,57.161392186,1089.54619819));
#7973=CARTESIAN_POINT('',(-669.000938442,57.1841954947,1088.76110128));
#7974=CARTESIAN_POINT('',(-669.000938435,57.2069984425,1087.97601681));
#7975=CARTESIAN_POINT('',(-674.000938434,57.3140001382,1092.98062525));
#7976=CARTESIAN_POINT('',(-673.215540279,57.3140001355,1092.98062525));
#7977=CARTESIAN_POINT('',(-672.430129681,57.3176964841,1092.82648918));
#7978=CARTESIAN_POINT('',(-671.68514557,57.32509474,1092.51798535));
#7979=CARTESIAN_POINT('',(-670.356384275,57.3464963631,1091.62554775));
#7980=CARTESIAN_POINT('',(-669.463704106,57.3783528477,1090.2971475));
#7981=CARTESIAN_POINT('',(-669.155116421,57.3962135243,1089.55236581));
#7982=CARTESIAN_POINT('',(-669.000938447,57.4150434093,1088.76716862));
#7983=CARTESIAN_POINT('',(-669.000938435,57.4338729967,1087.98198386));
#7984=CARTESIAN_POINT('',(-674.000938434,57.6876498632,1092.98826246));
#7985=CARTESIAN_POINT('',(-673.215540281,57.68764986,1092.98826246));
#7986=CARTESIAN_POINT('',(-672.430129685,57.6903201391,1092.83410604));
#7987=CARTESIAN_POINT('',(-671.685145576,57.6956647143,1092.52556148));
#7988=CARTESIAN_POINT('',(-670.356384284,57.7111254655,1091.63300605));
#7989=CARTESIAN_POINT('',(-669.463704114,57.7341389173,1090.30443042));
#7990=CARTESIAN_POINT('',(-669.155116428,57.747041654,1089.55955039));
#7991=CARTESIAN_POINT('',(-669.000938451,57.7606445571,1088.77424953));
#7992=CARTESIAN_POINT('',(-669.000938435,57.7742472454,1087.9889611));
#7993=CARTESIAN_POINT('',(-674.000938434,58.0545294072,1092.99314209));
#7994=CARTESIAN_POINT('',(-673.215540279,58.0545294047,1092.99314209));
#7995=CARTESIAN_POINT('',(-672.430129681,58.0563838797,1092.83897497));
#7996=CARTESIAN_POINT('',(-671.685145571,58.0600956198,1092.53040899));
#7997=CARTESIAN_POINT('',(-670.356384277,58.0708329168,1091.6377916));
#7998=CARTESIAN_POINT('',(-669.463704108,58.0868154697,1090.30912374));
#7999=CARTESIAN_POINT('',(-669.155116423,58.0957762581,1089.56419202));
#8000=CARTESIAN_POINT('',(-669.000938448,58.1052233033,1088.77883664));
#8001=CARTESIAN_POINT('',(-669.000938435,58.1146701994,1087.9934937));
#8002=CARTESIAN_POINT('',(-674.000938434,58.1760779678,1092.99449828));
#8003=CARTESIAN_POINT('',(-673.215540278,58.1760779657,1092.99449828));
#8004=CARTESIAN_POINT('',(-672.430129679,58.1776835568,1092.84032843));
#8005=CARTESIAN_POINT('',(-671.685145568,58.1808971548,1092.53175701));
#8006=CARTESIAN_POINT('',(-670.356384273,58.1901934294,1091.63912385));
#8007=CARTESIAN_POINT('',(-669.463704104,58.2040310088,1090.31043252));
#8008=CARTESIAN_POINT('',(-669.15511642,58.211789195,1089.56548763));
#8009=CARTESIAN_POINT('',(-669.000938446,58.2199683789,1088.78011838));
#8010=CARTESIAN_POINT('',(-669.000938435,58.2281474336,1087.99476157));
#8011=CARTESIAN_POINT('',(-674.000938435,58.4176996447,1092.99673811));
#8012=CARTESIAN_POINT('',(-673.215540276,58.4176996434,1092.99673811));
#8013=CARTESIAN_POINT('',(-672.430129674,58.4188530159,1092.84256414));
#8014=CARTESIAN_POINT('',(-671.685145561,58.4211614959,1092.53398444));
#8015=CARTESIAN_POINT('',(-670.356384263,58.4278394513,1091.64132736));
#8016=CARTESIAN_POINT('',(-669.463704095,58.437779641,1090.31260043));
#8017=CARTESIAN_POINT('',(-669.155116413,58.4433527142,1089.56763558));
#8018=CARTESIAN_POINT('',(-669.000938442,58.4492282099,1088.78224528));
#8019=CARTESIAN_POINT('',(-669.000938435,58.4551036127,1087.99686743));
#8020=CARTESIAN_POINT('',(-674.000938435,58.6563987417,1092.9981627));
#8021=CARTESIAN_POINT('',(-673.215540273,58.6563987412,1092.9981627));
#8022=CARTESIAN_POINT('',(-672.430129669,58.6571900051,1092.84398662));
#8023=CARTESIAN_POINT('',(-671.685145553,58.658773723,1092.53540273));
#8024=CARTESIAN_POINT('',(-670.356384252,58.6633550907,1091.6427335));
#8025=CARTESIAN_POINT('',(-669.463704086,58.6701744926,1090.31398848));
#8026=CARTESIAN_POINT('',(-669.155116405,58.6739978627,1089.5690135));
#8027=CARTESIAN_POINT('',(-669.000938438,58.6780287077,1088.78361252));
#8028=CARTESIAN_POINT('',(-669.000938435,58.682059489,1087.99822398));
#8029=CARTESIAN_POINT('',(-674.000938435,58.7750247224,1092.99870364));
#8030=CARTESIAN_POINT('',(-673.215540272,58.7750247222,1092.99870364));
#8031=CARTESIAN_POINT('',(-672.430129667,58.7756572125,1092.84452688));
#8032=CARTESIAN_POINT('',(-671.68514555,58.7769231438,1092.5359416));
#8033=CARTESIAN_POINT('',(-670.356384248,58.7805852209,1091.64326838));
#8034=CARTESIAN_POINT('',(-669.463704081,58.786036251,1090.31451741));
#8035=CARTESIAN_POINT('',(-669.155116402,58.789092429,1089.56953909));
#8036=CARTESIAN_POINT('',(-669.000938436,58.7923144501,1088.78413459));
#8037=CARTESIAN_POINT('',(-669.000938435,58.7955364202,1087.99874254));
#8038=CARTESIAN_POINT('',(-674.000938435,58.9715438606,1092.99937108));
#8039=CARTESIAN_POINT('',(-673.215540271,58.9715438607,1092.99937108));
#8040=CARTESIAN_POINT('',(-672.430129664,58.971948496,1092.84519357));
#8041=CARTESIAN_POINT('',(-671.685145547,58.9727583746,1092.53660681));
#8042=CARTESIAN_POINT('',(-670.356384243,58.9751011852,1091.64392929));
#8043=CARTESIAN_POINT('',(-669.463704077,58.9785884767,1090.31517193));
#8044=CARTESIAN_POINT('',(-669.155116398,58.9805436637,1089.57019003));
#8045=CARTESIAN_POINT('',(-669.000938434,58.9826049486,1088.78478175));
#8046=CARTESIAN_POINT('',(-669.000938435,58.9846662009,1087.99938592));
#8047=CARTESIAN_POINT('',(-674.000938435,59.1660963416,1092.99973051));
#8048=CARTESIAN_POINT('',(-673.215540272,59.1660963416,1092.99973051));
#8049=CARTESIAN_POINT('',(-672.430129666,59.1663338685,1092.84555271));
#8050=CARTESIAN_POINT('',(-671.685145549,59.1668092793,1092.53696536));
#8051=CARTESIAN_POINT('',(-670.356384246,59.1681845446,1091.64428614));
#8052=CARTESIAN_POINT('',(-669.46370408,59.1702316375,1090.31552625));
#8053=CARTESIAN_POINT('',(-669.155116401,59.1713793619,1089.57054293));
#8054=CARTESIAN_POINT('',(-669.000938435,59.1725893675,1088.78513316));
#8055=CARTESIAN_POINT('',(-669.000938435,59.1737993539,1087.99973583));
#8056=CARTESIAN_POINT('',(-674.000938435,59.2436062583,1092.99983374));
#8057=CARTESIAN_POINT('',(-673.215540272,59.2436062583,1092.99983374));
#8058=CARTESIAN_POINT('',(-672.430129666,59.2437866044,1092.84565587));
#8059=CARTESIAN_POINT('',(-671.685145549,59.2441475677,1092.53706838));
#8060=CARTESIAN_POINT('',(-670.356384246,59.2451917599,1091.64438876));
#8061=CARTESIAN_POINT('',(-669.46370408,59.246746048,1090.31562826));
#8062=CARTESIAN_POINT('',(-669.155116401,59.2476174761,1089.57064459));
#8063=CARTESIAN_POINT('',(-669.000938435,59.2485361923,1088.78523446));
#8064=CARTESIAN_POINT('',(-669.000938435,59.2494548938,1087.99983678));
#8065=CARTESIAN_POINT('',(-674.000938435,59.3889129138,1092.99996766));
#8066=CARTESIAN_POINT('',(-673.215540271,59.3889129138,1092.99996766));
#8067=CARTESIAN_POINT('',(-672.430129665,59.3890037262,1092.84578971));
#8068=CARTESIAN_POINT('',(-671.685145547,59.3891854874,1092.53720206));
#8069=CARTESIAN_POINT('',(-670.356384244,59.3897112847,1091.64452199));
#8070=CARTESIAN_POINT('',(-669.463704078,59.3904939379,1090.31576083));
#8071=CARTESIAN_POINT('',(-669.155116399,59.3909327407,1089.57077679));
#8072=CARTESIAN_POINT('',(-669.000938435,59.3913953552,1088.78536626));
#8073=CARTESIAN_POINT('',(-669.000938435,59.3918579622,1087.99996818));
#8074=CARTESIAN_POINT('',(-674.000938435,59.5331218602,1093.00001697));
#8075=CARTESIAN_POINT('',(-673.215540272,59.5331218601,1093.00001697));
#8076=CARTESIAN_POINT('',(-672.430129666,59.5331570323,1092.845839));
#8077=CARTESIAN_POINT('',(-671.685145549,59.5332274295,1092.53725133));
#8078=CARTESIAN_POINT('',(-670.356384246,59.5334310742,1091.64457117));
#8079=CARTESIAN_POINT('',(-669.46370408,59.533734201,1090.31580988));
#8080=CARTESIAN_POINT('',(-669.1551164,59.5339041522,1089.57082578));
#8081=CARTESIAN_POINT('',(-669.000938435,59.5340833259,1088.78541518));
#8082=CARTESIAN_POINT('',(-669.000938435,59.5342624967,1088.00001702));
#8083=CARTESIAN_POINT('',(-674.000938435,59.6455552748,1093.00003052));
#8084=CARTESIAN_POINT('',(-673.215540272,59.6455552748,1093.00003052));
#8085=CARTESIAN_POINT('',(-672.430129665,59.6455552654,1092.84585256));
#8086=CARTESIAN_POINT('',(-671.685145548,59.6455552466,1092.53726488));
#8087=CARTESIAN_POINT('',(-670.356384245,59.6455551922,1091.64458471));
#8088=CARTESIAN_POINT('',(-669.463704079,59.6455551113,1090.31582341));
#8089=CARTESIAN_POINT('',(-669.1551164,59.6455550659,1089.57083929));
#8090=CARTESIAN_POINT('',(-669.000938435,59.6455550181,1088.78542868));
#8091=CARTESIAN_POINT('',(-669.000938435,59.6455549703,1088.00003052));
#8092=CARTESIAN_POINT('',(-674.000938435,59.7123040229,1093.00003052));
#8093=CARTESIAN_POINT('',(-673.215540272,59.7123040229,1093.00003052));
#8094=CARTESIAN_POINT('',(-672.430129665,59.7123040183,1092.84585255));
#8095=CARTESIAN_POINT('',(-671.685145548,59.7123040089,1092.53726487));
#8096=CARTESIAN_POINT('',(-670.356384245,59.712303982,1091.64458471));
#8097=CARTESIAN_POINT('',(-669.463704079,59.7123039419,1090.3158234));
#8098=CARTESIAN_POINT('',(-669.1551164,59.7123039194,1089.57083929));
#8099=CARTESIAN_POINT('',(-669.000938435,59.7123038957,1088.78542868));
#8100=CARTESIAN_POINT('',(-669.000938435,59.712303872,1088.00003052));
#8101=CARTESIAN_POINT('',(-674.000938435,59.7790527744,1093.00003052));
#8102=CARTESIAN_POINT('',(-673.215540272,59.7790527744,1093.00003052));
#8103=CARTESIAN_POINT('',(-672.430129665,59.7790527744,1092.84585255));
#8104=CARTESIAN_POINT('',(-671.685145548,59.7790527744,1092.53726487));
#8105=CARTESIAN_POINT('',(-670.356384245,59.7790527744,1091.64458471));
#8106=CARTESIAN_POINT('',(-669.463704079,59.7790527744,1090.3158234));
#8107=CARTESIAN_POINT('',(-669.1551164,59.7790527744,1089.57083929));
#8108=CARTESIAN_POINT('',(-669.000938435,59.7790527744,1088.78542868));
#8109=CARTESIAN_POINT('',(-669.000938435,59.7790527744,1088.00003052));
#8110=CARTESIAN_POINT('',(-674.000937639056,39.8767526104935,1079.01213030906));
#8111=CARTESIAN_POINT('',(-674.000937639056,39.5900257768403,1078.21566425334));
#8112=CARTESIAN_POINT('',(-674.000937639056,39.3038787645613,1077.41884246264));
#8113=CARTESIAN_POINT('',(-674.000937639056,39.0150576668628,1076.61256974218));
#8114=CARTESIAN_POINT('',(-674.000937639056,37.7922482236842,1073.1904572544));
#8115=CARTESIAN_POINT('',(-674.000937639056,36.5810039344,1069.76421594));
#8116=CARTESIAN_POINT('',(-674.000937639056,35.6587222482001,1067.13367355));
#8117=CARTESIAN_POINT('',(-674.000937639056,33.5498097829001,1061.06825363));
#8118=CARTESIAN_POINT('',(-674.000937639056,31.4771922765001,1054.99030006));
#8119=CARTESIAN_POINT('',(-674.000937639056,30.3159221891001,1051.54675013));
#8120=CARTESIAN_POINT('',(-674.000937639056,26.8671321792001,1041.20436014));
#8121=CARTESIAN_POINT('',(-674.000937639056,23.5236207086001,1030.8272061));
#8122=CARTESIAN_POINT('',(-674.000937639056,21.3415971082001,1023.89405851));
#8123=CARTESIAN_POINT('',(-674.000937639056,17.0718908584001,1009.99849438));
#8124=CARTESIAN_POINT('',(-674.000937639056,12.9915825858001,996.046051771));
#8125=CARTESIAN_POINT('',(-674.000937639056,10.9989569624001,989.056025705));
#8126=CARTESIAN_POINT('',(-674.000937639056,8.08156870966007,978.550908421));
#8127=CARTESIAN_POINT('',(-674.000937639056,5.27187460392006,968.016626922));
#8128=CARTESIAN_POINT('',(-674.000937639056,4.34729641133006,964.502012235));
#8129=CARTESIAN_POINT('',(-674.000937639056,2.70319295162006,958.164380372));
#8130=CARTESIAN_POINT('',(-674.000937639056,1.09812387637006,951.816748696));
#8131=CARTESIAN_POINT('',(-674.000937639056,0.391698000488062,948.990464326));
#8132=CARTESIAN_POINT('',(-674.000937639056,-0.479889413672939,945.462328810001));
#8133=CARTESIAN_POINT('',(-674.000937639056,-1.33940476118994,941.931241572001));
#8134=CARTESIAN_POINT('',(-674.000937639056,-1.50882984947994,941.2331452));
#8135=CARTESIAN_POINT('',(-674.000937639056,-1.67759192366994,940.535703891));
#8136=CARTESIAN_POINT('',(-674.000937639056,-1.84598432724994,939.837749009));
#8137=CARTESIAN_POINT('',(-674.000938435,-1.84600826078,939.837722778));
#8138=CARTESIAN_POINT('',(-669.000938435,3.01452854546,938.665041255));
#8139=CARTESIAN_POINT('',(-669.000938435,2.25103720931,938.849245638));
#8140=CARTESIAN_POINT('',(-669.1551164,1.48753377712,939.033452939));
#8141=CARTESIAN_POINT('',(-669.463704079,0.763329232858,939.208178761));
#8142=CARTESIAN_POINT('',(-670.356384245,-0.528369411401,939.519821527));
#8143=CARTESIAN_POINT('',(-671.685145548,-1.39615037182,939.729187434));
#8144=CARTESIAN_POINT('',(-672.430129665,-1.69613072633,939.801562448));
#8145=CARTESIAN_POINT('',(-673.215540272,-1.84600826078,939.837722778));
#8146=CARTESIAN_POINT('',(-674.000938435,-1.84600826078,939.837722778));
#8147=CARTESIAN_POINT('',(-674.000938435,-1.84598432725,939.837749009));
#8148=CARTESIAN_POINT('',(-673.215540271,-1.84598432725,939.837749009));
#8149=CARTESIAN_POINT('',(-672.430129665,-1.69610666409,939.801589223));
#8150=CARTESIAN_POINT('',(-671.685145548,-1.39612605198,939.729215298));
#8151=CARTESIAN_POINT('',(-670.356384244,-0.528344346407,939.519852542));
#8152=CARTESIAN_POINT('',(-669.463704079,0.763355406991,939.208214467));
#8153=CARTESIAN_POINT('',(-669.155116399,1.48756057309,939.033491275));
#8154=CARTESIAN_POINT('',(-669.000938435,2.25106466084,938.849286747));
#8155=CARTESIAN_POINT('',(-669.000938435,3.01455665251,938.665085137));
#8156=CARTESIAN_POINT('',(-674.000938435,-1.67759192367,940.535703891));
#8157=CARTESIAN_POINT('',(-673.215540271,-1.67759192367,940.535703891));
#8158=CARTESIAN_POINT('',(-672.430129665,-1.52773355834,940.499464121));
#8159=CARTESIAN_POINT('',(-671.685145548,-1.22779157089,940.426930106));
#8160=CARTESIAN_POINT('',(-670.356384244,-0.360121598418,940.217104244));
#8161=CARTESIAN_POINT('',(-669.463704079,0.931411839392,939.90477683));
#8162=CARTESIAN_POINT('',(-669.155116399,1.65552375889,939.729667154));
#8163=CARTESIAN_POINT('',(-669.000938435,2.41892954003,939.545055168));
#8164=CARTESIAN_POINT('',(-669.000938435,3.18232322664,939.360446107));
#8165=CARTESIAN_POINT('',(-674.000938435,-1.50882984948,941.2331452));
#8166=CARTESIAN_POINT('',(-673.215540272,-1.50882984948,941.2331452));
#8167=CARTESIAN_POINT('',(-672.430129665,-1.35899121349,941.196823886));
#8168=CARTESIAN_POINT('',(-671.685145548,-1.05908871439,941.124126662));
#8169=CARTESIAN_POINT('',(-670.356384244,-0.191532973521,940.913828669));
#8170=CARTESIAN_POINT('',(-669.463704079,1.09983042969,940.600798486));
#8171=CARTESIAN_POINT('',(-669.1551164,1.82384701749,940.425294793));
#8172=CARTESIAN_POINT('',(-669.000938435,2.58715229377,940.240267411));
#8173=CARTESIAN_POINT('',(-669.000938435,3.35044547713,940.05524296));
#8174=CARTESIAN_POINT('',(-674.000938435,-1.33940476119,941.931241572));
#8175=CARTESIAN_POINT('',(-673.215540272,-1.3394047612,941.931241572));
#8176=CARTESIAN_POINT('',(-672.430129665,-1.18958603269,941.894838222));
#8177=CARTESIAN_POINT('',(-671.685145548,-0.889723378459,941.821976802));
#8178=CARTESIAN_POINT('',(-670.356384245,-0.022282900556,941.611203825));
#8179=CARTESIAN_POINT('',(-669.463704079,1.26890893286,941.297466626));
#8180=CARTESIAN_POINT('',(-669.1551164,1.99282932825,941.121566537));
#8181=CARTESIAN_POINT('',(-669.000938435,2.75603319226,940.936121248));
#8182=CARTESIAN_POINT('',(-669.000938435,3.51922496497,940.750678896));
#8183=CARTESIAN_POINT('',(-674.000938435,-0.479889413673,945.46232881));
#8184=CARTESIAN_POINT('',(-673.215540272,-0.47988941367,945.46232881));
#8185=CARTESIAN_POINT('',(-672.430129665,-0.330170448082,945.425515611));
#8186=CARTESIAN_POINT('',(-671.685145548,-0.0305074696596,945.351833878));
#8187=CARTESIAN_POINT('',(-670.356384245,0.836355387543,945.138687902));
#8188=CARTESIAN_POINT('',(-669.463704079,2.12668742809,944.821418475));
#8189=CARTESIAN_POINT('',(-669.1551164,2.85012577149,944.643538006));
#8190=CARTESIAN_POINT('',(-669.000938435,3.612821425,944.456004871));
#8191=CARTESIAN_POINT('',(-669.000938435,4.37550499527,944.268474708));
#8192=CARTESIAN_POINT('',(-674.000938435,0.391698000488,948.990464326));
#8193=CARTESIAN_POINT('',(-673.215540272,0.391698000476,948.990464326));
#8194=CARTESIAN_POINT('',(-672.430129665,0.541315834405,948.953241753));
#8195=CARTESIAN_POINT('',(-671.685145548,0.840776397512,948.878740657));
#8196=CARTESIAN_POINT('',(-670.356384245,1.7070537092,948.663224434));
#8197=CARTESIAN_POINT('',(-669.463704079,2.99651416076,948.342426877));
#8198=CARTESIAN_POINT('',(-669.1551164,3.71946383854,948.162568323));
#8199=CARTESIAN_POINT('',(-669.000938435,4.48164430906,947.972949764));
#8200=CARTESIAN_POINT('',(-669.000938435,5.2438127045,947.783334208));
#8201=CARTESIAN_POINT('',(-674.000938435,1.09812387637,951.816748696));
#8202=CARTESIAN_POINT('',(-673.215540272,1.09812387633,951.816748696));
#8203=CARTESIAN_POINT('',(-672.430129665,1.24765976406,951.779198272));
#8204=CARTESIAN_POINT('',(-671.685145548,1.5469563116,951.704040982));
#8205=CARTESIAN_POINT('',(-670.356384245,2.4127591603,951.486626525));
#8206=CARTESIAN_POINT('',(-669.463704079,3.70151337007,951.163003431));
#8207=CARTESIAN_POINT('',(-669.1551164,4.42406708592,950.981560711));
#8208=CARTESIAN_POINT('',(-669.000938435,5.18583010767,950.79027202));
#8209=CARTESIAN_POINT('',(-669.000938435,5.94758106096,950.59898636));
#8210=CARTESIAN_POINT('',(-674.000938435,2.70319295162,958.164380372));
#8211=CARTESIAN_POINT('',(-673.215540272,2.70319295152,958.164380371));
#8212=CARTESIAN_POINT('',(-672.430129665,2.85254269934,958.126093815));
#8213=CARTESIAN_POINT('',(-671.685145548,3.15146668736,958.049463153));
#8214=CARTESIAN_POINT('',(-670.356384245,4.01619179865,957.827786537));
#8215=CARTESIAN_POINT('',(-669.463704079,5.3033417881,957.497819188));
#8216=CARTESIAN_POINT('',(-669.1551164,6.02499608082,957.312819495));
#8217=CARTESIAN_POINT('',(-669.000938435,6.78581087236,957.117780811));
#8218=CARTESIAN_POINT('',(-669.000938435,7.54661361047,956.922745218));
#8219=CARTESIAN_POINT('',(-674.000938435,4.34729641133,964.502012235));
#8220=CARTESIAN_POINT('',(-673.215540272,4.34729641113,964.502012234));
#8221=CARTESIAN_POINT('',(-672.430129665,4.49645560814,964.462991153));
#8222=CARTESIAN_POINT('',(-671.685145548,4.79499820819,964.384890337));
#8223=CARTESIAN_POINT('',(-670.356384245,5.65862004332,964.158960872));
#8224=CARTESIAN_POINT('',(-669.463704079,6.94412779782,963.822663124));
#8225=CARTESIAN_POINT('',(-669.1551164,7.66486135413,963.634114226));
#8226=CARTESIAN_POINT('',(-669.000938435,8.42470544561,963.43533374));
#8227=CARTESIAN_POINT('',(-669.000938435,9.18453749907,963.236556403));
#8228=CARTESIAN_POINT('',(-674.000938435,5.27187460392,968.016626922));
#8229=CARTESIAN_POINT('',(-673.215540272,5.27187460367,968.016626921));
#8230=CARTESIAN_POINT('',(-672.430129665,5.42092667924,967.97719864));
#8231=CARTESIAN_POINT('',(-671.685145548,5.71925487548,967.898282812));
#8232=CARTESIAN_POINT('',(-670.356384245,6.58225648487,967.669995688));
#8233=CARTESIAN_POINT('',(-669.463704079,7.86684102869,967.330188547));
#8234=CARTESIAN_POINT('',(-669.1551164,8.58705697715,967.13967207));
#8235=CARTESIAN_POINT('',(-669.000938435,9.34635537285,966.938817235));
#8236=CARTESIAN_POINT('',(-669.000938435,10.1056417392,966.737965582));
#8237=CARTESIAN_POINT('',(-674.000938435,8.08156870966,978.550908421));
#8238=CARTESIAN_POINT('',(-673.215540272,8.08156870924,978.55090842));
#8239=CARTESIAN_POINT('',(-672.430129665,8.23029536884,978.510260074));
#8240=CARTESIAN_POINT('',(-671.685145548,8.52797224417,978.428902286));
#8241=CARTESIAN_POINT('',(-670.356384245,9.38908971743,978.193551076));
#8242=CARTESIAN_POINT('',(-669.463704079,10.6708697104,977.843228988));
#8243=CARTESIAN_POINT('',(-669.1551164,11.3895132577,977.646817195));
#8244=CARTESIAN_POINT('',(-669.000938435,12.1471539261,977.439747136));
#8245=CARTESIAN_POINT('',(-669.000938435,12.9047825914,977.232680357));
#8246=CARTESIAN_POINT('',(-674.000938435,10.9989569624,989.056025705));
#8247=CARTESIAN_POINT('',(-673.215540272,10.9989569618,989.056025703));
#8248=CARTESIAN_POINT('',(-672.430129665,11.1473460895,989.014161974));
#8249=CARTESIAN_POINT('',(-671.685145548,11.4443473937,988.930371592));
#8250=CARTESIAN_POINT('',(-670.356384245,12.3035105799,988.687983394));
#8251=CARTESIAN_POINT('',(-669.463704079,13.5823816018,988.327186698));
#8252=CARTESIAN_POINT('',(-669.1551164,14.2993942037,988.124902204));
#8253=CARTESIAN_POINT('',(-669.000938435,15.0553154236,987.911640763));
#8254=CARTESIAN_POINT('',(-669.000938435,15.8112246678,987.6983827));
#8255=CARTESIAN_POINT('',(-674.000938435,12.9915825858,996.046051771));
#8256=CARTESIAN_POINT('',(-673.215540272,12.9915825851,996.046051769));
#8257=CARTESIAN_POINT('',(-672.430129665,13.1397413412,996.00337993));
#8258=CARTESIAN_POINT('',(-671.685145548,13.4362815562,995.917972113));
#8259=CARTESIAN_POINT('',(-670.356384245,14.2941109072,995.670905013));
#8260=CARTESIAN_POINT('',(-669.463704079,15.570996505,995.303143733));
#8261=CARTESIAN_POINT('',(-669.1551164,16.2868959579,995.096954472));
#8262=CARTESIAN_POINT('',(-669.000938435,17.0416436239,994.879576372));
#8263=CARTESIAN_POINT('',(-669.000938435,17.7963793327,994.662201716));
#8264=CARTESIAN_POINT('',(-674.000938435,17.0718908584,1009.99849438));
#8265=CARTESIAN_POINT('',(-673.215540272,17.0718908577,1009.99849438));
#8266=CARTESIAN_POINT('',(-672.430129665,17.2195782428,1009.95421074));
#8267=CARTESIAN_POINT('',(-671.685145549,17.5151750075,1009.8655769));
#8268=CARTESIAN_POINT('',(-670.356384245,18.3702751522,1009.60917758));
#8269=CARTESIAN_POINT('',(-669.46370408,19.6430983057,1009.22752522));
#8270=CARTESIAN_POINT('',(-669.1551164,20.3567201061,1009.01354777));
#8271=CARTESIAN_POINT('',(-669.000938435,21.1090665231,1008.78795887));
#8272=CARTESIAN_POINT('',(-669.000938435,21.861401021,1008.56237353));
#8273=CARTESIAN_POINT('',(-674.000938435,21.3415971082,1023.89405851));
#8274=CARTESIAN_POINT('',(-673.215540272,21.3415971075,1023.89405851));
#8275=CARTESIAN_POINT('',(-672.430129665,21.4887920161,1023.84817216));
#8276=CARTESIAN_POINT('',(-671.685145548,21.7834030875,1023.75633048));
#8277=CARTESIAN_POINT('',(-670.356384245,22.6356518257,1023.49065157));
#8278=CARTESIAN_POINT('',(-669.46370408,23.9042306387,1023.09518646));
#8279=CARTESIAN_POINT('',(-669.1551164,24.6154728045,1022.87346475));
#8280=CARTESIAN_POINT('',(-669.000938435,25.3653104563,1022.63971133));
#8281=CARTESIAN_POINT('',(-669.000938435,26.1151362287,1022.40596162));
#8282=CARTESIAN_POINT('',(-674.000938435,23.5236207086,1030.8272061));
#8283=CARTESIAN_POINT('',(-673.215540272,23.523620708,1030.8272061));
#8284=CARTESIAN_POINT('',(-672.430129665,23.6705641396,1030.78052072));
#8285=CARTESIAN_POINT('',(-671.685145548,23.9646718788,1030.68707981));
#8286=CARTESIAN_POINT('',(-670.356384245,24.8154645815,1030.41677461));
#8287=CARTESIAN_POINT('',(-669.463704079,26.0818760741,1030.01442325));
#8288=CARTESIAN_POINT('',(-669.1551164,26.7919031088,1029.78884069));
#8289=CARTESIAN_POINT('',(-669.000938435,27.5404596904,1029.55101692));
#8290=CARTESIAN_POINT('',(-669.000938435,28.289004413,1029.31319692));
#8291=CARTESIAN_POINT('',(-674.000938435,26.8671321792,1041.20436014));
#8292=CARTESIAN_POINT('',(-673.215540272,26.8671321787,1041.20436014));
#8293=CARTESIAN_POINT('',(-672.430129665,27.0136905951,1041.15647983));
#8294=CARTESIAN_POINT('',(-671.685145548,27.307027725,1041.06064724));
#8295=CARTESIAN_POINT('',(-670.356384245,28.1555912144,1040.78342345));
#8296=CARTESIAN_POINT('',(-669.463704079,29.4186845058,1040.37077369));
#8297=CARTESIAN_POINT('',(-669.1551164,30.1268511557,1040.13941722));
#8298=CARTESIAN_POINT('',(-669.000938435,30.8734463989,1039.89550623));
#8299=CARTESIAN_POINT('',(-669.000938435,31.6200298141,1039.65159909));
#8300=CARTESIAN_POINT('',(-674.000938435,30.3159221891,1051.54675013));
#8301=CARTESIAN_POINT('',(-673.215540272,30.3159221889,1051.54675013));
#8302=CARTESIAN_POINT('',(-672.430129665,30.4620839812,1051.49768041));
#8303=CARTESIAN_POINT('',(-671.685145548,30.7546272665,1051.39946722));
#8304=CARTESIAN_POINT('',(-670.356384245,31.6008943281,1051.11535682));
#8305=CARTESIAN_POINT('',(-669.463704079,32.8605693686,1050.6924563));
#8306=CARTESIAN_POINT('',(-669.1551164,33.5668195399,1050.45535264));
#8307=CARTESIAN_POINT('',(-669.000938435,34.3113943069,1050.20538258));
#8308=CARTESIAN_POINT('',(-669.000938435,35.0559572778,1049.95541647));
#8309=CARTESIAN_POINT('',(-674.000938435,31.4771922765,1054.99030006));
#8310=CARTESIAN_POINT('',(-673.215540272,31.4771922763,1054.99030006));
#8311=CARTESIAN_POINT('',(-672.430129665,31.6232205758,1054.9408345));
#8312=CARTESIAN_POINT('',(-671.685145548,31.9154966746,1054.84182901));
#8313=CARTESIAN_POINT('',(-670.356384245,32.7609908211,1054.55542668));
#8314=CARTESIAN_POINT('',(-669.463704079,34.0195153715,1054.1291146));
#8315=CARTESIAN_POINT('',(-669.1551164,34.7251205083,1053.89009821));
#8316=CARTESIAN_POINT('',(-669.000938435,35.469015238,1053.63811162));
#8317=CARTESIAN_POINT('',(-669.000938435,36.2128981825,1053.38612903));
#8318=CARTESIAN_POINT('',(-674.000938435,33.5498097829,1061.06825363));
#8319=CARTESIAN_POINT('',(-673.215540272,33.5498097828,1061.06825363));
#8320=CARTESIAN_POINT('',(-672.430129665,33.695599931,1061.01808969));
#8321=CARTESIAN_POINT('',(-671.685145548,33.9873993694,1060.9176864));
#8322=CARTESIAN_POINT('',(-670.356384245,34.8315146359,1060.62724052));
#8323=CARTESIAN_POINT('',(-669.463704079,36.0879867127,1060.19490959));
#8324=CARTESIAN_POINT('',(-669.1551164,36.7924411084,1059.95251867));
#8325=CARTESIAN_POINT('',(-669.000938435,37.5351226521,1059.69697443));
#8326=CARTESIAN_POINT('',(-669.000938435,38.2777924297,1059.44143423));
#8327=CARTESIAN_POINT('',(-674.000938435,35.6587222482,1067.13367355));
#8328=CARTESIAN_POINT('',(-673.215540272,35.6587222482,1067.13367355));
#8329=CARTESIAN_POINT('',(-672.430129665,35.8042702655,1067.08281322));
#8330=CARTESIAN_POINT('',(-671.685145548,36.0955850781,1066.98101612));
#8331=CARTESIAN_POINT('',(-670.356384245,36.9382984225,1066.68653819));
#8332=CARTESIAN_POINT('',(-669.463704079,38.1926837273,1066.24820554));
#8333=CARTESIAN_POINT('',(-669.1551164,38.8959681521,1066.00244969));
#8334=CARTESIAN_POINT('',(-669.000938435,39.6374162366,1065.74335792));
#8335=CARTESIAN_POINT('',(-669.000938435,40.3788525745,1065.48427025));
#8336=CARTESIAN_POINT('',(-674.000938435,36.5810039344,1069.76421594));
#8337=CARTESIAN_POINT('',(-673.215540272,36.5810039344,1069.76421594));
#8338=CARTESIAN_POINT('',(-672.430129665,36.726446098,1069.7130537));
#8339=CARTESIAN_POINT('',(-671.685145548,37.017549044,1069.6106523));
#8340=CARTESIAN_POINT('',(-670.356384245,37.8596495024,1069.31442631));
#8341=CARTESIAN_POINT('',(-669.463704079,39.1131225216,1068.87349163));
#8342=CARTESIAN_POINT('',(-669.1551164,39.8158954637,1068.62627692));
#8343=CARTESIAN_POINT('',(-669.000938435,40.55680431,1068.36564714));
#8344=CARTESIAN_POINT('',(-669.000938435,41.2977014183,1068.10502148));
#8345=CARTESIAN_POINT('',(-674.000938435,37.7922501877,1073.19046281));
#8346=CARTESIAN_POINT('',(-673.215540272,37.7922501877,1073.19046281));
#8347=CARTESIAN_POINT('',(-672.430129665,37.9375533805,1073.13890746));
#8348=CARTESIAN_POINT('',(-671.685145548,38.2283781759,1073.03571927));
#8349=CARTESIAN_POINT('',(-670.356384245,39.0696740024,1072.73721722));
#8350=CARTESIAN_POINT('',(-669.463704079,40.3219493207,1072.29289462));
#8351=CARTESIAN_POINT('',(-669.1551164,41.0240507592,1072.04378044));
#8352=CARTESIAN_POINT('',(-669.000938435,41.7642516628,1071.78114811));
#8353=CARTESIAN_POINT('',(-669.000938435,42.5044408395,1071.51851993));
#8354=CARTESIAN_POINT('',(-674.000938435,39.0150616324,1076.61258084));
#8355=CARTESIAN_POINT('',(-673.215540272,39.0150616324,1076.61258084));
#8356=CARTESIAN_POINT('',(-672.430129665,39.160224592,1076.56063304));
#8357=CARTESIAN_POINT('',(-671.685145548,39.4507687101,1076.45665935));
#8358=CARTESIAN_POINT('',(-670.356384245,40.2912525953,1076.15588503));
#8359=CARTESIAN_POINT('',(-669.463704079,41.5423193329,1075.70818014));
#8360=CARTESIAN_POINT('',(-669.1551164,42.2437431677,1075.45716964));
#8361=CARTESIAN_POINT('',(-669.000938435,42.9832296975,1075.19253809));
#8362=CARTESIAN_POINT('',(-669.000938435,43.7227045118,1074.92791073));
#8363=CARTESIAN_POINT('',(-674.000938435,39.303884796,1077.4188593));
#8364=CARTESIAN_POINT('',(-673.215540272,39.303884796,1077.4188593));
#8365=CARTESIAN_POINT('',(-672.430129665,39.4490160701,1077.36682303));
#8366=CARTESIAN_POINT('',(-671.685145548,39.7394967696,1077.26267226));
#8367=CARTESIAN_POINT('',(-670.356384245,40.5797971981,1076.96138569));
#8368=CARTESIAN_POINT('',(-669.463704079,41.830590859,1076.51291831));
#8369=CARTESIAN_POINT('',(-669.1551164,42.5318615906,1076.26148032));
#8370=CARTESIAN_POINT('',(-669.000938435,43.271186709,1075.99639807));
#8371=CARTESIAN_POINT('',(-669.000938435,44.0105001145,1075.73132002));
#8372=CARTESIAN_POINT('',(-674.000938435,39.5900337443,1078.21568644));
#8373=CARTESIAN_POINT('',(-673.215540272,39.5900337443,1078.21568644));
#8374=CARTESIAN_POINT('',(-672.430129665,39.735130776,1078.16355482));
#8375=CARTESIAN_POINT('',(-671.685145548,40.0255429395,1078.05921322));
#8376=CARTESIAN_POINT('',(-670.356384245,40.8656451073,1077.75737462));
#8377=CARTESIAN_POINT('',(-669.463704079,42.1161436555,1077.30808553));
#8378=CARTESIAN_POINT('',(-669.1551164,42.817248929,1077.05618684));
#8379=CARTESIAN_POINT('',(-669.000938435,43.5563996107,1076.7906189));
#8380=CARTESIAN_POINT('',(-669.000938435,44.2955385823,1076.52505516));
#8381=CARTESIAN_POINT('',(-674.000938435,39.87676259,1079.01215803));
#8382=CARTESIAN_POINT('',(-673.215540272,39.87676259,1079.01215803));
#8383=CARTESIAN_POINT('',(-672.430129665,40.0218267501,1078.9599351));
#8384=CARTESIAN_POINT('',(-671.685145548,40.3121731206,1078.85541074));
#8385=CARTESIAN_POINT('',(-670.356384245,41.1520849632,1078.55304346));
#8386=CARTESIAN_POINT('',(-669.463704079,42.402300211,1078.10296743));
#8387=CARTESIAN_POINT('',(-669.1551164,43.103246649,1077.85062753));
#8388=CARTESIAN_POINT('',(-669.000938435,43.8422298761,1077.58459442));
#8389=CARTESIAN_POINT('',(-669.000938435,44.5812013957,1077.31856554));
#8390=CARTESIAN_POINT('',(-674.000938434999,-1.84600826078,939.837722778));
#8391=CARTESIAN_POINT('',(-674.000938434999,-2.42626911192,937.432654422001));
#8392=CARTESIAN_POINT('',(-674.000938434999,-3.01961720806,934.94816717));
#8393=CARTESIAN_POINT('',(-674.000938434999,-3.55975349615,932.378068790001));
#8394=CARTESIAN_POINT('',(-674.000938434999,-4.1637515398,928.512443597001));
#8395=CARTESIAN_POINT('',(-674.000938434999,-4.49771999522,924.639811769001));
#8396=CARTESIAN_POINT('',(-674.000938434999,-4.57716928168,923.407882549001));
#8397=CARTESIAN_POINT('',(-674.000938434999,-4.65544557873,921.704795875001));
#8398=CARTESIAN_POINT('',(-674.000938434999,-4.70034372658,920.027862703));
#8399=CARTESIAN_POINT('',(-674.000938434999,-4.71076223784,919.554861572001));
#8400=CARTESIAN_POINT('',(-674.000938434999,-4.72355894218,918.849166099));
#8401=CARTESIAN_POINT('',(-674.000938434999,-4.73311656719,918.149595304));
#8402=CARTESIAN_POINT('',(-674.000938434999,-4.73599851751,917.917108634));
#8403=CARTESIAN_POINT('',(-674.000938434999,-4.73995207345,917.569466091001));
#8404=CARTESIAN_POINT('',(-674.000938434999,-4.74348382718,917.22349804));
#8405=CARTESIAN_POINT('',(-674.000938434999,-4.74462155885,917.108363817));
#8406=CARTESIAN_POINT('',(-674.000938434999,-4.74628000116,916.935948579));
#8407=CARTESIAN_POINT('',(-674.000938434999,-4.74788300916,916.763967266001));
#8408=CARTESIAN_POINT('',(-674.000938434999,-4.74840476332,916.707505780001));
#8409=CARTESIAN_POINT('',(-674.000938434999,-4.74946911502,916.591411725001));
#8410=CARTESIAN_POINT('',(-674.000938434999,-4.75049064037,916.478782154001));
#8411=CARTESIAN_POINT('',(-674.000938434999,-4.75104416337,916.417498464));
#8412=CARTESIAN_POINT('',(-674.000938434999,-4.75150554795,916.36633641));
#8413=CARTESIAN_POINT('',(-674.000938434999,-4.75204463418,916.306533731));
#8414=CARTESIAN_POINT('',(-674.000938435,-4.75204463773,916.306533813));
#8415=CARTESIAN_POINT('',(-669.000938435,0.247752229708555,916.261463562779));
#8416=CARTESIAN_POINT('',(-669.000938435,-1.06120085745626,916.273263815207));
#8417=CARTESIAN_POINT('',(-669.539782692697,-2.36209944234159,916.284991455844));
#8418=CARTESIAN_POINT('',(-671.390986752772,-4.21324901871233,916.301679625738));
#8419=CARTESIAN_POINT('',(-672.69193215976,-4.75210062488883,916.306537389507));
#8420=CARTESIAN_POINT('',(-674.000938434999,-4.75210062488883,916.306537389508));
#8421=CARTESIAN_POINT('',(-674.000938435,-4.75204463418,916.306533731));
#8422=CARTESIAN_POINT('',(-673.215540272,-4.75204463418,916.306533731));
#8423=CARTESIAN_POINT('',(-672.430129665,-4.59787293408,916.305143876));
#8424=CARTESIAN_POINT('',(-671.685145548,-4.28929779358,916.302362078));
#8425=CARTESIAN_POINT('',(-670.356384245,-3.39665389956,916.294314912));
#8426=CARTESIAN_POINT('',(-669.463704079,-2.0679465871,916.282336643));
#8427=CARTESIAN_POINT('',(-669.1551164,-1.32299274051,916.275620899));
#8428=CARTESIAN_POINT('',(-669.000938435,-0.537614047154,916.268540726));
#8429=CARTESIAN_POINT('',(-669.000938435,0.247752203594,916.261460666));
#8430=CARTESIAN_POINT('',(-674.000938435,-4.75150554795,916.36633641));
#8431=CARTESIAN_POINT('',(-673.215540272,-4.75150554795,916.36633641));
#8432=CARTESIAN_POINT('',(-672.430129665,-4.59733385008,916.364946308));
#8433=CARTESIAN_POINT('',(-671.685145548,-4.28875871406,916.362164014));
#8434=CARTESIAN_POINT('',(-670.356384245,-3.39611483298,916.354115415));
#8435=CARTESIAN_POINT('',(-669.463704079,-2.06740753978,916.342135013));
#8436=CARTESIAN_POINT('',(-669.1551164,-1.32245370399,916.335418073));
#8437=CARTESIAN_POINT('',(-669.000938435,-0.537075022008,916.328336639));
#8438=CARTESIAN_POINT('',(-669.000938435,0.248291217364,916.321255318));
#8439=CARTESIAN_POINT('',(-674.000938435,-4.75104416337,916.417498464));
#8440=CARTESIAN_POINT('',(-673.215540272,-4.75104416337,916.417498464));
#8441=CARTESIAN_POINT('',(-672.430129665,-4.59687247944,916.416106815));
#8442=CARTESIAN_POINT('',(-671.685145548,-4.28829737132,916.413321424));
#8443=CARTESIAN_POINT('',(-670.356384245,-3.39565357094,916.405263867));
#8444=CARTESIAN_POINT('',(-669.463704079,-2.06694639789,916.393270131));
#8445=CARTESIAN_POINT('',(-669.1551164,-1.32199262946,916.386545715));
#8446=CARTESIAN_POINT('',(-669.000938435,-0.536614018512,916.3794564));
#8447=CARTESIAN_POINT('',(-669.000938435,0.248752149825,916.372367197));
#8448=CARTESIAN_POINT('',(-674.000938435,-4.75049064037,916.478782154));
#8449=CARTESIAN_POINT('',(-673.215540271,-4.75049064037,916.478782154));
#8450=CARTESIAN_POINT('',(-672.430129665,-4.59631898659,916.477387156));
#8451=CARTESIAN_POINT('',(-671.685145548,-4.28774393882,916.474595064));
#8452=CARTESIAN_POINT('',(-670.356384244,-3.39510031301,916.466518121));
#8453=CARTESIAN_POINT('',(-669.463704078,-2.06639339985,916.454495528));
#8454=CARTESIAN_POINT('',(-669.155116399,-1.32143977714,916.447754934));
#8455=CARTESIAN_POINT('',(-669.000938435,-0.536061319844,916.440648562));
#8456=CARTESIAN_POINT('',(-669.000938435,0.249304694819,916.433542302));
#8457=CARTESIAN_POINT('',(-674.000938435,-4.74946911502,916.591411725));
#8458=CARTESIAN_POINT('',(-673.215540271,-4.74946911502,916.591411725));
#8459=CARTESIAN_POINT('',(-672.430129664,-4.59529754676,916.590007264));
#8460=CARTESIAN_POINT('',(-671.685145547,-4.28672267014,916.58719623));
#8461=CARTESIAN_POINT('',(-670.356384243,-3.3940795395,916.579064491));
#8462=CARTESIAN_POINT('',(-669.463704078,-2.06537336348,916.566960336));
#8463=CARTESIAN_POINT('',(-669.155116399,-1.3204201541,916.560174013));
#8464=CARTESIAN_POINT('',(-669.000938434,-0.535042132602,916.55301943));
#8465=CARTESIAN_POINT('',(-669.000938435,0.250323446189,916.545864961));
#8466=CARTESIAN_POINT('',(-674.000938435,-4.74840476332,916.70750578));
#8467=CARTESIAN_POINT('',(-673.215540271,-4.74840476332,916.70750578));
#8468=CARTESIAN_POINT('',(-672.430129664,-4.59423333764,916.706085718));
#8469=CARTESIAN_POINT('',(-671.685145546,-4.28565874641,916.70324346));
#8470=CARTESIAN_POINT('',(-670.356384242,-3.39301644135,916.695021395));
#8471=CARTESIAN_POINT('',(-669.463704076,-2.06431149435,916.682782788));
#8472=CARTESIAN_POINT('',(-669.155116398,-1.31935897408,916.675921083));
#8473=CARTESIAN_POINT('',(-669.000938434,-0.533981679182,916.668687029));
#8474=CARTESIAN_POINT('',(-669.000938435,0.251383172911,916.661453089));
#8475=CARTESIAN_POINT('',(-674.000938435,-4.74788300916,916.763967266));
#8476=CARTESIAN_POINT('',(-673.215540271,-4.74788300916,916.763967266));
#8477=CARTESIAN_POINT('',(-672.430129663,-4.59371166868,916.762537944));
#8478=CARTESIAN_POINT('',(-671.685145545,-4.28513724795,916.759677152));
#8479=CARTESIAN_POINT('',(-670.356384241,-3.39249543615,916.751401473));
#8480=CARTESIAN_POINT('',(-669.463704076,-2.06379122346,916.739083061));
#8481=CARTESIAN_POINT('',(-669.155116397,-1.31883911492,916.732176612));
#8482=CARTESIAN_POINT('',(-669.000938434,-0.53346225414,916.724895386));
#8483=CARTESIAN_POINT('',(-669.000938435,0.251902163779,916.717614275));
#8484=CARTESIAN_POINT('',(-674.000938435,-4.74628000116,916.935948579));
#8485=CARTESIAN_POINT('',(-673.21554027,-4.74628000116,916.935948579));
#8486=CARTESIAN_POINT('',(-672.430129662,-4.59210896088,916.934486922));
#8487=CARTESIAN_POINT('',(-671.685145543,-4.28353514101,916.931561413));
#8488=CARTESIAN_POINT('',(-670.356384238,-3.39089506742,916.923098519));
#8489=CARTESIAN_POINT('',(-669.463704073,-2.06219344235,916.910501438));
#8490=CARTESIAN_POINT('',(-669.155116395,-1.31724278468,916.90343875));
#8491=CARTESIAN_POINT('',(-669.000938432,-0.531867453663,916.895992807));
#8492=CARTESIAN_POINT('',(-669.000938435,0.253495434307,916.888546981));
#8493=CARTESIAN_POINT('',(-674.000938435,-4.74462155885,917.108363817));
#8494=CARTESIAN_POINT('',(-673.215540269,-4.74462155885,917.108363817));
#8495=CARTESIAN_POINT('',(-672.43012966,-4.59045095553,917.106856436));
#8496=CARTESIAN_POINT('',(-671.685145541,-4.28187801023,917.103839408));
#8497=CARTESIAN_POINT('',(-670.356384235,-3.38924046669,917.095111774));
#8498=CARTESIAN_POINT('',(-669.463704071,-2.06054260792,917.082120623));
#8499=CARTESIAN_POINT('',(-669.155116393,-1.31559406199,917.074836996));
#8500=CARTESIAN_POINT('',(-669.000938431,-0.530220957494,917.067158124));
#8501=CARTESIAN_POINT('',(-669.000938435,0.255139703734,917.059479374));
#8502=CARTESIAN_POINT('',(-674.000938435,-4.74348382718,917.22349804));
#8503=CARTESIAN_POINT('',(-673.215540269,-4.74348382718,917.22349804));
#8504=CARTESIAN_POINT('',(-672.430129659,-4.58931358008,917.221954291));
#8505=CARTESIAN_POINT('',(-671.685145539,-4.28074134778,917.218864472));
#8506=CARTESIAN_POINT('',(-670.356384233,-3.38810586682,917.209926267));
#8507=CARTESIAN_POINT('',(-669.463704069,-2.05941107845,917.19662168));
#8508=CARTESIAN_POINT('',(-669.155116391,-1.31446425405,917.189162322));
#8509=CARTESIAN_POINT('',(-669.00093843,-0.529092964642,917.181298183));
#8510=CARTESIAN_POINT('',(-669.000938435,0.256265881355,917.173434168));
#8511=CARTESIAN_POINT('',(-674.000938435,-4.73995207345,917.569466091));
#8512=CARTESIAN_POINT('',(-673.215540267,-4.73995207345,917.569466091));
#8513=CARTESIAN_POINT('',(-672.430129656,-4.58578310885,917.567795784));
#8514=CARTESIAN_POINT('',(-671.685145535,-4.27721344347,917.56445266));
#8515=CARTESIAN_POINT('',(-670.356384226,-3.38458538823,917.554781694));
#8516=CARTESIAN_POINT('',(-669.463704063,-2.05590165376,917.540386388));
#8517=CARTESIAN_POINT('',(-669.155116387,-1.31096102708,917.532315507));
#8518=CARTESIAN_POINT('',(-669.000938428,-0.525596272114,917.52380666));
#8519=CARTESIAN_POINT('',(-669.000938435,0.259756039025,917.515297948));
#8520=CARTESIAN_POINT('',(-674.000938435,-4.73599851751,917.917108634));
#8521=CARTESIAN_POINT('',(-673.215540266,-4.73599851751,917.917108633));
#8522=CARTESIAN_POINT('',(-672.430129653,-4.58183155111,917.915260044));
#8523=CARTESIAN_POINT('',(-671.685145531,-4.27326588512,917.911560088));
#8524=CARTESIAN_POINT('',(-670.356384221,-3.38064939941,917.900856881));
#8525=CARTESIAN_POINT('',(-669.463704058,-2.05198288684,917.884925074));
#8526=CARTESIAN_POINT('',(-669.155116383,-1.30705191601,917.875992738));
#8527=CARTESIAN_POINT('',(-669.000938425,-0.521697341184,917.86657569));
#8528=CARTESIAN_POINT('',(-669.000938435,0.263644789536,917.857158791));
#8529=CARTESIAN_POINT('',(-674.000938435,-4.73311656719,918.149595304));
#8530=CARTESIAN_POINT('',(-673.215540265,-4.73311656719,918.149595304));
#8531=CARTESIAN_POINT('',(-672.430129652,-4.57895131701,918.147605434));
#8532=CARTESIAN_POINT('',(-671.685145529,-4.27038908605,918.143622703));
#8533=CARTESIAN_POINT('',(-670.356384218,-3.37778253723,918.132101489));
#8534=CARTESIAN_POINT('',(-669.463704056,-2.04913081604,918.114952073));
#8535=CARTESIAN_POINT('',(-669.155116381,-1.30420813824,918.10533707));
#8536=CARTESIAN_POINT('',(-669.000938424,-0.518862306618,918.095200311));
#8537=CARTESIAN_POINT('',(-669.000938435,0.266471080843,918.085063713));
#8538=CARTESIAN_POINT('',(-674.000938435,-4.72355894218,918.849166099));
#8539=CARTESIAN_POINT('',(-673.215540264,-4.72355894218,918.849166099));
#8540=CARTESIAN_POINT('',(-672.43012965,-4.56940028224,918.846686908));
#8541=CARTESIAN_POINT('',(-671.685145527,-4.26085124165,918.8417248));
#8542=CARTESIAN_POINT('',(-670.356384215,-3.36828284989,918.827370449));
#8543=CARTESIAN_POINT('',(-669.463704053,-2.0396879261,918.806003888));
#8544=CARTESIAN_POINT('',(-669.155116379,-1.29479709248,918.794024499));
#8545=CARTESIAN_POINT('',(-669.000938423,-0.509484833232,918.78139505));
#8546=CARTESIAN_POINT('',(-669.000938435,0.275814982139,918.768765801));
#8547=CARTESIAN_POINT('',(-674.000938435,-4.71076223784,919.554861572));
#8548=CARTESIAN_POINT('',(-673.215540266,-4.71076223784,919.554861572));
#8549=CARTESIAN_POINT('',(-672.430129655,-4.55661554541,919.551702384));
#8550=CARTESIAN_POINT('',(-671.685145533,-4.24809045784,919.545379259));
#8551=CARTESIAN_POINT('',(-670.356384224,-3.35559135698,919.52708777));
#8552=CARTESIAN_POINT('',(-669.463704061,-2.0270995723,919.499860749));
#8553=CARTESIAN_POINT('',(-669.155116385,-1.28226656438,919.48459563));
#8554=CARTESIAN_POINT('',(-669.000938427,-0.497015268194,919.468502151));
#8555=CARTESIAN_POINT('',(-669.000938435,0.28822358581,919.452408928));
#8556=CARTESIAN_POINT('',(-674.000938435,-4.70034372658,920.027862703));
#8557=CARTESIAN_POINT('',(-673.215540269,-4.70034372658,920.027862703));
#8558=CARTESIAN_POINT('',(-672.43012966,-4.54620833805,920.024170558));
#8559=CARTESIAN_POINT('',(-671.685145541,-4.23770587528,920.016780716));
#8560=CARTESIAN_POINT('',(-670.356384235,-3.34527222304,919.995403437));
#8561=CARTESIAN_POINT('',(-669.463704071,-2.01687785803,919.963583192));
#8562=CARTESIAN_POINT('',(-669.155116393,-1.27209946909,919.945742835));
#8563=CARTESIAN_POINT('',(-669.000938431,-0.48690575513,919.926934372));
#8564=CARTESIAN_POINT('',(-669.000938435,0.298275518418,919.908126207));
#8565=CARTESIAN_POINT('',(-674.000938435,-4.65544557873,921.704795875));
#8566=CARTESIAN_POINT('',(-673.215540278,-4.65544557872,921.704795875));
#8567=CARTESIAN_POINT('',(-672.430129677,-4.50136626241,921.698962859));
#8568=CARTESIAN_POINT('',(-671.685145565,-4.19297602837,921.687288057));
#8569=CARTESIAN_POINT('',(-670.356384268,-3.30086702986,921.653515277));
#8570=CARTESIAN_POINT('',(-669.4637041,-1.97295591111,921.603244233));
#8571=CARTESIAN_POINT('',(-669.155116416,-1.22844845812,921.575059239));
#8572=CARTESIAN_POINT('',(-669.000938444,-0.443540380445,921.545344789));
#8573=CARTESIAN_POINT('',(-669.000938435,0.341355263938,921.51563081));
#8574=CARTESIAN_POINT('',(-674.000938435,-4.57716928168,923.407882549));
#8575=CARTESIAN_POINT('',(-673.215540256,-4.57716928169,923.407882549));
#8576=CARTESIAN_POINT('',(-672.430129635,-4.42321905315,923.399069576));
#8577=CARTESIAN_POINT('',(-671.685145505,-4.11508718866,923.381430385));
#8578=CARTESIAN_POINT('',(-670.356384185,-3.22372560152,923.330403861));
#8579=CARTESIAN_POINT('',(-669.463704026,-1.89692701876,923.254450488));
#8580=CARTESIAN_POINT('',(-669.155116358,-1.15304332388,923.211866424));
#8581=CARTESIAN_POINT('',(-669.000938411,-0.368792857478,923.16697154));
#8582=CARTESIAN_POINT('',(-669.000938435,0.415445179488,923.122077368));
#8583=CARTESIAN_POINT('',(-674.000938435,-4.49771999522,924.639811769));
#8584=CARTESIAN_POINT('',(-673.215540269,-4.49771999518,924.63981177));
#8585=CARTESIAN_POINT('',(-672.430129661,-4.34392123234,924.628529983));
#8586=CARTESIAN_POINT('',(-671.685145542,-4.036092527,924.60594945));
#8587=CARTESIAN_POINT('',(-670.356384236,-3.1456079153,924.540628652));
#8588=CARTESIAN_POINT('',(-669.463704072,-1.8201147121,924.443398139));
#8589=CARTESIAN_POINT('',(-669.155116394,-1.07696289025,924.388884822));
#8590=CARTESIAN_POINT('',(-669.000938432,-0.293484008825,924.331413344));
#8591=CARTESIAN_POINT('',(-669.000938435,0.489982459446,924.273942777));
#8592=CARTESIAN_POINT('',(-674.000938435,-4.1637515398,928.512443597));
#8593=CARTESIAN_POINT('',(-673.215540276,-4.16375153989,928.512443596));
#8594=CARTESIAN_POINT('',(-672.430129674,-4.01066672737,928.492845153));
#8595=CARTESIAN_POINT('',(-671.685145561,-3.70426699568,928.453618808));
#8596=CARTESIAN_POINT('',(-670.356384262,-2.81791610774,928.340145125));
#8597=CARTESIAN_POINT('',(-669.463704095,-1.49857598144,928.171238676));
#8598=CARTESIAN_POINT('',(-669.155116412,-0.758873946474,928.076539484));
#8599=CARTESIAN_POINT('',(-669.000938442,0.0209679472814,927.97670145));
#8600=CARTESIAN_POINT('',(-669.000938435,0.80079748753,927.876864997));
#8601=CARTESIAN_POINT('',(-674.000938435,-3.55975349615,932.37806879));
#8602=CARTESIAN_POINT('',(-673.215540262,-3.55975349596,932.378068792));
#8603=CARTESIAN_POINT('',(-672.430129646,-3.40803003719,932.349641052));
#8604=CARTESIAN_POINT('',(-671.68514552,-3.10435505957,932.292742838));
#8605=CARTESIAN_POINT('',(-670.356384207,-2.22588632167,932.128148102));
#8606=CARTESIAN_POINT('',(-669.463704045,-0.918278842295,931.883147568));
#8607=CARTESIAN_POINT('',(-669.155116373,-0.185154842292,931.74578542));
#8608=CARTESIAN_POINT('',(-669.00093842,0.587752056773,931.600969329));
#8609=CARTESIAN_POINT('',(-669.000938435,1.36064670786,931.456155532));
#8610=CARTESIAN_POINT('',(-674.000938435,-3.01961720806,934.94816717));
#8611=CARTESIAN_POINT('',(-673.215540298,-3.01961720828,934.948167169));
#8612=CARTESIAN_POINT('',(-672.430129717,-2.86902902098,934.914958749));
#8613=CARTESIAN_POINT('',(-671.685145622,-2.56762629238,934.848491992));
#8614=CARTESIAN_POINT('',(-670.356384347,-1.69573069622,934.656217449));
#8615=CARTESIAN_POINT('',(-669.463704169,-0.397907374583,934.370015311));
#8616=CARTESIAN_POINT('',(-669.155116472,0.329731038673,934.209553046));
#8617=CARTESIAN_POINT('',(-669.000938476,1.09685468442,934.04038331));
#8618=CARTESIAN_POINT('',(-669.000938435,1.86396618467,933.871216254));
#8619=CARTESIAN_POINT('',(-674.000938435,-2.42626911192,937.432654422));
#8620=CARTESIAN_POINT('',(-673.215540272,-2.42626911192,937.432654422));
#8621=CARTESIAN_POINT('',(-672.430129665,-2.27632376336,937.396775168));
#8622=CARTESIAN_POINT('',(-671.685145548,-1.97620767871,937.324962729));
#8623=CARTESIAN_POINT('',(-670.356384245,-1.10803407915,937.117224235));
#8624=CARTESIAN_POINT('',(-669.463704079,0.184249011513,936.808003885));
#8625=CARTESIAN_POINT('',(-669.1551164,0.908781231848,936.634636217));
#8626=CARTESIAN_POINT('',(-669.000938435,1.67263012142,936.451860769));
#8627=CARTESIAN_POINT('',(-669.000938435,2.43646690948,936.269088217));
#8628=CARTESIAN_POINT('',(-674.000938435,-1.84600826078,939.837722778));
#8629=CARTESIAN_POINT('',(-673.215540272,-1.84600826078,939.837722778));
#8630=CARTESIAN_POINT('',(-672.430129665,-1.69613072633,939.801562448));
#8631=CARTESIAN_POINT('',(-671.685145548,-1.39615037182,939.729187434));
#8632=CARTESIAN_POINT('',(-670.356384245,-0.528369411401,939.519821527));
#8633=CARTESIAN_POINT('',(-669.463704079,0.763329232858,939.208178761));
#8634=CARTESIAN_POINT('',(-669.1551164,1.48753377712,939.033452939));
#8635=CARTESIAN_POINT('',(-669.000938435,2.25103720931,938.849245638));
#8636=CARTESIAN_POINT('',(-669.000938435,3.01452854546,938.665041255));
#8637=CARTESIAN_POINT('',(-674.000938435,-4.75210059646,916.306540543));
#8638=CARTESIAN_POINT('',(-674.000938435,-5.61600623159,820.477068774));
#8639=CARTESIAN_POINT('',(-674.000938435,-6.27119230568,724.645715056));
#8640=CARTESIAN_POINT('',(-674.000938435,-6.71765140382,628.811570574));
#8641=CARTESIAN_POINT('',(-674.000938435,-7.07424291635,485.05826512));
#8642=CARTESIAN_POINT('',(-674.000938435,-6.96118766791,341.30489396));
#8643=CARTESIAN_POINT('',(-674.000938435,-6.87131955282,293.387266684));
#8644=CARTESIAN_POINT('',(-674.000938435,-6.65824311634,221.51132277));
#8645=CARTESIAN_POINT('',(-674.000938435,-6.32775634104,149.636333263));
#8646=CARTESIAN_POINT('',(-674.000938435,-6.20454854812,125.678121079));
#8647=CARTESIAN_POINT('',(-674.000938435,-6.00016867136,89.7409896204));
#8648=CARTESIAN_POINT('',(-674.000938435,-5.76643672663,53.8041381577));
#8649=CARTESIAN_POINT('',(-674.000938435,-5.68526474933,41.8252187677));
#8650=CARTESIAN_POINT('',(-674.000938435,-5.536530219,20.7236565713));
#8651=CARTESIAN_POINT('',(-674.000938435,-5.37767553392,-0.37781349979));
#8652=CARTESIAN_POINT('',(-674.000938435,-5.30710765386,-9.50043033101));
#8653=CARTESIAN_POINT('',(-674.000938435,-5.21196202741,-21.479223451));
#8654=CARTESIAN_POINT('',(-674.000938435,-5.11355513356,-33.4579899911));
#8655=CARTESIAN_POINT('',(-674.000938435,-5.08988894331,-36.3160079995));
#8656=CARTESIAN_POINT('',(-674.000938435,-5.06600994972,-39.1771021429));
#8657=CARTESIAN_POINT('',(-674.000938435,-5.04191270382,-42.0420537802));
#8658=CARTESIAN_POINT('',(-674.000938435,-4.75210059646,916.306540543));
#8659=CARTESIAN_POINT('',(-673.215540272,-4.75210059646,916.306540543));
#8660=CARTESIAN_POINT('',(-672.430129665,-4.59792889644,916.305150681));
#8661=CARTESIAN_POINT('',(-671.685145548,-4.28935375608,916.302368866));
#8662=CARTESIAN_POINT('',(-670.356384245,-3.39670986248,916.294321654));
#8663=CARTESIAN_POINT('',(-669.463704079,-2.06800255064,916.282343317));
#8664=CARTESIAN_POINT('',(-669.1551164,-1.3230487044,916.275627535));
#8665=CARTESIAN_POINT('',(-669.000938435,-0.537670011412,916.268547322));
#8666=CARTESIAN_POINT('',(-669.000938435,0.24769623897,916.261467221));
#8667=CARTESIAN_POINT('',(-674.000938435,-5.61600623159,820.477068774));
#8668=CARTESIAN_POINT('',(-673.215540272,-5.61600623159,820.477068774));
#8669=CARTESIAN_POINT('',(-672.430129665,-5.46183210983,820.475947544));
#8670=CARTESIAN_POINT('',(-671.685145548,-5.15325212237,820.473703399));
#8671=CARTESIAN_POINT('',(-670.356384245,-4.26059420711,820.467211551));
#8672=CARTESIAN_POINT('',(-669.463704079,-2.93186602392,820.457548387));
#8673=CARTESIAN_POINT('',(-669.1551164,-2.18690047593,820.452130631));
#8674=CARTESIAN_POINT('',(-669.000938435,-1.4015094462,820.446418881));
#8675=CARTESIAN_POINT('',(-669.000938435,-0.616130859276,820.440707222));
#8676=CARTESIAN_POINT('',(-674.000938435,-6.27119230568,724.645715056));
#8677=CARTESIAN_POINT('',(-673.215540272,-6.27119230519,724.64571511));
#8678=CARTESIAN_POINT('',(-672.430129666,-6.1170163464,724.644862571));
#8679=CARTESIAN_POINT('',(-671.685145549,-5.80843268264,724.643156157));
#8680=CARTESIAN_POINT('',(-670.356384246,-4.91576413305,724.638219797));
#8681=CARTESIAN_POINT('',(-669.46370408,-3.58702012116,724.630871913));
#8682=CARTESIAN_POINT('',(-669.1551164,-2.84204569874,724.626752231));
#8683=CARTESIAN_POINT('',(-669.000938435,-2.05664531304,724.622408982));
#8684=CARTESIAN_POINT('',(-669.000938435,-1.27125737032,724.618065793));
#8685=CARTESIAN_POINT('',(-674.000938435,-6.71765140382,628.811570574));
#8686=CARTESIAN_POINT('',(-673.215540272,-6.71765140312,628.811570656));
#8687=CARTESIAN_POINT('',(-672.430129666,-6.56347419264,628.810986791));
#8688=CARTESIAN_POINT('',(-671.685145549,-6.25488802384,628.809818099));
#8689=CARTESIAN_POINT('',(-670.356384246,-5.36221222791,628.806437227));
#8690=CARTESIAN_POINT('',(-669.46370408,-4.03345743002,628.80140466));
#8691=CARTESIAN_POINT('',(-669.155116401,-3.28847696033,628.798583078));
#8692=CARTESIAN_POINT('',(-669.000938436,-2.50307019924,628.795608366));
#8693=CARTESIAN_POINT('',(-669.000938435,-1.71767588123,628.792633684));
#8694=CARTESIAN_POINT('',(-674.000938435,-7.07424291635,485.05826512));
#8695=CARTESIAN_POINT('',(-673.215540272,-7.0742429157,485.058265203));
#8696=CARTESIAN_POINT('',(-672.430129666,-6.92006470566,485.058084315));
#8697=CARTESIAN_POINT('',(-671.685145549,-6.61147653619,485.057722178));
#8698=CARTESIAN_POINT('',(-670.356384246,-5.71879495269,485.056674503));
#8699=CARTESIAN_POINT('',(-669.46370408,-4.39003153989,485.055114916));
#8700=CARTESIAN_POINT('',(-669.155116401,-3.64504624016,485.054240497));
#8701=CARTESIAN_POINT('',(-669.000938436,-2.8596343869,485.053318609));
#8702=CARTESIAN_POINT('',(-669.000938435,-2.07423497678,485.052396719));
#8703=CARTESIAN_POINT('',(-674.000938435,-6.96118766791,341.30489396));
#8704=CARTESIAN_POINT('',(-673.215540272,-6.96118766754,341.304894014));
#8705=CARTESIAN_POINT('',(-672.430129666,-6.80700977465,341.30511607));
#8706=CARTESIAN_POINT('',(-671.685145549,-6.49842223966,341.305560459));
#8707=CARTESIAN_POINT('',(-670.356384246,-5.60574249129,341.306845929));
#8708=CARTESIAN_POINT('',(-669.46370408,-4.27698180978,341.308759288));
#8709=CARTESIAN_POINT('',(-669.1551164,-3.53199804131,341.309832019));
#8710=CARTESIAN_POINT('',(-669.000938435,-2.74658780239,341.310962951));
#8711=CARTESIAN_POINT('',(-669.000938435,-1.96119000656,341.312093854));
#8712=CARTESIAN_POINT('',(-674.000938435,-6.87131955282,293.387266684));
#8713=CARTESIAN_POINT('',(-673.215540272,-6.87131955255,293.387266725));
#8714=CARTESIAN_POINT('',(-672.430129665,-6.71714191167,293.387623094));
#8715=CARTESIAN_POINT('',(-671.685145549,-6.40855488095,293.388336323));
#8716=CARTESIAN_POINT('',(-670.356384246,-5.51587659126,293.390399502));
#8717=CARTESIAN_POINT('',(-669.46370408,-4.18711808086,293.393470503));
#8718=CARTESIAN_POINT('',(-669.1551164,-3.44213552963,293.395192282));
#8719=CARTESIAN_POINT('',(-669.000938435,-2.65672657399,293.397007484));
#8720=CARTESIAN_POINT('',(-669.000938435,-1.87133006143,293.398822649));
#8721=CARTESIAN_POINT('',(-674.000938435,-6.65824311634,221.51132277));
#8722=CARTESIAN_POINT('',(-673.215540272,-6.65824311621,221.511322795));
#8723=CARTESIAN_POINT('',(-672.430129665,-6.50406607273,221.511880632));
#8724=CARTESIAN_POINT('',(-671.685145548,-6.19548023758,221.512997118));
#8725=CARTESIAN_POINT('',(-670.356384245,-5.30280540629,221.516226854));
#8726=CARTESIAN_POINT('',(-669.463704079,-3.97405204359,221.521034308));
#8727=CARTESIAN_POINT('',(-669.1551164,-3.22907237846,221.523729651));
#8728=CARTESIAN_POINT('',(-669.000938435,-2.44366646552,221.526571252));
#8729=CARTESIAN_POINT('',(-669.000938435,-1.6582729956,221.529412804));
#8730=CARTESIAN_POINT('',(-674.000938435,-6.32775634104,149.636333263));
#8731=CARTESIAN_POINT('',(-673.215540272,-6.32775634099,149.636333275));
#8732=CARTESIAN_POINT('',(-672.430129665,-6.173580224,149.637092582));
#8733=CARTESIAN_POINT('',(-671.685145548,-5.86499624314,149.638612324));
#8734=CARTESIAN_POINT('',(-670.356384245,-4.97232677584,149.64300861));
#8735=CARTESIAN_POINT('',(-669.463704079,-3.64358139739,149.649552499));
#8736=CARTESIAN_POINT('',(-669.1551164,-2.8986062087,149.653221397));
#8737=CARTESIAN_POINT('',(-669.000938435,-2.11320501511,149.657089384));
#8738=CARTESIAN_POINT('',(-669.000938435,-1.32781626448,149.660957308));
#8739=CARTESIAN_POINT('',(-674.000938435,-6.20454854812,125.678121079));
#8740=CARTESIAN_POINT('',(-673.215540272,-6.2045485481,125.678121087));
#8741=CARTESIAN_POINT('',(-672.430129665,-6.0503727765,125.678947551));
#8742=CARTESIAN_POINT('',(-671.685145548,-5.74178948693,125.680601712));
#8743=CARTESIAN_POINT('',(-670.356384245,-4.84912201935,125.685386847));
#8744=CARTESIAN_POINT('',(-669.463704079,-3.52037961749,125.692509545));
#8745=CARTESIAN_POINT('',(-669.1551164,-2.77540609765,125.696502959));
#8746=CARTESIAN_POINT('',(-669.000938435,-1.99000666348,125.700713074));
#8747=CARTESIAN_POINT('',(-669.000938435,-1.20461967223,125.70492312));
#8748=CARTESIAN_POINT('',(-674.000938435,-6.00016867136,89.7409896204));
#8749=CARTESIAN_POINT('',(-673.215540272,-6.00016867136,89.740989625));
#8750=CARTESIAN_POINT('',(-672.430129665,-5.8459934727,89.7419168249));
#8751=CARTESIAN_POINT('',(-671.685145548,-5.53741132984,89.7437726137));
#8752=CARTESIAN_POINT('',(-670.356384245,-4.64474717945,89.7491410212));
#8753=CARTESIAN_POINT('',(-669.463704079,-3.31600971523,89.7571319309));
#8754=CARTESIAN_POINT('',(-669.1551164,-2.57103896373,89.761612118));
#8755=CARTESIAN_POINT('',(-669.000938435,-1.78564244812,89.766335421));
#8756=CARTESIAN_POINT('',(-669.000938435,-1.00025837539,89.7710586483));
#8757=CARTESIAN_POINT('',(-674.000938435,-5.76643672663,53.8041381577));
#8758=CARTESIAN_POINT('',(-673.215540272,-5.76643672663,53.8041381597));
#8759=CARTESIAN_POINT('',(-672.430129665,-5.61226218318,53.8051660967));
#8760=CARTESIAN_POINT('',(-671.685145548,-5.30368135171,53.8072235135));
#8761=CARTESIAN_POINT('',(-670.356384245,-4.4110209949,53.8131751918));
#8762=CARTESIAN_POINT('',(-669.463704079,-3.08228917745,53.8220343078));
#8763=CARTESIAN_POINT('',(-669.1551164,-2.33732159188,53.8270012646));
#8764=CARTESIAN_POINT('',(-669.000938435,-1.55192841399,53.8322377525));
#8765=CARTESIAN_POINT('',(-669.000938435,-0.766547678928,53.8374741569));
#8766=CARTESIAN_POINT('',(-674.000938435,-5.68526474933,41.8252187677));
#8767=CARTESIAN_POINT('',(-673.215540272,-5.68526474933,41.8252187692));
#8768=CARTESIAN_POINT('',(-672.430129665,-5.53109043343,41.8262802852));
#8769=CARTESIAN_POINT('',(-671.685145548,-5.2225100574,41.8284049114));
#8770=CARTESIAN_POINT('',(-670.356384245,-4.32985101804,41.834551013));
#8771=CARTESIAN_POINT('',(-669.463704079,-3.00112116164,41.8436995306));
#8772=CARTESIAN_POINT('',(-669.1551164,-2.25615467555,41.8488287437));
#8773=CARTESIAN_POINT('',(-669.000938435,-1.47076265681,41.8542362927));
#8774=CARTESIAN_POINT('',(-669.000938435,-0.68538308088,41.8596437557));
#8775=CARTESIAN_POINT('',(-674.000938435,-5.536530219,20.7236565713));
#8776=CARTESIAN_POINT('',(-673.215540272,-5.53653021901,20.7236565718));
#8777=CARTESIAN_POINT('',(-672.430129665,-5.38235632004,20.7247772397));
#8778=CARTESIAN_POINT('',(-671.685145548,-5.0737767785,20.7270202593));
#8779=CARTESIAN_POINT('',(-670.356384245,-4.18112015319,20.7335088495));
#8780=CARTESIAN_POINT('',(-669.463704079,-2.85239389009,20.7431671651));
#8781=CARTESIAN_POINT('',(-669.1551164,-2.10742941863,20.748582202));
#8782=CARTESIAN_POINT('',(-669.000938435,-1.32203952384,20.7542910853));
#8783=CARTESIAN_POINT('',(-669.000938435,-0.53666207183,20.759999878));
#8784=CARTESIAN_POINT('',(-674.000938435,-5.37767553392,-0.37781349979));
#8785=CARTESIAN_POINT('',(-673.215540272,-5.37767553392,-0.377813499644));
#8786=CARTESIAN_POINT('',(-672.430129665,-5.22350208026,-0.376633679792));
#8787=CARTESIAN_POINT('',(-671.685145548,-4.91492343,-0.374272266816));
#8788=CARTESIAN_POINT('',(-670.356384245,-4.02226938298,-0.367441188905));
#8789=CARTESIAN_POINT('',(-669.463704079,-2.6935469577,-0.357273077015));
#8790=CARTESIAN_POINT('',(-669.1551164,-1.94858463794,-0.351572217279));
#8791=CARTESIAN_POINT('',(-669.000938435,-1.16319701162,-0.345562000986));
#8792=CARTESIAN_POINT('',(-669.000938435,-0.377821828051,-0.33955187994));
#8793=CARTESIAN_POINT('',(-674.000938435,-5.30710765386,-9.50043033101));
#8794=CARTESIAN_POINT('',(-673.215540272,-5.30710765386,-9.50043033098));
#8795=CARTESIAN_POINT('',(-672.430129665,-5.15293439802,-9.49922493839));
#8796=CARTESIAN_POINT('',(-671.685145548,-4.8443561437,-9.49681234139));
#8797=CARTESIAN_POINT('',(-670.356384245,-3.95170324203,-9.48983319857));
#8798=CARTESIAN_POINT('',(-669.463704079,-2.62298252161,-9.47944469078));
#8799=CARTESIAN_POINT('',(-669.1551164,-1.87802115771,-9.47362026371));
#8800=CARTESIAN_POINT('',(-669.000938435,-1.09263453911,-9.46747977469));
#8801=CARTESIAN_POINT('',(-669.000938435,-0.30726036325,-9.46133938296));
#8802=CARTESIAN_POINT('',(-674.000938435,-5.21196202741,-21.479223451));
#8803=CARTESIAN_POINT('',(-673.215540272,-5.21196202741,-21.479223451));
#8804=CARTESIAN_POINT('',(-672.430129665,-5.05778903828,-21.477984479));
#8805=CARTESIAN_POINT('',(-671.685145548,-4.74921131779,-21.4755046728));
#8806=CARTESIAN_POINT('',(-670.356384245,-3.85655996038,-21.4683311077));
#8807=CARTESIAN_POINT('',(-669.463704079,-2.52784153862,-21.4576532007));
#8808=CARTESIAN_POINT('',(-669.1551164,-1.78288146348,-21.451666519));
#8809=CARTESIAN_POINT('',(-669.000938435,-0.99749620358,-21.4453549705));
#8810=CARTESIAN_POINT('',(-669.000938435,-0.212123386392,-21.439043522));
#8811=CARTESIAN_POINT('',(-674.000938435,-5.11355513356,-33.4579899911));
#8812=CARTESIAN_POINT('',(-673.215540272,-5.11355513356,-33.4579899911));
#8813=CARTESIAN_POINT('',(-672.430129665,-4.95938242029,-33.4567174399));
#8814=CARTESIAN_POINT('',(-671.685145548,-4.65080525193,-33.4541704246));
#8815=CARTESIAN_POINT('',(-670.356384245,-3.75815549172,-33.4468024375));
#8816=CARTESIAN_POINT('',(-669.463704079,-2.4294394474,-33.4358351319));
#8817=CARTESIAN_POINT('',(-669.1551164,-1.6844807052,-33.4296861957));
#8818=CARTESIAN_POINT('',(-669.000938435,-0.899096850567,-33.4232035882));
#8819=CARTESIAN_POINT('',(-669.000938435,-0.113725438626,-33.4167210833));
#8820=CARTESIAN_POINT('',(-674.000938435,-5.08988894331,-36.3160079995));
#8821=CARTESIAN_POINT('',(-673.215540272,-5.08988894331,-36.3160079995));
#8822=CARTESIAN_POINT('',(-672.430129665,-4.93571629612,-36.3147274662));
#8823=CARTESIAN_POINT('',(-671.685145548,-4.62713926002,-36.3121644749));
#8824=CARTESIAN_POINT('',(-670.356384245,-3.73448988242,-36.3047502726));
#8825=CARTESIAN_POINT('',(-669.463704079,-2.40577440762,-36.2937141753));
#8826=CARTESIAN_POINT('',(-669.1551164,-1.66081598473,-36.2875266703));
#8827=CARTESIAN_POINT('',(-669.000938435,-0.875432466735,-36.281003401));
#8828=CARTESIAN_POINT('',(-669.000938435,-0.0900613914238,-36.2744802351));
#8829=CARTESIAN_POINT('',(-674.000938435,-5.06600994972,-39.1771021429));
#8830=CARTESIAN_POINT('',(-673.215540272,-5.06600994972,-39.1771021429));
#8831=CARTESIAN_POINT('',(-672.430129665,-4.91183736873,-39.1758136732));
#8832=CARTESIAN_POINT('',(-671.685145548,-4.60326046514,-39.1732347972));
#8833=CARTESIAN_POINT('',(-670.356384245,-3.71061147084,-39.1657746435));
#8834=CARTESIAN_POINT('',(-669.463704079,-2.38189656659,-39.1546701473));
#8835=CARTESIAN_POINT('',(-669.1551164,-1.63693846358,-39.1484442938));
#8836=CARTESIAN_POINT('',(-669.000938435,-0.851555282823,-39.1418805949));
#8837=CARTESIAN_POINT('',(-669.000938435,-0.0661845447475,-39.135317));
#8838=CARTESIAN_POINT('',(-674.000938435,-5.04191270382,-42.0420537802));
#8839=CARTESIAN_POINT('',(-673.215540272,-5.04191270382,-42.0420537802));
#8840=CARTESIAN_POINT('',(-672.430129665,-4.88774018899,-42.0407574375));
#8841=CARTESIAN_POINT('',(-671.685145548,-4.5791634178,-42.0381628037));
#8842=CARTESIAN_POINT('',(-670.356384245,-3.68651480653,-42.0306570661));
#8843=CARTESIAN_POINT('',(-669.463704079,-2.35780047241,-42.0194847179));
#8844=CARTESIAN_POINT('',(-669.1551164,-1.61284268905,-42.0132208224));
#8845=CARTESIAN_POINT('',(-669.000938435,-0.827459845288,-42.0066170172));
#8846=CARTESIAN_POINT('',(-669.000938435,-0.042089444203,-42.0000133167));
#8847=CARTESIAN_POINT('',(-1226.00093843,-4.7520445816112,916.306540038024));
#8848=CARTESIAN_POINT('',(-1153.48114294299,-4.75204458161098,916.306540038024));
#8849=CARTESIAN_POINT('',(-1080.96134745989,-4.7520445816067,916.306540038024));
#8850=CARTESIAN_POINT('',(-1008.44155197473,-4.75204458160116,916.306540038024));
#8851=CARTESIAN_POINT('',(-935.921756488509,-4.75204458160043,916.306540038024));
#8852=CARTESIAN_POINT('',(-863.401961002,-4.75204458160275,916.306540038024));
#8853=CARTESIAN_POINT('',(-799.883108079,-4.75204458160557,916.306540038024));
#8854=CARTESIAN_POINT('',(-774.706674150181,-4.75204458160694,916.306540038024));
#8855=CARTESIAN_POINT('',(-749.530240221368,-4.75204458160847,916.306540038024));
#8856=CARTESIAN_POINT('',(-724.353806292578,-4.75204458160995,916.306540038024));
#8857=CARTESIAN_POINT('',(-699.177372363809,-4.75204458161104,916.306540038024));
#8858=CARTESIAN_POINT('',(-674.000938434998,-4.7520445816112,916.306540038024));
#8859=CARTESIAN_POINT('',(-674.000938435,-4.75210059646,916.306540543));
#8860=CARTESIAN_POINT('',(-1226.00093843,-4.75210059646,916.306540543));
#8861=CARTESIAN_POINT('',(-674.000938435,-7.63182725454,596.870396983));
#8862=CARTESIAN_POINT('',(-1226.00093843,-7.63182725454,596.870396983));
#8863=CARTESIAN_POINT('',(-674.000938435,-7.72844857925,277.396619255));
#8864=CARTESIAN_POINT('',(-1226.00093843,-7.72844857925,277.396619255));
#8865=CARTESIAN_POINT('',(-674.000938435,-5.04192057308,-42.0420492768));
#8866=CARTESIAN_POINT('',(-1226.00093843,-5.04192057308,-42.0420492768));
#8867=CARTESIAN_POINT('',(-674.000938434997,-1.84600826078165,939.837722777994));
#8868=CARTESIAN_POINT('',(-784.400938433581,-1.84600826078427,939.837722777994));
#8869=CARTESIAN_POINT('',(-894.800938431227,-1.84600826085452,939.837722777994));
#8870=CARTESIAN_POINT('',(-1005.20093842891,-1.8460082606497,939.837722777994));
#8871=CARTESIAN_POINT('',(-1115.60093842942,-1.84600826077682,939.837722777994));
#8872=CARTESIAN_POINT('',(-1226.00093843,-1.84600826078148,939.837722777994));
#8873=CARTESIAN_POINT('',(-1230.99975788,-1.84600826078,939.837722778));
#8874=CARTESIAN_POINT('',(-1118.59952747,-1.84600826078,939.837722778));
#8875=CARTESIAN_POINT('',(-1006.19929706,-1.84600826064,939.837722778));
#8876=CARTESIAN_POINT('',(-893.799066653,-1.84600826086,939.837722778));
#8877=CARTESIAN_POINT('',(-781.398836246,-1.84600826078,939.837722778));
#8878=CARTESIAN_POINT('',(-668.998605838,-1.84600826078,939.837722778));
#8879=CARTESIAN_POINT('',(-1231.000669,-2.96739614637,935.189788123));
#8880=CARTESIAN_POINT('',(-1118.6004386,-2.96739614638,935.189788123));
#8881=CARTESIAN_POINT('',(-1006.20020819,-2.96739614624,935.189788123));
#8882=CARTESIAN_POINT('',(-893.799977781,-2.96739614647,935.189788123));
#8883=CARTESIAN_POINT('',(-781.399747373,-2.96739614639,935.189788123));
#8884=CARTESIAN_POINT('',(-668.999516965,-2.9673961464,935.189788123));
#8885=CARTESIAN_POINT('',(-1231.00150043,-4.06329866648,930.555129174));
#8886=CARTESIAN_POINT('',(-1118.60127273,-4.06329866648,930.555129174));
#8887=CARTESIAN_POINT('',(-1006.20104503,-4.06329866638,930.555129174));
#8888=CARTESIAN_POINT('',(-893.800817333,-4.06329866652,930.555129174));
#8889=CARTESIAN_POINT('',(-781.400589633,-4.06329866648,930.555129174));
#8890=CARTESIAN_POINT('',(-669.000361932,-4.06329866648,930.555129174));
#8891=CARTESIAN_POINT('',(-1231.00209302,-4.66547742825,925.849896686));
#8892=CARTESIAN_POINT('',(-1118.60186671,-4.66547742825,925.849896686));
#8893=CARTESIAN_POINT('',(-1006.20164039,-4.66547742819,925.849896685));
#8894=CARTESIAN_POINT('',(-893.801414075,-4.66547742826,925.849896686));
#8895=CARTESIAN_POINT('',(-781.401187759,-4.66547742825,925.849896686));
#8896=CARTESIAN_POINT('',(-669.000961443,-4.66547742825,925.849896686));
#8897=CARTESIAN_POINT('',(-1231.00208484,-4.70894163271,921.087771526));
#8898=CARTESIAN_POINT('',(-1118.60186206,-4.70894163272,921.087771526));
#8899=CARTESIAN_POINT('',(-1006.20163929,-4.70894163269,921.087771526));
#8900=CARTESIAN_POINT('',(-893.801416507,-4.70894163269,921.087771526));
#8901=CARTESIAN_POINT('',(-781.401193729,-4.70894163271,921.087771526));
#8902=CARTESIAN_POINT('',(-669.00097095,-4.70894163271,921.087771526));
#8903=CARTESIAN_POINT('',(-1231.00208484,-4.75204463773,916.306533813));
#8904=CARTESIAN_POINT('',(-1118.60186206,-4.75204463773,916.306533813));
#8905=CARTESIAN_POINT('',(-1006.20163929,-4.75204463772,916.306533813));
#8906=CARTESIAN_POINT('',(-893.801416507,-4.75204463771,916.306533813));
#8907=CARTESIAN_POINT('',(-781.401193729,-4.75204463773,916.306533813));
#8908=CARTESIAN_POINT('',(-669.00097095,-4.75204463773,916.306533813));
#8909=CARTESIAN_POINT('',(-1226.00093843,39.8767190039077,1079.01217372094));
#8910=CARTESIAN_POINT('',(-1115.60093842943,39.8767190039077,1079.01217372094));
#8911=CARTESIAN_POINT('',(-1005.20093842893,39.8767190039077,1079.01217372094));
#8912=CARTESIAN_POINT('',(-894.800938431238,39.8767190039077,1079.01217372094));
#8913=CARTESIAN_POINT('',(-784.400938432663,39.8767190039077,1079.01217372094));
#8914=CARTESIAN_POINT('',(-674.000938435002,39.8767190039077,1079.01217372094));
#8915=CARTESIAN_POINT('',(-1226.00093843,39.87676259,1079.01215803));
#8916=CARTESIAN_POINT('',(-673.973441728,39.87676259,1079.01215803));
#8917=CARTESIAN_POINT('',(-1226.010058,23.4190988073,1033.29627739));
#8918=CARTESIAN_POINT('',(-673.982561296,23.4190988073,1033.29627739));
#8919=CARTESIAN_POINT('',(-1226.01922958,9.48394389274,986.798111828));
#8920=CARTESIAN_POINT('',(-673.991732869,9.48394389274,986.798111828));
#8921=CARTESIAN_POINT('',(-1226.02843514,-1.84598756042,939.837749834));
#8922=CARTESIAN_POINT('',(-674.000938435,-1.84598756042,939.837749834));
#8923=CARTESIAN_POINT('',(-669.00097095,59.7790527744,1093.00003052));
#8924=CARTESIAN_POINT('',(-669.00097095,54.0861317965,1093.00003052));
#8925=CARTESIAN_POINT('',(-669.000954237,48.3974013594,1093.00004884));
#8926=CARTESIAN_POINT('',(-668.968977085,43.7600219475,1089.71073999));
#8927=CARTESIAN_POINT('',(-668.970071509,41.8049981786,1084.36852209));
#8928=CARTESIAN_POINT('',(-668.971140018,39.8767090244,1079.012146));
#8929=CARTESIAN_POINT('',(-781.401193729,59.7790527744,1093.00003052));
#8930=CARTESIAN_POINT('',(-781.401193729,54.0861317965,1093.00003052));
#8931=CARTESIAN_POINT('',(-781.401166601,48.3974013594,1093.00004884));
#8932=CARTESIAN_POINT('',(-781.369225747,43.7600219475,1089.71073999));
#8933=CARTESIAN_POINT('',(-781.370301916,41.804998179,1084.36852209));
#8934=CARTESIAN_POINT('',(-781.371370425,39.8767090244,1079.012146));
#8935=CARTESIAN_POINT('',(-893.801416507,59.7790527745,1093.00003052));
#8936=CARTESIAN_POINT('',(-893.801416507,54.0861317965,1093.00003052));
#8937=CARTESIAN_POINT('',(-893.801378966,48.3974013594,1093.00004884));
#8938=CARTESIAN_POINT('',(-893.769474409,43.7600219475,1089.71073999));
#8939=CARTESIAN_POINT('',(-893.770532324,41.8049981795,1084.36852209));
#8940=CARTESIAN_POINT('',(-893.771600833,39.8767090244,1079.012146));
#8941=CARTESIAN_POINT('',(-1006.20163929,59.7790527743,1093.00003052));
#8942=CARTESIAN_POINT('',(-1006.20163929,54.0861317964,1093.00003052));
#8943=CARTESIAN_POINT('',(-1006.20159133,48.3974013593,1093.00004884));
#8944=CARTESIAN_POINT('',(-1006.16972307,43.7600219475,1089.71073999));
#8945=CARTESIAN_POINT('',(-1006.17076273,41.80499818,1084.36852209));
#8946=CARTESIAN_POINT('',(-1006.17183124,39.8767090244,1079.012146));
#8947=CARTESIAN_POINT('',(-1118.60186206,59.7790527744,1093.00003052));
#8948=CARTESIAN_POINT('',(-1118.60186206,54.0861317965,1093.00003052));
#8949=CARTESIAN_POINT('',(-1118.60180369,48.3974013594,1093.00004884));
#8950=CARTESIAN_POINT('',(-1118.56997173,43.7600219475,1089.71073999));
#8951=CARTESIAN_POINT('',(-1118.57099314,41.8049981804,1084.36852209));
#8952=CARTESIAN_POINT('',(-1118.57206165,39.8767090244,1079.012146));
#8953=CARTESIAN_POINT('',(-1231.00208484,59.7790527744,1093.00003052));
#8954=CARTESIAN_POINT('',(-1231.00208484,54.0861317965,1093.00003052));
#8955=CARTESIAN_POINT('',(-1231.00201606,48.3974013594,1093.00004884));
#8956=CARTESIAN_POINT('',(-1230.97022039,43.7600219475,1089.71073999));
#8957=CARTESIAN_POINT('',(-1230.97122355,41.8049981808,1084.36852209));
#8958=CARTESIAN_POINT('',(-1230.97229206,39.8767090244,1079.012146));
#8959=MECHANICAL_DESIGN_GEOMETRIC_PRESENTATION_REPRESENTATION('',(#24),
#8960);
#8960=(
GEOMETRIC_REPRESENTATION_CONTEXT(3)
GLOBAL_UNCERTAINTY_ASSIGNED_CONTEXT((#8961))
GLOBAL_UNIT_ASSIGNED_CONTEXT((#8967,#8963,#8962))
REPRESENTATION_CONTEXT('E23) 110982-02723 DOOR,SIDE;LH FRT',
'TOP_LEVEL_ASSEMBLY_PART')
);
#8961=UNCERTAINTY_MEASURE_WITH_UNIT(LENGTH_MEASURE(0.0508),#8967,
'DISTANCE_ACCURACY_VALUE','Maximum Tolerance applied to model');
#8962=(
NAMED_UNIT(*)
SI_UNIT($,.STERADIAN.)
SOLID_ANGLE_UNIT()
);
#8963=(
CONVERSION_BASED_UNIT('DEGREE',#8965)
NAMED_UNIT(#8964)
PLANE_ANGLE_UNIT()
);
#8964=DIMENSIONAL_EXPONENTS(0.,0.,0.,0.,0.,0.,0.);
#8965=PLANE_ANGLE_MEASURE_WITH_UNIT(PLANE_ANGLE_MEASURE(0.0174532925),#8966);
#8966=(
NAMED_UNIT(*)
PLANE_ANGLE_UNIT()
SI_UNIT($,.RADIAN.)
);
#8967=(
LENGTH_UNIT()
NAMED_UNIT(*)
SI_UNIT(.MILLI.,.METRE.)
);
ENDSEC;
END-ISO-10303-21;
